datetime,count
2011-01-20 00:00:00,9.755058
2011-01-20 01:00:00,6.387986
2011-01-20 02:00:00,6.2834682
2011-01-20 03:00:00,2.1572175
2011-01-20 04:00:00,2.0915766
2011-01-20 05:00:00,3.2272556
2011-01-20 06:00:00,34.34591
2011-01-20 07:00:00,83.47078
2011-01-20 08:00:00,187.23253
2011-01-20 09:00:00,99.979
2011-01-20 10:00:00,61.067467
2011-01-20 11:00:00,65.82488
2011-01-20 12:00:00,71.7892
2011-01-20 13:00:00,66.77114
2011-01-20 14:00:00,71.454346
2011-01-20 15:00:00,78.7162
2011-01-20 16:00:00,90.59043
2011-01-20 17:00:00,186.88129
2011-01-20 18:00:00,179.78596
2011-01-20 19:00:00,101.51686
2011-01-20 20:00:00,57.54226
2011-01-20 21:00:00,51.466934
2011-01-20 22:00:00,54.443775
2011-01-20 23:00:00,23.895845
2011-01-21 00:00:00,21.60067
2011-01-21 01:00:00,6.3980374
2011-01-21 02:00:00,4.779358
2011-01-21 03:00:00,2.9727705
2011-01-21 04:00:00,5.183969
2011-01-21 05:00:00,2.8827422
2011-01-21 06:00:00,31.969913
2011-01-21 07:00:00,63.34983
2011-01-21 08:00:00,126.662315
2011-01-21 09:00:00,56.84527
2011-01-21 10:00:00,31.830738
2011-01-21 11:00:00,66.7317
2011-01-21 12:00:00,82.55732
2011-01-21 13:00:00,49.50003
2011-01-21 14:00:00,44.202686
2011-01-21 15:00:00,48.357788
2011-01-21 16:00:00,57.241272
2011-01-21 17:00:00,90.19808
2011-01-21 18:00:00,80.058815
2011-01-21 19:00:00,58.25276
2011-01-21 20:00:00,33.951195
2011-01-21 21:00:00,34.78678
2011-01-21 22:00:00,37.751663
2011-01-21 23:00:00,18.662186
2011-01-22 00:00:00,22.62729
2011-01-22 01:00:00,16.647528
2011-01-22 02:00:00,13.983037
2011-01-22 03:00:00,8.581239
2011-01-22 04:00:00,2.674482
2011-01-22 06:00:00,5.2308254
2011-01-22 07:00:00,9.377992
2011-01-22 08:00:00,15.6226225
2011-01-22 09:00:00,17.496109
2011-01-22 10:00:00,27.242096
2011-01-22 11:00:00,26.774336
2011-01-22 12:00:00,52.14446
2011-01-22 13:00:00,62.19595
2011-01-22 14:00:00,55.195316
2011-01-22 15:00:00,62.76496
2011-01-22 16:00:00,57.080032
2011-01-22 17:00:00,73.7821
2011-01-22 18:00:00,41.30389
2011-01-22 19:00:00,37.158615
2011-01-22 20:00:00,25.610365
2011-01-22 21:00:00,30.75167
2011-01-22 22:00:00,36.82595
2011-01-22 23:00:00,16.945187
2011-01-23 00:00:00,20.886908
2011-01-23 01:00:00,16.823864
2011-01-23 02:00:00,10.746559
2011-01-23 03:00:00,8.206776
2011-01-23 05:00:00,2.647507
2011-01-23 06:00:00,3.132685
2011-01-23 07:00:00,7.5980096
2011-01-23 08:00:00,12.170175
2011-01-23 09:00:00,20.8388
2011-01-23 10:00:00,34.422874
2011-01-23 11:00:00,52.994995
2011-01-23 12:00:00,50.38199
2011-01-23 13:00:00,48.43224
2011-01-23 14:00:00,45.83719
2011-01-23 15:00:00,54.182262
2011-01-23 16:00:00,52.255722
2011-01-23 17:00:00,50.0938
2011-01-23 18:00:00,45.520947
2011-01-23 19:00:00,34.36608
2011-01-23 20:00:00,37.624508
2011-01-23 21:00:00,18.641417
2011-01-23 22:00:00,16.39807
2011-01-23 23:00:00,16.157707
2011-01-24 00:00:00,12.886473
2011-01-24 01:00:00,6.55276
2011-01-24 03:00:00,2.4399796
2011-01-24 04:00:00,3.212633
2011-01-24 05:00:00,5.3980675
2011-01-24 06:00:00,39.956337
2011-01-24 07:00:00,65.25731
2011-01-24 08:00:00,123.162224
2011-01-24 09:00:00,74.43704
2011-01-24 10:00:00,38.907917
2011-01-24 11:00:00,36.07488
2011-01-24 12:00:00,46.27509
2011-01-24 13:00:00,44.941307
2011-01-24 14:00:00,42.5733
2011-01-24 15:00:00,51.67398
2011-01-24 16:00:00,50.897392
2011-01-24 17:00:00,85.25601
2011-01-24 18:00:00,105.6772
2011-01-24 19:00:00,84.61864
2011-01-24 20:00:00,50.32842
2011-01-24 21:00:00,41.929333
2011-01-24 22:00:00,30.406715
2011-01-24 23:00:00,16.765223
2011-01-25 00:00:00,12.470511
2011-01-25 01:00:00,7.175284
2011-01-25 02:00:00,2.5939703
2011-01-25 04:00:00,2.5787838
2011-01-25 05:00:00,4.975521
2011-01-25 06:00:00,30.6153
2011-01-25 07:00:00,72.73963
2011-01-25 08:00:00,111.362495
2011-01-25 09:00:00,80.27078
2011-01-25 10:00:00,52.023468
2011-01-25 11:00:00,54.81405
2011-01-25 12:00:00,67.082016
2011-01-25 13:00:00,68.52954
2011-01-25 14:00:00,69.80544
2011-01-25 15:00:00,68.6571
2011-01-25 16:00:00,90.41556
2011-01-25 17:00:00,182.24342
2011-01-25 18:00:00,175.67041
2011-01-25 19:00:00,104.92529
2011-01-25 20:00:00,61.347813
2011-01-25 21:00:00,51.591797
2011-01-25 22:00:00,46.510475
2011-01-25 23:00:00,24.148283
2011-01-26 00:00:00,12.989967
2011-01-26 01:00:00,6.29585
2011-01-26 02:00:00,3.7907639
2011-01-26 05:00:00,3.7740772
2011-01-26 06:00:00,22.488754
2011-01-26 07:00:00,59.02962
2011-01-26 08:00:00,103.66162
2011-01-26 09:00:00,50.99878
2011-01-26 10:00:00,29.067812
2011-01-26 11:00:00,19.676788
2011-01-26 12:00:00,18.79068
2011-01-26 13:00:00,21.20068
2011-01-26 14:00:00,20.466217
2011-01-26 15:00:00,22.318098
2011-01-26 16:00:00,43.492207
2011-01-26 17:00:00,53.763668
2011-01-27 16:00:00,88.59875
2011-01-27 17:00:00,169.52528
2011-01-27 18:00:00,133.78787
2011-01-27 19:00:00,96.536804
2011-01-27 20:00:00,67.05368
2011-01-27 21:00:00,53.53292
2011-01-27 22:00:00,47.401585
2011-01-27 23:00:00,32.365433
2011-01-28 00:00:00,16.751001
2011-01-28 01:00:00,8.550436
2011-01-28 02:00:00,2.3004503
2011-01-28 03:00:00,3.2801883
2011-01-28 05:00:00,4.5928526
2011-01-28 06:00:00,30.246635
2011-01-28 07:00:00,81.92395
2011-01-28 08:00:00,161.0898
2011-01-28 09:00:00,32.074917
2011-01-28 10:00:00,26.215042
2011-01-28 11:00:00,29.689217
2011-01-28 12:00:00,33.229954
2011-01-28 13:00:00,35.6147
2011-01-28 14:00:00,40.59684
2011-01-28 15:00:00,64.9889
2011-01-28 16:00:00,89.24048
2011-01-28 17:00:00,119.40145
2011-01-28 18:00:00,105.42393
2011-01-28 19:00:00,80.3886
2011-01-28 20:00:00,52.8118
2011-01-28 21:00:00,43.44732
2011-01-28 22:00:00,44.00481
2011-01-28 23:00:00,26.838768
2011-01-29 00:00:00,17.31485
2011-01-29 01:00:00,13.201248
2011-01-29 02:00:00,12.118757
2011-01-29 03:00:00,7.434743
2011-01-29 04:00:00,2.8432848
2011-01-29 06:00:00,3.318265
2011-01-29 07:00:00,6.9835052
2011-01-29 08:00:00,20.0725
2011-01-29 09:00:00,39.749905
2011-01-29 10:00:00,57.107597
2011-01-29 11:00:00,59.161266
2011-01-29 12:00:00,79.290215
2011-01-29 13:00:00,95.60694
2011-01-29 14:00:00,63.468994
2011-01-29 15:00:00,53.311977
2011-01-29 16:00:00,75.5493
2011-01-29 17:00:00,56.41244
2011-01-29 18:00:00,54.173923
2011-01-29 19:00:00,47.06641
2011-01-29 20:00:00,36.26055
2011-01-29 21:00:00,42.64559
2011-01-29 22:00:00,49.346333
2011-01-29 23:00:00,32.2548
2011-01-30 00:00:00,23.955107
2011-01-30 01:00:00,31.384108
2011-01-30 02:00:00,30.909325
2011-01-30 03:00:00,10.237543
2011-01-30 04:00:00,3.8045242
2011-01-30 05:00:00,2.6720667
2011-01-30 07:00:00,9.470517
2011-01-30 08:00:00,28.186
2011-01-30 09:00:00,57.244743
2011-01-30 10:00:00,74.26569
2011-01-30 11:00:00,54.16377
2011-01-30 12:00:00,110.44503
2011-01-30 13:00:00,64.82237
2011-01-30 14:00:00,61.51604
2011-01-30 15:00:00,112.53969
2011-01-30 16:00:00,124.124825
2011-01-30 17:00:00,101.134766
2011-01-30 18:00:00,54.683525
2011-01-30 19:00:00,42.001286
2011-01-30 20:00:00,34.785526
2011-01-30 21:00:00,22.208456
2011-01-30 22:00:00,19.956413
2011-01-30 23:00:00,20.227274
2011-01-31 00:00:00,12.832097
2011-01-31 01:00:00,3.8757586
2011-01-31 02:00:00,4.0120726
2011-01-31 03:00:00,2.5772874
2011-01-31 04:00:00,2.1356237
2011-01-31 05:00:00,2.3872654
2011-01-31 06:00:00,32.631073
2011-01-31 07:00:00,55.169086
2011-01-31 08:00:00,123.72601
2011-01-31 09:00:00,47.62702
2011-01-31 10:00:00,39.138916
2011-01-31 11:00:00,41.247696
2011-01-31 12:00:00,49.28273
2011-01-31 13:00:00,59.96187
2011-01-31 14:00:00,53.434704
2011-01-31 15:00:00,46.333656
2011-01-31 16:00:00,66.83865
2011-01-31 17:00:00,113.44613
2011-01-31 18:00:00,116.68842
2011-01-31 19:00:00,106.28
2011-01-31 20:00:00,43.081745
2011-01-31 21:00:00,33.572735
2011-01-31 22:00:00,29.454544
2011-01-31 23:00:00,19.910172
2011-02-20 00:00:00,44.858326
2011-02-20 01:00:00,27.69794
2011-02-20 02:00:00,11.281395
2011-02-20 03:00:00,4.1973844
2011-02-20 04:00:00,1.2954655
2011-02-20 06:00:00,3.3975933
2011-02-20 07:00:00,7.183816
2011-02-20 08:00:00,13.265143
2011-02-20 09:00:00,39.27192
2011-02-20 10:00:00,104.78986
2011-02-20 11:00:00,127.41559
2011-02-20 12:00:00,142.75645
2011-02-20 13:00:00,144.71404
2011-02-20 14:00:00,150.08719
2011-02-20 15:00:00,157.72188
2011-02-20 16:00:00,149.07771
2011-02-20 17:00:00,120.49596
2011-02-20 18:00:00,95.2807
2011-02-20 19:00:00,68.29807
2011-02-20 20:00:00,62.54075
2011-02-20 21:00:00,49.707584
2011-02-20 22:00:00,51.4509
2011-02-20 23:00:00,33.626293
2011-02-21 00:00:00,26.379948
2011-02-21 01:00:00,11.670215
2011-02-21 02:00:00,3.7879999
2011-02-21 03:00:00,2.5644596
2011-02-21 04:00:00,3.1181507
2011-02-21 05:00:00,7.1937127
2011-02-21 06:00:00,6.6598406
2011-02-21 07:00:00,78.35299
2011-02-21 08:00:00,38.00737
2011-02-21 09:00:00,98.274475
2011-02-21 10:00:00,70.48601
2011-02-21 11:00:00,91.808754
2011-02-21 12:00:00,66.57981
2011-02-21 13:00:00,26.19917
2011-02-21 14:00:00,53.708073
2011-02-21 15:00:00,30.80347
2011-02-21 16:00:00,26.159847
2011-02-21 17:00:00,51.36567
2011-02-21 18:00:00,46.58304
2011-02-21 19:00:00,52.677673
2011-02-21 20:00:00,19.27343
2011-02-21 21:00:00,22.34417
2011-02-21 22:00:00,16.261269
2011-02-21 23:00:00,11.803733
2011-02-22 06:00:00,32.06563
2011-02-22 07:00:00,88.01389
2011-02-22 08:00:00,227.28218
2011-02-22 09:00:00,122.754616
2011-02-22 10:00:00,45.8628
2011-02-22 11:00:00,52.327778
2011-02-22 12:00:00,58.72324
2011-02-22 13:00:00,69.52671
2011-02-22 14:00:00,71.40026
2011-02-22 15:00:00,76.08445
2011-02-22 16:00:00,93.163445
2011-02-22 17:00:00,178.45059
2011-02-22 18:00:00,170.07054
2011-02-22 19:00:00,83.4483
2011-02-22 20:00:00,87.59374
2011-02-22 21:00:00,55.838074
2011-02-22 22:00:00,31.375809
2011-02-22 23:00:00,18.70298
2011-02-23 00:00:00,13.174593
2011-02-23 01:00:00,5.799936
2011-02-23 02:00:00,2.7332587
2011-02-23 03:00:00,1.9993267
2011-02-23 05:00:00,3.65303
2011-02-23 06:00:00,28.226095
2011-02-23 07:00:00,87.98614
2011-02-23 08:00:00,199.81956
2011-02-23 09:00:00,125.57471
2011-02-23 10:00:00,54.963715
2011-02-23 11:00:00,61.1375
2011-02-23 12:00:00,72.01227
2011-02-23 13:00:00,87.62066
2011-02-23 14:00:00,81.759384
2011-02-23 15:00:00,85.341064
2011-02-23 16:00:00,109.70665
2011-02-23 17:00:00,228.53207
2011-02-23 18:00:00,224.727
2011-02-23 19:00:00,148.06873
2011-02-23 20:00:00,83.517075
2011-02-23 21:00:00,72.7937
2011-02-23 22:00:00,61.931835
2011-02-23 23:00:00,30.73521
2011-02-24 00:00:00,13.925375
2011-02-24 01:00:00,6.4448276
2011-02-24 02:00:00,5.9946127
2011-02-24 03:00:00,2.130587
2011-02-24 05:00:00,4.9493995
2011-02-24 06:00:00,36.187035
2011-02-24 07:00:00,105.37116
2011-02-24 08:00:00,280.86844
2011-02-24 09:00:00,148.14359
2011-02-24 10:00:00,42.462997
2011-02-24 11:00:00,45.959435
2011-02-24 12:00:00,83.41992
2011-02-24 13:00:00,65.54328
2011-02-24 14:00:00,63.71441
2011-02-24 15:00:00,20.426432
2011-02-24 16:00:00,33.655922
2011-02-24 17:00:00,85.03694
2011-02-24 18:00:00,105.45636
2011-02-24 19:00:00,51.33936
2011-02-24 20:00:00,63.686054
2011-02-24 21:00:00,37.075577
2011-02-24 22:00:00,20.407038
2011-02-24 23:00:00,29.292303
2011-02-25 00:00:00,8.862848
2011-02-25 01:00:00,8.774969
2011-02-25 02:00:00,8.326067
2011-02-25 03:00:00,4.32211
2011-02-25 05:00:00,8.312861
2011-02-25 06:00:00,27.686031
2011-02-25 07:00:00,52.292442
2011-02-25 08:00:00,68.65773
2011-02-25 09:00:00,23.539808
2011-02-25 10:00:00,16.44912
2011-02-25 11:00:00,89.46611
2011-02-25 12:00:00,55.77228
2011-02-25 13:00:00,42.707832
2011-02-25 14:00:00,44.37858
2011-02-25 15:00:00,166.97955
2011-02-25 16:00:00,101.39712
2011-02-25 17:00:00,176.28323
2011-02-25 18:00:00,130.99788
2011-02-25 19:00:00,109.03689
2011-02-25 20:00:00,54.24371
2011-02-25 21:00:00,45.790546
2011-02-25 22:00:00,44.92785
2011-02-25 23:00:00,25.084974
2011-02-26 00:00:00,30.679255
2011-02-26 01:00:00,22.408045
2011-02-26 02:00:00,11.269811
2011-02-26 03:00:00,8.303226
2011-02-26 04:00:00,4.5706854
2011-02-26 05:00:00,3.4759223
2011-02-26 06:00:00,3.788562
2011-02-26 07:00:00,9.032514
2011-02-26 08:00:00,25.941223
2011-02-26 09:00:00,65.452156
2011-02-26 10:00:00,115.81934
2011-02-26 11:00:00,126.183586
2011-02-26 12:00:00,150.33673
2011-02-26 13:00:00,147.21577
2011-02-26 14:00:00,136.87859
2011-02-26 15:00:00,165.61455
2011-02-26 16:00:00,152.39104
2011-02-26 17:00:00,118.89185
2011-02-26 18:00:00,95.33622
2011-02-26 19:00:00,72.01575
2011-02-26 20:00:00,70.03147
2011-02-26 21:00:00,54.171474
2011-02-26 22:00:00,61.217197
2011-02-26 23:00:00,54.64695
2011-02-27 00:00:00,35.90929
2011-02-27 01:00:00,28.173061
2011-02-27 02:00:00,19.56265
2011-02-27 03:00:00,12.047395
2011-02-27 04:00:00,4.2131743
2011-02-27 06:00:00,4.460076
2011-02-27 07:00:00,7.676563
2011-02-27 08:00:00,23.74517
2011-02-27 09:00:00,64.74517
2011-02-27 10:00:00,88.76141
2011-02-27 11:00:00,97.97589
2011-02-27 12:00:00,95.16173
2011-02-27 13:00:00,132.77754
2011-02-27 14:00:00,149.99565
2011-02-27 15:00:00,260.12384
2011-02-27 16:00:00,263.6966
2011-02-27 17:00:00,135.09537
2011-02-27 18:00:00,89.231705
2011-02-27 19:00:00,60.50607
2011-02-27 20:00:00,59.275635
2011-02-27 21:00:00,54.147224
2011-02-27 22:00:00,73.56287
2011-02-27 23:00:00,40.79084
2011-02-28 00:00:00,20.407988
2011-02-28 01:00:00,5.0162945
2011-02-28 03:00:00,2.8276045
2011-02-28 05:00:00,6.8543544
2011-02-28 06:00:00,51.683136
2011-02-28 07:00:00,105.05675
2011-02-28 08:00:00,252.93283
2011-02-28 09:00:00,147.2859
2011-02-28 10:00:00,65.56378
2011-02-28 11:00:00,85.78955
2011-02-28 12:00:00,116.93943
2011-02-28 13:00:00,107.06156
2011-02-28 14:00:00,73.70622
2011-02-28 15:00:00,49.162907
2011-02-28 16:00:00,76.80488
2011-02-28 17:00:00,69.730965
2011-02-28 18:00:00,120.141975
2011-02-28 19:00:00,38.279057
2011-02-28 20:00:00,39.809727
2011-02-28 21:00:00,49.831966
2011-02-28 22:00:00,19.445341
2011-02-28 23:00:00,16.52627
2011-03-20 00:00:00,39.64577
2011-03-20 01:00:00,33.408695
2011-03-20 02:00:00,20.422815
2011-03-20 03:00:00,6.249721
2011-03-20 04:00:00,1.9605182
2011-03-20 05:00:00,2.3569362
2011-03-20 06:00:00,2.8381405
2011-03-20 07:00:00,15.972942
2011-03-20 08:00:00,35.100933
2011-03-20 09:00:00,76.740616
2011-03-20 10:00:00,126.04472
2011-03-20 11:00:00,129.88986
2011-03-20 12:00:00,161.07195
2011-03-20 13:00:00,107.92448
2011-03-20 14:00:00,108.978035
2011-03-20 15:00:00,119.3129
2011-03-20 16:00:00,160.48004
2011-03-20 17:00:00,113.80271
2011-03-20 18:00:00,108.54065
2011-03-20 19:00:00,102.59817
2011-03-20 20:00:00,79.53412
2011-03-20 21:00:00,55.87812
2011-03-20 22:00:00,41.858635
2011-03-20 23:00:00,29.01391
2011-03-21 00:00:00,16.779978
2011-03-21 01:00:00,4.9015594
2011-03-21 02:00:00,3.8641253
2011-03-21 03:00:00,4.7167883
2011-03-21 05:00:00,11.355199
2011-03-21 06:00:00,35.216564
2011-03-21 07:00:00,56.18057
2011-03-21 08:00:00,253.73276
2011-03-21 09:00:00,88.38717
2011-03-21 10:00:00,53.26639
2011-03-21 11:00:00,93.02552
2011-03-21 12:00:00,85.50549
2011-03-21 13:00:00,122.010735
2011-03-21 14:00:00,128.29243
2011-03-21 15:00:00,149.52478
2011-03-21 16:00:00,183.95442
2011-03-21 17:00:00,412.5263
2011-03-21 18:00:00,419.0879
2011-03-21 19:00:00,227.17183
2011-03-21 20:00:00,207.13179
2011-03-21 21:00:00,47.025013
2011-03-21 22:00:00,79.06797
2011-03-21 23:00:00,49.647133
2011-03-22 00:00:00,40.6232
2011-03-22 01:00:00,4.112526
2011-03-22 02:00:00,8.86183
2011-03-22 03:00:00,3.406944
2011-03-22 04:00:00,3.1799266
2011-03-22 05:00:00,14.153491
2011-03-22 06:00:00,43.438736
2011-03-22 07:00:00,108.152626
2011-03-22 08:00:00,169.48796
2011-03-22 09:00:00,101.19011
2011-03-22 10:00:00,96.84667
2011-03-22 11:00:00,95.94602
2011-03-22 12:00:00,124.23591
2011-03-22 13:00:00,116.35007
2011-03-22 14:00:00,111.19278
2011-03-22 15:00:00,125.895905
2011-03-22 16:00:00,205.48245
2011-03-22 17:00:00,398.55966
2011-03-22 18:00:00,414.27826
2011-03-22 19:00:00,186.5323
2011-03-22 20:00:00,138.64801
2011-03-22 21:00:00,92.35352
2011-03-22 22:00:00,75.88794
2011-03-22 23:00:00,40.354572
2011-03-23 00:00:00,20.657848
2011-03-23 01:00:00,10.61723
2011-03-23 02:00:00,6.513706
2011-03-23 03:00:00,4.987323
2011-03-23 05:00:00,10.705281
2011-03-23 06:00:00,40.603645
2011-03-23 07:00:00,110.760284
2011-03-23 08:00:00,226.29193
2011-03-23 09:00:00,87.837494
2011-03-23 10:00:00,35.103268
2011-03-23 11:00:00,50.02341
2011-03-23 12:00:00,44.243843
2011-03-23 13:00:00,81.97157
2011-03-23 14:00:00,62.194386
2011-03-23 15:00:00,55.334854
2011-03-23 16:00:00,95.65859
2011-03-23 17:00:00,208.44785
2011-03-23 18:00:00,115.319084
2011-03-23 19:00:00,100.08797
2011-03-23 20:00:00,41.182144
2011-03-23 21:00:00,36.10912
2011-03-23 22:00:00,35.023304
2011-03-23 23:00:00,44.135014
2011-03-24 00:00:00,7.844006
2011-03-24 01:00:00,5.8106103
2011-03-24 02:00:00,6.310816
2011-03-24 03:00:00,3.636214
2011-03-24 04:00:00,2.4921312
2011-03-24 05:00:00,11.955072
2011-03-24 06:00:00,43.44009
2011-03-24 07:00:00,76.24156
2011-03-24 08:00:00,117.90639
2011-03-24 09:00:00,125.68847
2011-03-24 10:00:00,30.199738
2011-03-24 11:00:00,33.392097
2011-03-24 12:00:00,58.63104
2011-03-24 13:00:00,69.73903
2011-03-24 14:00:00,65.60865
2011-03-24 15:00:00,62.551537
2011-03-24 16:00:00,103.1345
2011-03-24 17:00:00,233.61835
2011-03-24 18:00:00,195.33322
2011-03-24 19:00:00,135.9748
2011-03-24 20:00:00,93.280304
2011-03-24 21:00:00,66.77298
2011-03-24 22:00:00,59.667908
2011-03-24 23:00:00,32.29898
2011-03-25 00:00:00,33.843956
2011-03-25 01:00:00,7.3033924
2011-03-25 02:00:00,3.5980449
2011-03-25 03:00:00,4.7275896
2011-03-25 04:00:00,2.168914
2011-03-25 05:00:00,10.36569
2011-03-25 06:00:00,44.824596
2011-03-25 07:00:00,92.1306
2011-03-25 08:00:00,193.75621
2011-03-25 09:00:00,130.30914
2011-03-25 10:00:00,72.24412
2011-03-25 11:00:00,74.09337
2011-03-25 12:00:00,102.45787
2011-03-25 13:00:00,96.029175
2011-03-25 14:00:00,91.90639
2011-03-25 15:00:00,93.25792
2011-03-25 16:00:00,141.73318
2011-03-25 17:00:00,216.98799
2011-03-25 18:00:00,200.28827
2011-03-25 19:00:00,121.972786
2011-03-25 20:00:00,97.35876
2011-03-25 21:00:00,91.270676
2011-03-25 22:00:00,56.282333
2011-03-25 23:00:00,38.40411
2011-03-26 00:00:00,34.735188
2011-03-26 01:00:00,27.210863
2011-03-26 02:00:00,13.301891
2011-03-26 03:00:00,7.097006
2011-03-26 04:00:00,2.3829653
2011-03-26 05:00:00,2.668395
2011-03-26 06:00:00,7.1487603
2011-03-26 07:00:00,20.520094
2011-03-26 08:00:00,43.44081
2011-03-26 09:00:00,80.16127
2011-03-26 10:00:00,101.493256
2011-03-26 11:00:00,108.9891
2011-03-26 12:00:00,124.376564
2011-03-26 13:00:00,143.65483
2011-03-26 14:00:00,135.0288
2011-03-26 15:00:00,143.58919
2011-03-26 16:00:00,160.12785
2011-03-26 17:00:00,169.66267
2011-03-26 18:00:00,172.35411
2011-03-26 19:00:00,133.05179
2011-03-26 20:00:00,83.90804
2011-03-26 21:00:00,64.37513
2011-03-26 22:00:00,56.494053
2011-03-26 23:00:00,38.577408
2011-03-27 00:00:00,36.539757
2011-03-27 01:00:00,23.788258
2011-03-27 02:00:00,28.24553
2011-03-27 03:00:00,10.920653
2011-03-27 04:00:00,2.7311957
2011-03-27 06:00:00,6.121749
2011-03-27 07:00:00,32.37779
2011-03-27 08:00:00,33.741188
2011-03-27 09:00:00,66.13814
2011-03-27 10:00:00,96.754105
2011-03-27 11:00:00,118.19295
2011-03-27 12:00:00,110.87129
2011-03-27 13:00:00,123.99161
2011-03-27 14:00:00,134.0879
2011-03-27 15:00:00,127.10655
2011-03-27 16:00:00,174.36786
2011-03-27 17:00:00,198.93584
2011-03-27 18:00:00,168.64273
2011-03-27 19:00:00,127.08188
2011-03-27 20:00:00,71.04853
2011-03-27 21:00:00,33.34302
2011-03-27 22:00:00,32.359898
2011-03-27 23:00:00,29.374468
2011-03-28 00:00:00,17.889065
2011-03-28 01:00:00,7.0638328
2011-03-28 02:00:00,6.815379
2011-03-28 03:00:00,2.652216
2011-03-28 05:00:00,8.744634
2011-03-28 06:00:00,43.966606
2011-03-28 07:00:00,90.2157
2011-03-28 08:00:00,219.23544
2011-03-28 09:00:00,116.987015
2011-03-28 10:00:00,63.00058
2011-03-28 11:00:00,70.300644
2011-03-28 12:00:00,79.52813
2011-03-28 13:00:00,72.444305
2011-03-28 14:00:00,79.861694
2011-03-28 15:00:00,91.33485
2011-03-28 16:00:00,121.82276
2011-03-28 17:00:00,233.03932
2011-03-28 18:00:00,221.86009
2011-03-28 19:00:00,148.84259
2011-03-28 20:00:00,103.26105
2011-03-28 21:00:00,86.047966
2011-03-28 22:00:00,52.524296
2011-03-28 23:00:00,30.30382
2011-03-29 00:00:00,17.3851
2011-03-29 01:00:00,2.4289718
2011-03-29 02:00:00,2.81709
2011-03-29 03:00:00,1.2422302
2011-03-29 04:00:00,1.74205
2011-03-29 05:00:00,7.5815115
2011-03-29 06:00:00,45.46119
2011-03-29 07:00:00,113.9243
2011-03-29 08:00:00,264.07828
2011-03-29 09:00:00,130.19154
2011-03-29 10:00:00,67.184586
2011-03-29 11:00:00,75.088615
2011-03-29 12:00:00,91.28225
2011-03-29 13:00:00,87.68491
2011-03-29 14:00:00,80.417755
2011-03-29 15:00:00,84.03049
2011-03-29 16:00:00,89.968414
2011-03-29 17:00:00,172.7685
2011-03-29 18:00:00,263.47314
2011-03-29 19:00:00,149.92633
2011-03-29 20:00:00,121.95244
2011-03-29 21:00:00,101.48641
2011-03-29 22:00:00,59.843266
2011-03-29 23:00:00,38.31676
2011-03-30 00:00:00,22.093836
2011-03-30 01:00:00,6.997559
2011-03-30 02:00:00,4.2271423
2011-03-30 03:00:00,3.0487316
2011-03-30 04:00:00,3.4769478
2011-03-30 05:00:00,11.529184
2011-03-30 06:00:00,46.111603
2011-03-30 07:00:00,108.169075
2011-03-30 08:00:00,195.73872
2011-03-30 09:00:00,107.05152
2011-03-30 10:00:00,65.167206
2011-03-30 11:00:00,67.95064
2011-03-30 12:00:00,80.12076
2011-03-30 13:00:00,88.37038
2011-03-30 14:00:00,63.826366
2011-03-30 15:00:00,30.75071
2011-03-30 16:00:00,61.793262
2011-03-30 17:00:00,134.30394
2011-03-30 18:00:00,112.963905
2011-03-30 19:00:00,104.38265
2011-03-30 20:00:00,40.71765
2011-03-30 21:00:00,59.12777
2011-03-30 22:00:00,30.868473
2011-03-30 23:00:00,29.30928
2011-03-31 00:00:00,7.6767325
2011-03-31 01:00:00,5.948732
2011-03-31 02:00:00,5.893105
2011-03-31 03:00:00,3.17051
2011-03-31 04:00:00,2.4638402
2011-03-31 05:00:00,7.5622087
2011-03-31 06:00:00,28.420605
2011-03-31 07:00:00,70.98692
2011-03-31 08:00:00,232.66978
2011-03-31 09:00:00,40.04541
2011-03-31 10:00:00,25.059464
2011-03-31 11:00:00,53.076557
2011-03-31 12:00:00,57.549072
2011-03-31 13:00:00,65.7481
2011-03-31 14:00:00,55.5152
2011-03-31 15:00:00,26.547565
2011-03-31 16:00:00,72.747795
2011-03-31 17:00:00,166.98532
2011-03-31 18:00:00,143.54514
2011-03-31 19:00:00,127.91076
2011-03-31 20:00:00,44.478123
2011-03-31 21:00:00,49.471962
2011-03-31 22:00:00,24.410694
2011-03-31 23:00:00,52.48262
2011-04-20 00:00:00,26.61708
2011-04-20 01:00:00,5.319336
2011-04-20 02:00:00,9.699136
2011-04-20 03:00:00,3.7676136
2011-04-20 04:00:00,3.1343894
2011-04-20 05:00:00,13.97778
2011-04-20 06:00:00,51.90207
2011-04-20 07:00:00,91.137634
2011-04-20 08:00:00,416.53824
2011-04-20 09:00:00,222.6017
2011-04-20 10:00:00,95.95638
2011-04-20 11:00:00,103.27626
2011-04-20 12:00:00,147.94444
2011-04-20 13:00:00,139.0062
2011-04-20 14:00:00,141.77042
2011-04-20 15:00:00,147.08522
2011-04-20 16:00:00,220.07729
2011-04-20 17:00:00,411.01843
2011-04-20 18:00:00,401.4466
2011-04-20 19:00:00,296.48804
2011-04-20 20:00:00,184.87932
2011-04-20 21:00:00,162.66408
2011-04-20 22:00:00,125.96926
2011-04-20 23:00:00,92.47798
2011-04-21 00:00:00,34.724796
2011-04-21 01:00:00,15.60762
2011-04-21 02:00:00,12.74908
2011-04-21 03:00:00,3.5975778
2011-04-21 04:00:00,3.3238997
2011-04-21 05:00:00,12.78259
2011-04-21 06:00:00,58.392612
2011-04-21 07:00:00,142.235
2011-04-21 08:00:00,158.17094
2011-04-21 09:00:00,163.97957
2011-04-21 10:00:00,96.6945
2011-04-21 11:00:00,105.29566
2011-04-21 12:00:00,138.33406
2011-04-21 13:00:00,112.575645
2011-04-21 14:00:00,113.917725
2011-04-21 15:00:00,134.71709
2011-04-21 16:00:00,160.69086
2011-04-21 17:00:00,356.50418
2011-04-21 18:00:00,316.93243
2011-04-21 19:00:00,210.8716
2011-04-21 20:00:00,173.17598
2011-04-21 21:00:00,116.7764
2011-04-21 22:00:00,117.531296
2011-04-21 23:00:00,57.04415
2011-04-22 00:00:00,35.80594
2011-04-22 01:00:00,11.497352
2011-04-22 02:00:00,8.938083
2011-04-22 03:00:00,4.447039
2011-04-22 04:00:00,3.0346358
2011-04-22 05:00:00,13.011688
2011-04-22 06:00:00,49.556507
2011-04-22 07:00:00,102.70824
2011-04-22 08:00:00,224.91447
2011-04-22 09:00:00,60.190575
2011-04-22 10:00:00,103.31256
2011-04-22 11:00:00,79.532814
2011-04-22 12:00:00,79.69441
2011-04-22 13:00:00,64.47178
2011-04-22 14:00:00,23.206154
2011-04-22 15:00:00,70.58322
2011-04-22 16:00:00,98.27021
2011-04-22 17:00:00,130.90488
2011-04-22 18:00:00,70.81132
2011-04-22 19:00:00,60.245686
2011-04-22 20:00:00,42.306343
2011-04-22 21:00:00,33.167725
2011-04-22 22:00:00,34.468433
2011-04-22 23:00:00,53.79619
2011-04-23 00:00:00,30.292679
2011-04-23 01:00:00,20.400124
2011-04-23 02:00:00,19.272963
2011-04-23 03:00:00,12.145423
2011-04-23 04:00:00,5.9704113
2011-04-23 05:00:00,7.3137903
2011-04-23 06:00:00,14.287416
2011-04-23 07:00:00,31.66932
2011-04-23 08:00:00,46.405056
2011-04-23 09:00:00,57.05251
2011-04-23 10:00:00,128.09383
2011-04-23 11:00:00,112.638214
2011-04-23 12:00:00,79.58352
2011-04-23 13:00:00,92.79683
2011-04-23 14:00:00,164.53558
2011-04-23 15:00:00,203.52235
2011-04-23 16:00:00,227.87502
2011-04-23 17:00:00,242.49356
2011-04-23 18:00:00,201.54318
2011-04-23 19:00:00,142.43532
2011-04-23 20:00:00,120.34802
2011-04-23 21:00:00,86.94652
2011-04-23 22:00:00,104.042305
2011-04-23 23:00:00,62.08308
2011-04-24 00:00:00,65.29501
2011-04-24 01:00:00,52.058887
2011-04-24 02:00:00,34.21297
2011-04-24 03:00:00,19.7074
2011-04-24 04:00:00,7.894721
2011-04-24 05:00:00,8.354145
2011-04-24 06:00:00,11.242293
2011-04-24 07:00:00,36.70535
2011-04-24 08:00:00,76.8724
2011-04-24 09:00:00,117.44637
2011-04-24 10:00:00,153.09467
2011-04-24 11:00:00,348.90234
2011-04-24 12:00:00,380.3056
2011-04-24 13:00:00,373.9169
2011-04-24 14:00:00,359.9077
2011-04-24 15:00:00,354.0959
2011-04-24 16:00:00,358.0804
2011-04-24 17:00:00,410.58487
2011-04-24 18:00:00,350.81375
2011-04-24 19:00:00,133.27916
2011-04-24 20:00:00,92.44977
2011-04-24 21:00:00,50.654137
2011-04-24 22:00:00,40.128105
2011-04-24 23:00:00,45.975494
2011-04-25 00:00:00,15.32451
2011-04-25 01:00:00,9.413342
2011-04-25 02:00:00,11.571881
2011-04-25 03:00:00,2.7948282
2011-04-25 04:00:00,3.3171885
2011-04-25 05:00:00,12.665366
2011-04-25 06:00:00,75.258606
2011-04-25 07:00:00,113.57198
2011-04-25 08:00:00,228.48404
2011-04-25 09:00:00,116.898384
2011-04-25 10:00:00,88.30639
2011-04-25 11:00:00,94.176605
2011-04-25 12:00:00,97.06906
2011-04-25 13:00:00,172.90468
2011-04-25 14:00:00,136.1845
2011-04-25 15:00:00,138.6903
2011-04-25 16:00:00,227.16782
2011-04-25 17:00:00,433.2628
2011-04-25 18:00:00,419.92
2011-04-25 19:00:00,293.2814
2011-04-25 20:00:00,192.8964
2011-04-25 21:00:00,137.55432
2011-04-25 22:00:00,89.48859
2011-04-25 23:00:00,48.18788
2011-04-26 00:00:00,24.370596
2011-04-26 01:00:00,11.996218
2011-04-26 02:00:00,8.178432
2011-04-26 03:00:00,3.4940078
2011-04-26 04:00:00,3.2767706
2011-04-26 05:00:00,11.961823
2011-04-26 06:00:00,46.096798
2011-04-26 07:00:00,138.30922
2011-04-26 08:00:00,297.39044
2011-04-26 09:00:00,154.99393
2011-04-26 10:00:00,101.4189
2011-04-26 11:00:00,127.542404
2011-04-26 12:00:00,156.66913
2011-04-26 13:00:00,154.23306
2011-04-26 14:00:00,153.48622
2011-04-26 15:00:00,152.74464
2011-04-26 16:00:00,229.10434
2011-04-26 17:00:00,433.90582
2011-04-26 18:00:00,431.3209
2011-04-26 19:00:00,185.22417
2011-04-26 20:00:00,178.60956
2011-04-26 21:00:00,133.05537
2011-04-26 22:00:00,115.89524
2011-04-26 23:00:00,50.863342
2011-04-27 00:00:00,27.058556
2011-04-27 01:00:00,13.124392
2011-04-27 02:00:00,8.579354
2011-04-27 03:00:00,3.7423487
2011-04-27 04:00:00,3.18268
2011-04-27 05:00:00,10.297353
2011-04-27 06:00:00,51.534363
2011-04-27 07:00:00,110.74878
2011-04-27 08:00:00,238.80658
2011-04-27 09:00:00,132.55618
2011-04-27 10:00:00,61.099056
2011-04-27 11:00:00,69.429955
2011-04-27 12:00:00,94.696434
2011-04-27 13:00:00,115.66554
2011-04-27 14:00:00,111.425095
2011-04-27 15:00:00,161.06175
2011-04-27 16:00:00,242.54442
2011-04-27 17:00:00,165.4486
2011-04-27 18:00:00,145.69997
2011-04-27 19:00:00,203.21733
2011-04-27 20:00:00,127.442474
2011-04-27 21:00:00,110.58759
2011-04-27 22:00:00,83.17802
2011-04-27 23:00:00,49.90611
2011-04-28 00:00:00,47.22636
2011-04-28 01:00:00,16.760883
2011-04-28 02:00:00,10.759418
2011-04-28 03:00:00,4.707546
2011-04-28 04:00:00,3.6148577
2011-04-28 05:00:00,14.893435
2011-04-28 06:00:00,67.64276
2011-04-28 07:00:00,134.14171
2011-04-28 08:00:00,241.91638
2011-04-28 09:00:00,101.53314
2011-04-28 10:00:00,93.65264
2011-04-28 11:00:00,73.2046
2011-04-28 12:00:00,75.306984
2011-04-28 13:00:00,74.384224
2011-04-28 14:00:00,86.244934
2011-04-28 15:00:00,168.03246
2011-04-28 16:00:00,149.2472
2011-04-28 17:00:00,408.3122
2011-04-28 18:00:00,370.05997
2011-04-28 19:00:00,264.87885
2011-04-28 20:00:00,200.69083
2011-04-28 21:00:00,150.69125
2011-04-28 22:00:00,133.98322
2011-04-28 23:00:00,68.16006
2011-04-29 00:00:00,40.235737
2011-04-29 01:00:00,18.84277
2011-04-29 02:00:00,17.187876
2011-04-29 03:00:00,4.8651123
2011-04-29 04:00:00,3.2853644
2011-04-29 05:00:00,14.22636
2011-04-29 06:00:00,60.158314
2011-04-29 07:00:00,186.41617
2011-04-29 08:00:00,300.78903
2011-04-29 09:00:00,182.07922
2011-04-29 10:00:00,121.55874
2011-04-29 11:00:00,155.38866
2011-04-29 12:00:00,194.19493
2011-04-29 13:00:00,189.8327
2011-04-29 14:00:00,180.76678
2011-04-29 15:00:00,175.48155
2011-04-29 16:00:00,253.99648
2011-04-29 17:00:00,359.4267
2011-04-29 18:00:00,316.71725
2011-04-29 19:00:00,198.89256
2011-04-29 20:00:00,128.8467
2011-04-29 21:00:00,116.181366
2011-04-29 22:00:00,112.46473
2011-04-29 23:00:00,53.641724
2011-04-30 00:00:00,35.56005
2011-04-30 01:00:00,27.034891
2011-04-30 02:00:00,19.847073
2011-04-30 03:00:00,12.942532
2011-04-30 04:00:00,4.8324766
2011-04-30 05:00:00,4.0741243
2011-04-30 06:00:00,18.723406
2011-04-30 07:00:00,19.746712
2011-04-30 08:00:00,58.928776
2011-04-30 09:00:00,146.23643
2011-04-30 10:00:00,247.35394
2011-04-30 11:00:00,350.9361
2011-04-30 12:00:00,336.74908
2011-04-30 13:00:00,338.11337
2011-04-30 14:00:00,313.7048
2011-04-30 15:00:00,337.38538
2011-04-30 16:00:00,300.84848
2011-04-30 17:00:00,340.11743
2011-04-30 18:00:00,272.7395
2011-04-30 19:00:00,231.15834
2011-04-30 20:00:00,143.44688
2011-04-30 21:00:00,89.52739
2011-04-30 22:00:00,94.46304
2011-04-30 23:00:00,61.69991
2011-05-20 00:00:00,23.035063
2011-05-20 01:00:00,10.173705
2011-05-20 02:00:00,16.796852
2011-05-20 03:00:00,4.783477
2011-05-20 04:00:00,4.657806
2011-05-20 05:00:00,24.744215
2011-05-20 06:00:00,73.84057
2011-05-20 07:00:00,286.3216
2011-05-20 08:00:00,393.6635
2011-05-20 09:00:00,212.12764
2011-05-20 10:00:00,135.69084
2011-05-20 11:00:00,173.30899
2011-05-20 12:00:00,234.8694
2011-05-20 13:00:00,221.8245
2011-05-20 14:00:00,225.4883
2011-05-20 15:00:00,237.41159
2011-05-20 16:00:00,369.002
2011-05-20 17:00:00,512.5886
2011-05-20 18:00:00,484.10934
2011-05-20 19:00:00,329.17444
2011-05-20 20:00:00,188.19943
2011-05-20 21:00:00,154.4997
2011-05-20 22:00:00,135.56374
2011-05-20 23:00:00,106.5488
2011-05-21 00:00:00,105.98309
2011-05-21 01:00:00,58.571217
2011-05-21 02:00:00,63.213707
2011-05-21 03:00:00,24.46299
2011-05-21 04:00:00,12.8688965
2011-05-21 05:00:00,15.592356
2011-05-21 06:00:00,21.559286
2011-05-21 07:00:00,54.25127
2011-05-21 08:00:00,132.15797
2011-05-21 09:00:00,203.43645
2011-05-21 10:00:00,256.67685
2011-05-21 11:00:00,376.3484
2011-05-21 12:00:00,432.54486
2011-05-21 13:00:00,425.44315
2011-05-21 14:00:00,387.9328
2011-05-21 15:00:00,404.4429
2011-05-21 16:00:00,412.692
2011-05-21 17:00:00,393.31213
2011-05-21 18:00:00,386.01877
2011-05-21 19:00:00,323.9037
2011-05-21 20:00:00,163.24533
2011-05-21 21:00:00,176.53009
2011-05-21 22:00:00,143.42664
2011-05-21 23:00:00,94.786514
2011-05-22 00:00:00,109.23235
2011-05-22 01:00:00,67.88675
2011-05-22 02:00:00,79.25768
2011-05-22 03:00:00,30.088617
2011-05-22 04:00:00,15.802044
2011-05-22 05:00:00,16.821701
2011-05-22 06:00:00,13.473662
2011-05-22 07:00:00,57.874413
2011-05-22 08:00:00,92.17404
2011-05-22 09:00:00,181.166
2011-05-22 10:00:00,299.22928
2011-05-22 11:00:00,374.82904
2011-05-22 12:00:00,439.03696
2011-05-22 13:00:00,391.33984
2011-05-22 14:00:00,330.70212
2011-05-22 15:00:00,389.30612
2011-05-22 16:00:00,399.00443
2011-05-22 17:00:00,392.61087
2011-05-22 18:00:00,374.22488
2011-05-22 19:00:00,284.44992
2011-05-22 20:00:00,177.0873
2011-05-22 21:00:00,158.93806
2011-05-22 22:00:00,99.65978
2011-05-22 23:00:00,65.92332
2011-05-23 00:00:00,31.167175
2011-05-23 01:00:00,14.12907
2011-05-23 02:00:00,8.150103
2011-05-23 03:00:00,4.447135
2011-05-23 04:00:00,5.0522346
2011-05-23 05:00:00,19.598106
2011-05-23 06:00:00,90.77064
2011-05-23 07:00:00,199.15161
2011-05-23 08:00:00,326.7186
2011-05-23 09:00:00,206.33875
2011-05-23 10:00:00,140.35876
2011-05-23 11:00:00,174.42574
2011-05-23 12:00:00,210.32391
2011-05-23 13:00:00,178.86728
2011-05-23 14:00:00,169.32684
2011-05-23 15:00:00,177.06548
2011-05-23 16:00:00,265.90063
2011-05-23 17:00:00,372.33612
2011-05-23 18:00:00,481.433
2011-05-23 19:00:00,364.22467
2011-05-23 20:00:00,206.07169
2011-05-23 21:00:00,96.05509
2011-05-23 22:00:00,111.280876
2011-05-23 23:00:00,62.97922
2011-05-24 00:00:00,23.685726
2011-05-24 01:00:00,9.462645
2011-05-24 02:00:00,8.278849
2011-05-24 03:00:00,3.5642617
2011-05-24 04:00:00,5.3724957
2011-05-24 05:00:00,19.497316
2011-05-24 06:00:00,102.04578
2011-05-24 07:00:00,182.84293
2011-05-24 08:00:00,303.56976
2011-05-24 09:00:00,231.79941
2011-05-24 10:00:00,130.6106
2011-05-24 11:00:00,153.67513
2011-05-24 12:00:00,183.93106
2011-05-24 13:00:00,184.24411
2011-05-24 14:00:00,164.54703
2011-05-24 15:00:00,168.6691
2011-05-24 16:00:00,326.89365
2011-05-24 17:00:00,493.61334
2011-05-24 18:00:00,532.7231
2011-05-24 19:00:00,332.97406
2011-05-24 20:00:00,271.98685
2011-05-24 21:00:00,207.55331
2011-05-24 22:00:00,38.774544
2011-05-24 23:00:00,99.603874
2011-05-25 00:00:00,28.409546
2011-05-25 01:00:00,15.095886
2011-05-25 02:00:00,8.953237
2011-05-25 03:00:00,4.1924453
2011-05-25 04:00:00,4.176306
2011-05-25 05:00:00,25.058313
2011-05-25 06:00:00,109.42543
2011-05-25 07:00:00,323.0416
2011-05-25 08:00:00,508.74863
2011-05-25 09:00:00,215.2328
2011-05-25 10:00:00,138.9909
2011-05-25 11:00:00,156.96262
2011-05-25 12:00:00,195.54932
2011-05-25 13:00:00,184.86009
2011-05-25 14:00:00,167.22475
2011-05-25 15:00:00,175.31593
2011-05-25 16:00:00,290.07587
2011-05-25 17:00:00,569.20636
2011-05-25 18:00:00,563.3845
2011-05-25 19:00:00,419.54123
2011-05-25 20:00:00,312.5598
2011-05-25 21:00:00,242.70555
2011-05-25 22:00:00,134.3957
2011-05-25 23:00:00,100.118965
2011-05-26 00:00:00,49.906242
2011-05-26 01:00:00,23.180243
2011-05-26 02:00:00,8.115736
2011-05-26 03:00:00,4.33857
2011-05-26 04:00:00,4.436011
2011-05-26 05:00:00,18.928095
2011-05-26 06:00:00,93.51617
2011-05-26 07:00:00,147.36992
2011-05-26 08:00:00,480.2128
2011-05-26 09:00:00,235.67427
2011-05-26 10:00:00,148.22055
2011-05-26 11:00:00,168.4542
2011-05-26 12:00:00,193.11101
2011-05-26 13:00:00,173.96143
2011-05-26 14:00:00,161.95668
2011-05-26 15:00:00,164.84814
2011-05-26 16:00:00,284.78687
2011-05-26 17:00:00,526.66406
2011-05-26 18:00:00,512.5416
2011-05-26 19:00:00,371.8147
2011-05-26 20:00:00,301.3518
2011-05-26 21:00:00,227.70569
2011-05-26 22:00:00,157.11845
2011-05-26 23:00:00,131.30135
2011-05-27 00:00:00,60.824696
2011-05-27 01:00:00,22.414341
2011-05-27 02:00:00,13.292633
2011-05-27 03:00:00,7.853506
2011-05-27 04:00:00,4.873456
2011-05-27 05:00:00,30.44363
2011-05-27 06:00:00,116.027306
2011-05-27 07:00:00,305.07224
2011-05-27 08:00:00,407.93802
2011-05-27 09:00:00,222.6517
2011-05-27 10:00:00,132.3025
2011-05-27 11:00:00,156.52635
2011-05-27 12:00:00,218.7595
2011-05-27 13:00:00,240.84488
2011-05-27 14:00:00,221.71806
2011-05-27 15:00:00,245.22836
2011-05-27 16:00:00,321.30148
2011-05-27 17:00:00,563.4456
2011-05-27 18:00:00,394.08905
2011-05-27 19:00:00,305.13135
2011-05-27 20:00:00,183.53476
2011-05-27 21:00:00,126.756645
2011-05-27 22:00:00,131.17441
2011-05-27 23:00:00,92.995125
2011-05-28 00:00:00,99.51661
2011-05-28 01:00:00,105.905785
2011-05-28 02:00:00,78.077515
2011-05-28 03:00:00,22.053797
2011-05-28 04:00:00,8.569864
2011-05-28 05:00:00,11.3079405
2011-05-28 06:00:00,25.970541
2011-05-28 07:00:00,59.11636
2011-05-28 08:00:00,126.15539
2011-05-28 09:00:00,197.28242
2011-05-28 10:00:00,281.9039
2011-05-28 11:00:00,405.62744
2011-05-28 12:00:00,433.8206
2011-05-28 13:00:00,432.37497
2011-05-28 14:00:00,416.25623
2011-05-28 15:00:00,414.69788
2011-05-28 16:00:00,421.41452
2011-05-28 17:00:00,439.21954
2011-05-28 18:00:00,374.02902
2011-05-28 19:00:00,301.49832
2011-05-28 20:00:00,243.51324
2011-05-28 21:00:00,225.69185
2011-05-28 22:00:00,173.02904
2011-05-28 23:00:00,133.48338
2011-05-29 00:00:00,120.01963
2011-05-29 01:00:00,105.94337
2011-05-29 02:00:00,82.00192
2011-05-29 03:00:00,31.847242
2011-05-29 04:00:00,13.529493
2011-05-29 05:00:00,14.146893
2011-05-29 06:00:00,23.59098
2011-05-29 07:00:00,61.62694
2011-05-29 08:00:00,94.55522
2011-05-29 09:00:00,68.4527
2011-05-29 10:00:00,247.00992
2011-05-29 11:00:00,141.7289
2011-05-29 12:00:00,334.45917
2011-05-29 13:00:00,457.3697
2011-05-29 14:00:00,408.2677
2011-05-29 15:00:00,422.72418
2011-05-29 16:00:00,376.88858
2011-05-29 17:00:00,381.0569
2011-05-29 18:00:00,274.91776
2011-05-29 19:00:00,264.69202
2011-05-29 20:00:00,201.47433
2011-05-29 21:00:00,156.22948
2011-05-29 22:00:00,125.658325
2011-05-29 23:00:00,83.68461
2011-05-30 00:00:00,104.04401
2011-05-30 01:00:00,87.16827
2011-05-30 02:00:00,54.9197
2011-05-30 03:00:00,9.955441
2011-05-30 04:00:00,7.4291325
2011-05-30 05:00:00,7.3311863
2011-05-30 06:00:00,19.79987
2011-05-30 07:00:00,62.257454
2011-05-30 08:00:00,126.32272
2011-05-30 09:00:00,226.30092
2011-05-30 10:00:00,233.55034
2011-05-30 11:00:00,291.9709
2011-05-30 12:00:00,337.55142
2011-05-30 13:00:00,315.14523
2011-05-30 14:00:00,288.6081
2011-05-30 15:00:00,306.42685
2011-05-30 16:00:00,296.56592
2011-05-30 17:00:00,454.01282
2011-05-30 18:00:00,423.55078
2011-05-30 19:00:00,329.66443
2011-05-30 20:00:00,293.10815
2011-05-30 21:00:00,218.5696
2011-05-30 22:00:00,117.180595
2011-05-30 23:00:00,97.57554
2011-05-31 00:00:00,24.421675
2011-05-31 01:00:00,16.769285
2011-05-31 02:00:00,9.718082
2011-05-31 03:00:00,4.0652614
2011-05-31 04:00:00,7.5598493
2011-05-31 05:00:00,25.52777
2011-05-31 06:00:00,118.29393
2011-05-31 07:00:00,311.12015
2011-05-31 08:00:00,505.51495
2011-05-31 09:00:00,204.31343
2011-05-31 10:00:00,133.81474
2011-05-31 11:00:00,124.90539
2011-05-31 12:00:00,152.1002
2011-05-31 13:00:00,143.75592
2011-05-31 14:00:00,124.83985
2011-05-31 15:00:00,145.19258
2011-05-31 16:00:00,244.8097
2011-05-31 17:00:00,529.5131
2011-05-31 18:00:00,538.2909
2011-05-31 19:00:00,371.88406
2011-05-31 20:00:00,294.10583
2011-05-31 21:00:00,220.19485
2011-05-31 22:00:00,138.33891
2011-05-31 23:00:00,86.81477
2011-06-20 00:00:00,32.161926
2011-06-20 01:00:00,15.579713
2011-06-20 02:00:00,11.7383175
2011-06-20 03:00:00,4.84698
2011-06-20 04:00:00,4.0860424
2011-06-20 05:00:00,12.579241
2011-06-20 06:00:00,115.81183
2011-06-20 07:00:00,145.05392
2011-06-20 08:00:00,253.49455
2011-06-20 09:00:00,196.75761
2011-06-20 10:00:00,126.00553
2011-06-20 11:00:00,132.46927
2011-06-20 12:00:00,183.99959
2011-06-20 13:00:00,185.86505
2011-06-20 14:00:00,174.5002
2011-06-20 15:00:00,188.17021
2011-06-20 16:00:00,289.99066
2011-06-20 17:00:00,565.3323
2011-06-20 18:00:00,535.0645
2011-06-20 19:00:00,384.50183
2011-06-20 20:00:00,264.26215
2011-06-20 21:00:00,202.07623
2011-06-20 22:00:00,109.24623
2011-06-20 23:00:00,90.23005
2011-06-21 00:00:00,30.413507
2011-06-21 01:00:00,12.767656
2011-06-21 02:00:00,5.0668297
2011-06-21 03:00:00,4.095628
2011-06-21 04:00:00,4.754525
2011-06-21 05:00:00,19.387966
2011-06-21 06:00:00,118.372284
2011-06-21 07:00:00,185.00221
2011-06-21 08:00:00,327.7649
2011-06-21 09:00:00,221.03242
2011-06-21 10:00:00,116.47749
2011-06-21 11:00:00,126.6687
2011-06-21 12:00:00,172.1579
2011-06-21 13:00:00,181.78021
2011-06-21 14:00:00,163.55083
2011-06-21 15:00:00,177.0574
2011-06-21 16:00:00,248.73148
2011-06-21 17:00:00,567.5789
2011-06-21 18:00:00,492.81564
2011-06-21 19:00:00,343.35886
2011-06-21 20:00:00,112.9481
2011-06-21 21:00:00,230.00252
2011-06-21 22:00:00,176.40916
2011-06-21 23:00:00,87.98932
2011-06-22 00:00:00,40.6985
2011-06-22 01:00:00,17.995638
2011-06-22 02:00:00,5.8677416
2011-06-22 03:00:00,5.137908
2011-06-22 04:00:00,5.298572
2011-06-22 05:00:00,20.865913
2011-06-22 06:00:00,102.86858
2011-06-22 07:00:00,306.88382
2011-06-22 08:00:00,430.3321
2011-06-22 09:00:00,198.83968
2011-06-22 10:00:00,127.65548
2011-06-22 11:00:00,159.94386
2011-06-22 12:00:00,163.83534
2011-06-22 13:00:00,154.48798
2011-06-22 14:00:00,160.20024
2011-06-22 15:00:00,139.81827
2011-06-22 16:00:00,216.53297
2011-06-22 17:00:00,467.52502
2011-06-22 18:00:00,451.67407
2011-06-22 19:00:00,360.17197
2011-06-22 20:00:00,284.90884
2011-06-22 21:00:00,208.60661
2011-06-22 22:00:00,122.91972
2011-06-22 23:00:00,88.92048
2011-06-23 00:00:00,38.72673
2011-06-23 01:00:00,22.91771
2011-06-23 02:00:00,8.789591
2011-06-23 03:00:00,5.0862265
2011-06-23 04:00:00,7.2476463
2011-06-23 05:00:00,28.697079
2011-06-23 06:00:00,128.21101
2011-06-23 07:00:00,330.10196
2011-06-23 08:00:00,425.79425
2011-06-23 09:00:00,204.37991
2011-06-23 10:00:00,128.65143
2011-06-23 11:00:00,145.24438
2011-06-23 12:00:00,170.51463
2011-06-23 13:00:00,161.28128
2011-06-23 14:00:00,159.11838
2011-06-23 15:00:00,175.49644
2011-06-23 16:00:00,227.22777
2011-06-23 17:00:00,429.28525
2011-06-23 18:00:00,499.90018
2011-06-23 19:00:00,380.13998
2011-06-23 20:00:00,286.15628
2011-06-23 21:00:00,242.70055
2011-06-23 22:00:00,132.89394
2011-06-23 23:00:00,129.90147
2011-06-24 00:00:00,49.813103
2011-06-24 01:00:00,21.903397
2011-06-24 02:00:00,12.314289
2011-06-24 03:00:00,5.9761863
2011-06-24 04:00:00,7.5060186
2011-06-24 05:00:00,17.624893
2011-06-24 06:00:00,94.84038
2011-06-24 07:00:00,301.12137
2011-06-24 08:00:00,402.20166
2011-06-24 09:00:00,223.96709
2011-06-24 10:00:00,134.07755
2011-06-24 11:00:00,155.13376
2011-06-24 12:00:00,229.97443
2011-06-24 13:00:00,236.15948
2011-06-24 14:00:00,212.24028
2011-06-24 15:00:00,252.93489
2011-06-24 16:00:00,362.9521
2011-06-24 17:00:00,587.0663
2011-06-24 18:00:00,508.58264
2011-06-24 19:00:00,377.56363
2011-06-24 20:00:00,307.39175
2011-06-24 21:00:00,256.43527
2011-06-24 22:00:00,226.6961
2011-06-24 23:00:00,161.88606
2011-06-25 00:00:00,114.10962
2011-06-25 01:00:00,84.10082
2011-06-25 02:00:00,80.59544
2011-06-25 03:00:00,43.057747
2011-06-25 04:00:00,16.087065
2011-06-25 05:00:00,16.959354
2011-06-25 06:00:00,44.254284
2011-06-25 07:00:00,73.31036
2011-06-25 08:00:00,133.30728
2011-06-25 09:00:00,202.26254
2011-06-25 10:00:00,289.0123
2011-06-25 11:00:00,341.7165
2011-06-25 12:00:00,414.74048
2011-06-25 13:00:00,409.71674
2011-06-25 14:00:00,419.61826
2011-06-25 15:00:00,400.737
2011-06-25 16:00:00,436.59677
2011-06-25 17:00:00,429.50012
2011-06-25 18:00:00,390.16092
2011-06-25 19:00:00,353.75723
2011-06-25 20:00:00,310.36575
2011-06-25 21:00:00,264.6202
2011-06-25 22:00:00,242.26726
2011-06-25 23:00:00,122.16903
2011-06-26 00:00:00,98.85077
2011-06-26 01:00:00,79.50072
2011-06-26 02:00:00,77.14677
2011-06-26 03:00:00,42.635654
2011-06-26 04:00:00,18.536846
2011-06-26 05:00:00,19.310383
2011-06-26 06:00:00,38.12427
2011-06-26 07:00:00,45.159355
2011-06-26 08:00:00,93.38952
2011-06-26 09:00:00,168.40079
2011-06-26 10:00:00,278.22638
2011-06-26 11:00:00,346.3289
2011-06-26 12:00:00,415.2338
2011-06-26 13:00:00,384.04514
2011-06-26 14:00:00,383.46115
2011-06-26 15:00:00,351.44745
2011-06-26 16:00:00,403.17203
2011-06-26 17:00:00,351.4898
2011-06-26 18:00:00,375.7779
2011-06-26 19:00:00,321.84616
2011-06-26 20:00:00,263.45953
2011-06-26 21:00:00,158.0362
2011-06-26 22:00:00,195.49487
2011-06-26 23:00:00,104.57141
2011-06-27 00:00:00,40.343353
2011-06-27 01:00:00,12.180792
2011-06-27 02:00:00,8.285904
2011-06-27 03:00:00,6.571881
2011-06-27 04:00:00,6.0984735
2011-06-27 05:00:00,16.481907
2011-06-27 06:00:00,103.29441
2011-06-27 07:00:00,316.3835
2011-06-27 08:00:00,338.07407
2011-06-27 09:00:00,205.26587
2011-06-27 10:00:00,127.26486
2011-06-27 11:00:00,147.28131
2011-06-27 12:00:00,187.5732
2011-06-27 13:00:00,172.64847
2011-06-27 14:00:00,155.13197
2011-06-27 15:00:00,164.39735
2011-06-27 16:00:00,284.80212
2011-06-27 17:00:00,551.11426
2011-06-27 18:00:00,500.1245
2011-06-27 19:00:00,399.84186
2011-06-27 20:00:00,284.28375
2011-06-27 21:00:00,207.58752
2011-06-27 22:00:00,128.6086
2011-06-27 23:00:00,82.24906
2011-06-28 00:00:00,35.272175
2011-06-28 01:00:00,18.456072
2011-06-28 02:00:00,11.060451
2011-06-28 03:00:00,5.344171
2011-06-28 04:00:00,6.4145722
2011-06-28 05:00:00,20.934523
2011-06-28 06:00:00,107.8548
2011-06-28 07:00:00,310.58823
2011-06-28 08:00:00,433.00113
2011-06-28 09:00:00,190.52124
2011-06-28 10:00:00,126.393654
2011-06-28 11:00:00,137.07373
2011-06-28 12:00:00,169.07071
2011-06-28 13:00:00,161.3981
2011-06-28 14:00:00,146.10281
2011-06-28 15:00:00,140.48831
2011-06-28 16:00:00,248.84271
2011-06-28 17:00:00,417.31107
2011-06-28 18:00:00,342.9232
2011-06-28 19:00:00,326.37952
2011-06-28 20:00:00,273.3114
2011-06-28 21:00:00,213.07233
2011-06-28 22:00:00,148.65352
2011-06-28 23:00:00,100.77943
2011-06-29 00:00:00,27.53758
2011-06-29 01:00:00,17.053703
2011-06-29 02:00:00,6.3095284
2011-06-29 03:00:00,4.8961697
2011-06-29 04:00:00,5.3988433
2011-06-29 05:00:00,25.660017
2011-06-29 06:00:00,101.45109
2011-06-29 07:00:00,322.95013
2011-06-29 08:00:00,454.21378
2011-06-29 09:00:00,217.26184
2011-06-29 10:00:00,129.40942
2011-06-29 11:00:00,170.19736
2011-06-29 12:00:00,211.05261
2011-06-29 13:00:00,183.07951
2011-06-29 14:00:00,173.7464
2011-06-29 15:00:00,181.97598
2011-06-29 16:00:00,290.79184
2011-06-29 17:00:00,582.7919
2011-06-29 18:00:00,571.21893
2011-06-29 19:00:00,386.31122
2011-06-29 20:00:00,298.44022
2011-06-29 21:00:00,244.94264
2011-06-29 22:00:00,208.92108
2011-06-29 23:00:00,105.06893
2011-06-30 00:00:00,45.288948
2011-06-30 01:00:00,20.1987
2011-06-30 02:00:00,7.226125
2011-06-30 03:00:00,6.199563
2011-06-30 04:00:00,5.688836
2011-06-30 05:00:00,23.247585
2011-06-30 06:00:00,119.128365
2011-06-30 07:00:00,363.92593
2011-06-30 08:00:00,469.96857
2011-06-30 09:00:00,212.93181
2011-06-30 10:00:00,129.81973
2011-06-30 11:00:00,167.11409
2011-06-30 12:00:00,210.9304
2011-06-30 13:00:00,193.51591
2011-06-30 14:00:00,169.28104
2011-06-30 15:00:00,178.2268
2011-06-30 16:00:00,296.76123
2011-06-30 17:00:00,594.17584
2011-06-30 18:00:00,555.8379
2011-06-30 19:00:00,404.25195
2011-06-30 20:00:00,317.39227
2011-06-30 21:00:00,253.08266
2011-06-30 22:00:00,206.03072
2011-06-30 23:00:00,150.5786
2011-07-20 00:00:00,31.635649
2011-07-20 01:00:00,18.283503
2011-07-20 02:00:00,7.0057926
2011-07-20 03:00:00,5.122102
2011-07-20 04:00:00,6.59244
2011-07-20 05:00:00,23.366957
2011-07-20 06:00:00,130.57346
2011-07-20 07:00:00,313.8342
2011-07-20 08:00:00,434.22968
2011-07-20 09:00:00,189.60735
2011-07-20 10:00:00,125.61425
2011-07-20 11:00:00,138.50046
2011-07-20 12:00:00,149.2727
2011-07-20 13:00:00,149.46472
2011-07-20 14:00:00,142.0316
2011-07-20 15:00:00,145.64836
2011-07-20 16:00:00,229.97134
2011-07-20 17:00:00,519.0403
2011-07-20 18:00:00,487.40823
2011-07-20 19:00:00,380.20743
2011-07-20 20:00:00,276.8422
2011-07-20 21:00:00,208.81691
2011-07-20 22:00:00,153.39041
2011-07-20 23:00:00,104.95368
2011-07-21 00:00:00,45.54816
2011-07-21 01:00:00,18.189356
2011-07-21 02:00:00,6.877829
2011-07-21 03:00:00,4.5381474
2011-07-21 04:00:00,6.5264773
2011-07-21 05:00:00,20.736334
2011-07-21 06:00:00,122.446144
2011-07-21 07:00:00,305.58728
2011-07-21 08:00:00,434.2359
2011-07-21 09:00:00,209.54451
2011-07-21 10:00:00,129.59897
2011-07-21 11:00:00,142.69588
2011-07-21 12:00:00,153.11392
2011-07-21 13:00:00,151.04378
2011-07-21 14:00:00,159.19566
2011-07-21 15:00:00,163.58496
2011-07-21 16:00:00,234.34149
2011-07-21 17:00:00,508.68082
2011-07-21 18:00:00,475.14816
2011-07-21 19:00:00,345.94952
2011-07-21 20:00:00,281.56686
2011-07-21 21:00:00,227.22832
2011-07-21 22:00:00,163.39241
2011-07-21 23:00:00,115.169815
2011-07-22 00:00:00,77.0076
2011-07-22 01:00:00,28.917025
2011-07-22 02:00:00,14.070598
2011-07-22 03:00:00,6.142606
2011-07-22 04:00:00,7.9940715
2011-07-22 05:00:00,22.517435
2011-07-22 06:00:00,103.85469
2011-07-22 07:00:00,275.7186
2011-07-22 08:00:00,384.6631
2011-07-22 09:00:00,191.3629
2011-07-22 10:00:00,135.63675
2011-07-22 11:00:00,149.18501
2011-07-22 12:00:00,177.80937
2011-07-22 13:00:00,184.0123
2011-07-22 14:00:00,175.38312
2011-07-22 15:00:00,186.12569
2011-07-22 16:00:00,251.98325
2011-07-22 17:00:00,413.381
2011-07-22 18:00:00,428.84784
2011-07-22 19:00:00,299.1331
2011-07-22 20:00:00,251.0115
2011-07-22 21:00:00,216.77823
2011-07-22 22:00:00,133.88998
2011-07-22 23:00:00,118.48111
2011-07-23 00:00:00,102.8993
2011-07-23 01:00:00,76.45341
2011-07-23 02:00:00,68.427765
2011-07-23 03:00:00,27.566177
2011-07-23 04:00:00,12.254619
2011-07-23 05:00:00,13.029515
2011-07-23 06:00:00,40.251656
2011-07-23 07:00:00,64.83477
2011-07-23 08:00:00,140.4504
2011-07-23 09:00:00,205.76108
2011-07-23 10:00:00,227.73132
2011-07-23 11:00:00,282.82675
2011-07-23 12:00:00,336.614
2011-07-23 13:00:00,318.4085
2011-07-23 14:00:00,314.701
2011-07-23 15:00:00,300.27905
2011-07-23 16:00:00,324.02176
2011-07-23 17:00:00,327.15503
2011-07-23 18:00:00,330.4305
2011-07-23 19:00:00,290.3725
2011-07-23 20:00:00,250.35612
2011-07-23 21:00:00,219.85918
2011-07-23 22:00:00,200.95972
2011-07-23 23:00:00,128.57906
2011-07-24 00:00:00,110.89498
2011-07-24 01:00:00,90.58087
2011-07-24 02:00:00,81.7023
2011-07-24 03:00:00,33.73266
2011-07-24 04:00:00,12.215229
2011-07-24 05:00:00,15.353227
2011-07-24 06:00:00,35.67703
2011-07-24 07:00:00,44.68198
2011-07-24 08:00:00,92.37356
2011-07-24 09:00:00,155.30278
2011-07-24 10:00:00,235.3026
2011-07-24 11:00:00,328.37296
2011-07-24 12:00:00,322.5307
2011-07-24 13:00:00,320.68076
2011-07-24 14:00:00,340.8831
2011-07-24 15:00:00,308.43967
2011-07-24 16:00:00,327.08554
2011-07-24 17:00:00,304.00928
2011-07-24 18:00:00,300.79465
2011-07-24 19:00:00,298.73434
2011-07-24 20:00:00,262.49182
2011-07-24 21:00:00,182.29437
2011-07-24 22:00:00,155.3906
2011-07-24 23:00:00,89.35493
2011-07-25 00:00:00,37.067417
2011-07-25 01:00:00,12.520761
2011-07-25 02:00:00,8.436955
2011-07-25 03:00:00,4.3528533
2011-07-25 04:00:00,7.2846956
2011-07-25 05:00:00,20.188072
2011-07-25 06:00:00,119.40116
2011-07-25 07:00:00,301.20377
2011-07-25 08:00:00,394.27448
2011-07-25 09:00:00,196.24031
2011-07-25 10:00:00,115.13022
2011-07-25 11:00:00,147.52205
2011-07-25 12:00:00,168.29985
2011-07-25 13:00:00,163.06453
2011-07-25 14:00:00,144.87762
2011-07-25 15:00:00,117.719826
2011-07-25 16:00:00,111.91264
2011-07-25 17:00:00,470.05975
2011-07-25 18:00:00,400.0998
2011-07-25 19:00:00,375.5769
2011-07-25 20:00:00,270.3775
2011-07-25 21:00:00,159.23035
2011-07-25 22:00:00,119.29247
2011-07-25 23:00:00,80.70037
2011-07-26 00:00:00,35.324394
2011-07-26 01:00:00,19.167933
2011-07-26 02:00:00,9.369303
2011-07-26 03:00:00,4.1212397
2011-07-26 04:00:00,5.8380423
2011-07-26 05:00:00,18.522663
2011-07-26 06:00:00,119.56449
2011-07-26 07:00:00,304.1156
2011-07-26 08:00:00,429.6541
2011-07-26 09:00:00,203.11891
2011-07-26 10:00:00,128.34343
2011-07-26 11:00:00,135.67181
2011-07-26 12:00:00,188.38014
2011-07-26 13:00:00,187.64856
2011-07-26 14:00:00,165.73743
2011-07-26 15:00:00,164.80054
2011-07-26 16:00:00,266.8009
2011-07-26 17:00:00,557.08673
2011-07-26 18:00:00,520.87726
2011-07-26 19:00:00,389.5731
2011-07-26 20:00:00,304.80704
2011-07-26 21:00:00,248.65967
2011-07-26 22:00:00,170.04672
2011-07-26 23:00:00,91.57159
2011-07-27 00:00:00,41.550117
2011-07-27 01:00:00,15.147273
2011-07-27 02:00:00,7.1692734
2011-07-27 03:00:00,4.186604
2011-07-27 04:00:00,5.5799356
2011-07-27 05:00:00,26.261013
2011-07-27 06:00:00,112.40161
2011-07-27 07:00:00,323.0824
2011-07-27 08:00:00,457.92847
2011-07-27 09:00:00,230.14961
2011-07-27 10:00:00,118.24383
2011-07-27 11:00:00,137.4869
2011-07-27 12:00:00,201.54416
2011-07-27 13:00:00,184.88278
2011-07-27 14:00:00,171.31207
2011-07-27 15:00:00,172.10193
2011-07-27 16:00:00,277.9839
2011-07-27 17:00:00,550.09
2011-07-27 18:00:00,544.42334
2011-07-27 19:00:00,369.23566
2011-07-27 20:00:00,315.10287
2011-07-27 21:00:00,252.14362
2011-07-27 22:00:00,189.6778
2011-07-27 23:00:00,98.967155
2011-07-28 00:00:00,48.376255
2011-07-28 01:00:00,18.088976
2011-07-28 02:00:00,8.587483
2011-07-28 03:00:00,4.9654536
2011-07-28 04:00:00,6.5443554
2011-07-28 05:00:00,23.575232
2011-07-28 06:00:00,109.19094
2011-07-28 07:00:00,322.5674
2011-07-28 08:00:00,461.28952
2011-07-28 09:00:00,205.86858
2011-07-28 10:00:00,115.418304
2011-07-28 11:00:00,137.82024
2011-07-28 12:00:00,166.21906
2011-07-28 13:00:00,149.4828
2011-07-28 14:00:00,154.51785
2011-07-28 15:00:00,153.13008
2011-07-28 16:00:00,253.73167
2011-07-28 17:00:00,560.26544
2011-07-28 18:00:00,469.1637
2011-07-28 19:00:00,356.46277
2011-07-28 20:00:00,272.1831
2011-07-28 21:00:00,216.06204
2011-07-28 22:00:00,152.26952
2011-07-28 23:00:00,116.45834
2011-07-29 00:00:00,54.16882
2011-07-29 01:00:00,30.506636
2011-07-29 02:00:00,13.394543
2011-07-29 03:00:00,4.765458
2011-07-29 04:00:00,6.707241
2011-07-29 05:00:00,20.9824
2011-07-29 06:00:00,106.111725
2011-07-29 07:00:00,269.7678
2011-07-29 08:00:00,384.7004
2011-07-29 09:00:00,184.9076
2011-07-29 10:00:00,128.92603
2011-07-29 11:00:00,158.94554
2011-07-29 12:00:00,179.99504
2011-07-29 13:00:00,158.49544
2011-07-29 14:00:00,162.7454
2011-07-29 15:00:00,178.70996
2011-07-29 16:00:00,301.45605
2011-07-29 17:00:00,490.14584
2011-07-29 18:00:00,473.17606
2011-07-29 19:00:00,334.97623
2011-07-29 20:00:00,284.1007
2011-07-29 21:00:00,249.0743
2011-07-29 22:00:00,211.29309
2011-07-29 23:00:00,131.93416
2011-07-30 00:00:00,113.8573
2011-07-30 01:00:00,74.27265
2011-07-30 02:00:00,74.30899
2011-07-30 03:00:00,29.159029
2011-07-30 04:00:00,16.801102
2011-07-30 05:00:00,9.754949
2011-07-30 06:00:00,38.391438
2011-07-30 07:00:00,52.06046
2011-07-30 08:00:00,137.12259
2011-07-30 09:00:00,190.0055
2011-07-30 10:00:00,262.0504
2011-07-30 11:00:00,324.2247
2011-07-30 12:00:00,398.55682
2011-07-30 13:00:00,305.79904
2011-07-30 14:00:00,304.1834
2011-07-30 15:00:00,325.78372
2011-07-30 16:00:00,341.38297
2011-07-30 17:00:00,342.16162
2011-07-30 18:00:00,339.51254
2011-07-30 19:00:00,350.5939
2011-07-30 20:00:00,260.31418
2011-07-30 21:00:00,252.57588
2011-07-30 22:00:00,215.31635
2011-07-30 23:00:00,132.20071
2011-07-31 00:00:00,107.349884
2011-07-31 01:00:00,81.489426
2011-07-31 02:00:00,79.88568
2011-07-31 03:00:00,28.688782
2011-07-31 04:00:00,13.211196
2011-07-31 05:00:00,15.657678
2011-07-31 06:00:00,34.71111
2011-07-31 07:00:00,62.569843
2011-07-31 08:00:00,98.10203
2011-07-31 09:00:00,163.95888
2011-07-31 10:00:00,233.6208
2011-07-31 11:00:00,267.77585
2011-07-31 12:00:00,357.59534
2011-07-31 13:00:00,321.92252
2011-07-31 14:00:00,316.7892
2011-07-31 15:00:00,321.49982
2011-07-31 16:00:00,321.18442
2011-07-31 17:00:00,299.09286
2011-07-31 18:00:00,321.88757
2011-07-31 19:00:00,313.34216
2011-07-31 20:00:00,268.37323
2011-07-31 21:00:00,219.39313
2011-07-31 22:00:00,135.12009
2011-07-31 23:00:00,88.56555
2011-08-20 00:00:00,94.93232
2011-08-20 01:00:00,100.93047
2011-08-20 02:00:00,66.767395
2011-08-20 03:00:00,30.538095
2011-08-20 04:00:00,14.23517
2011-08-20 05:00:00,13.777922
2011-08-20 06:00:00,21.076662
2011-08-20 07:00:00,62.050148
2011-08-20 08:00:00,128.34319
2011-08-20 09:00:00,216.43362
2011-08-20 10:00:00,291.7413
2011-08-20 11:00:00,355.4274
2011-08-20 12:00:00,414.85727
2011-08-20 13:00:00,368.41214
2011-08-20 14:00:00,397.39648
2011-08-20 15:00:00,367.2584
2011-08-20 16:00:00,370.01062
2011-08-20 17:00:00,412.23578
2011-08-20 18:00:00,335.96616
2011-08-20 19:00:00,341.97626
2011-08-20 20:00:00,268.5475
2011-08-20 21:00:00,226.66061
2011-08-20 22:00:00,120.61977
2011-08-20 23:00:00,120.35231
2011-08-21 00:00:00,118.73086
2011-08-21 01:00:00,104.65783
2011-08-21 02:00:00,108.987946
2011-08-21 03:00:00,45.34181
2011-08-21 04:00:00,10.0013485
2011-08-21 05:00:00,9.944059
2011-08-21 06:00:00,21.490622
2011-08-21 07:00:00,47.921726
2011-08-21 08:00:00,85.032715
2011-08-21 09:00:00,177.23936
2011-08-21 10:00:00,253.1459
2011-08-21 11:00:00,308.9045
2011-08-21 12:00:00,373.99234
2011-08-21 13:00:00,366.2084
2011-08-21 14:00:00,260.59082
2011-08-21 15:00:00,120.41656
2011-08-21 16:00:00,271.13895
2011-08-21 17:00:00,182.55002
2011-08-21 18:00:00,197.59306
2011-08-21 19:00:00,312.39404
2011-08-21 20:00:00,193.25787
2011-08-21 21:00:00,153.59764
2011-08-21 22:00:00,113.82066
2011-08-21 23:00:00,80.28947
2011-08-22 00:00:00,35.81181
2011-08-22 01:00:00,16.460697
2011-08-22 02:00:00,12.224004
2011-08-22 03:00:00,5.877138
2011-08-22 04:00:00,6.2766113
2011-08-22 05:00:00,33.465446
2011-08-22 06:00:00,103.02383
2011-08-22 07:00:00,279.91617
2011-08-22 08:00:00,385.4121
2011-08-22 09:00:00,202.10887
2011-08-22 10:00:00,128.86069
2011-08-22 11:00:00,142.53577
2011-08-22 12:00:00,200.41635
2011-08-22 13:00:00,196.36592
2011-08-22 14:00:00,173.1935
2011-08-22 15:00:00,183.70166
2011-08-22 16:00:00,296.4496
2011-08-22 17:00:00,558.1064
2011-08-22 18:00:00,535.1369
2011-08-22 19:00:00,410.79434
2011-08-22 20:00:00,321.0058
2011-08-22 21:00:00,218.93898
2011-08-22 22:00:00,128.96538
2011-08-22 23:00:00,89.20215
2011-08-23 00:00:00,39.058285
2011-08-23 01:00:00,11.27948
2011-08-23 02:00:00,6.273999
2011-08-23 03:00:00,3.3574598
2011-08-23 04:00:00,4.725034
2011-08-23 05:00:00,26.141916
2011-08-23 06:00:00,106.99434
2011-08-23 07:00:00,289.04688
2011-08-23 08:00:00,442.64835
2011-08-23 09:00:00,215.1825
2011-08-23 10:00:00,133.96172
2011-08-23 11:00:00,144.497
2011-08-23 12:00:00,194.60593
2011-08-23 13:00:00,202.38402
2011-08-23 14:00:00,179.46625
2011-08-23 15:00:00,183.00414
2011-08-23 16:00:00,304.21033
2011-08-23 17:00:00,562.2715
2011-08-23 18:00:00,542.9849
2011-08-23 19:00:00,378.6186
2011-08-23 20:00:00,300.78632
2011-08-23 21:00:00,224.35542
2011-08-23 22:00:00,168.48442
2011-08-23 23:00:00,83.13516
2011-08-24 00:00:00,38.315887
2011-08-24 01:00:00,13.589215
2011-08-24 02:00:00,8.005267
2011-08-24 03:00:00,3.998185
2011-08-24 04:00:00,4.6449814
2011-08-24 05:00:00,24.812117
2011-08-24 06:00:00,111.44027
2011-08-24 07:00:00,295.4416
2011-08-24 08:00:00,427.85898
2011-08-24 09:00:00,209.7836
2011-08-24 10:00:00,129.2986
2011-08-24 11:00:00,157.74535
2011-08-24 12:00:00,179.33911
2011-08-24 13:00:00,191.62761
2011-08-24 14:00:00,184.67107
2011-08-24 15:00:00,188.02936
2011-08-24 16:00:00,290.75732
2011-08-24 17:00:00,563.2537
2011-08-24 18:00:00,508.33948
2011-08-24 19:00:00,372.81763
2011-08-24 20:00:00,273.60025
2011-08-24 21:00:00,226.48254
2011-08-24 22:00:00,142.49702
2011-08-24 23:00:00,104.759094
2011-08-25 00:00:00,47.935596
2011-08-25 01:00:00,23.780813
2011-08-25 02:00:00,9.427342
2011-08-25 03:00:00,5.775438
2011-08-25 04:00:00,7.465479
2011-08-25 05:00:00,27.907427
2011-08-25 06:00:00,109.12923
2011-08-25 07:00:00,247.81386
2011-08-25 08:00:00,376.78302
2011-08-25 09:00:00,197.92517
2011-08-25 10:00:00,126.75177
2011-08-25 11:00:00,72.193634
2011-08-25 12:00:00,90.97803
2011-08-25 13:00:00,125.29051
2011-08-25 14:00:00,128.59741
2011-08-25 15:00:00,149.13576
2011-08-25 16:00:00,107.92925
2011-08-25 17:00:00,213.64934
2011-08-25 18:00:00,225.78645
2011-08-25 19:00:00,215.00372
2011-08-25 20:00:00,219.48332
2011-08-25 21:00:00,205.43018
2011-08-25 22:00:00,139.66968
2011-08-25 23:00:00,121.95912
2011-08-26 00:00:00,42.956886
2011-08-26 01:00:00,20.585335
2011-08-26 02:00:00,11.186189
2011-08-26 03:00:00,4.876983
2011-08-26 04:00:00,7.3547153
2011-08-26 05:00:00,17.33628
2011-08-26 06:00:00,77.861374
2011-08-26 07:00:00,260.36316
2011-08-26 08:00:00,421.36157
2011-08-26 09:00:00,219.74779
2011-08-26 10:00:00,158.707
2011-08-26 11:00:00,174.9198
2011-08-26 12:00:00,227.06436
2011-08-26 13:00:00,217.62276
2011-08-26 14:00:00,193.08278
2011-08-26 15:00:00,211.35374
2011-08-26 16:00:00,319.36444
2011-08-26 17:00:00,373.2382
2011-08-26 18:00:00,323.39114
2011-08-26 19:00:00,240.58012
2011-08-26 20:00:00,199.33533
2011-08-26 21:00:00,173.81082
2011-08-26 22:00:00,158.17184
2011-08-26 23:00:00,119.181076
2011-08-27 00:00:00,95.39081
2011-08-27 01:00:00,77.964134
2011-08-27 02:00:00,80.62463
2011-08-27 03:00:00,39.268337
2011-08-27 04:00:00,11.212465
2011-08-27 05:00:00,11.214661
2011-08-27 06:00:00,37.78868
2011-08-27 07:00:00,55.193626
2011-08-27 08:00:00,95.98912
2011-08-27 09:00:00,150.42603
2011-08-27 10:00:00,193.90828
2011-08-27 11:00:00,153.04669
2011-08-27 12:00:00,160.50175
2011-08-27 13:00:00,185.72548
2011-08-27 14:00:00,142.36407
2011-08-27 15:00:00,180.02948
2011-08-27 16:00:00,133.84341
2011-08-27 17:00:00,126.43132
2011-08-28 07:00:00,78.348526
2011-08-28 08:00:00,99.30335
2011-08-28 09:00:00,154.34828
2011-08-28 10:00:00,235.92336
2011-08-28 11:00:00,341.67337
2011-08-28 12:00:00,410.08862
2011-08-28 13:00:00,413.42368
2011-08-28 14:00:00,336.87943
2011-08-28 15:00:00,350.69434
2011-08-28 16:00:00,359.88843
2011-08-28 17:00:00,424.11008
2011-08-28 18:00:00,384.85495
2011-08-28 19:00:00,335.5509
2011-08-28 20:00:00,264.8356
2011-08-28 21:00:00,203.28171
2011-08-28 22:00:00,117.25923
2011-08-28 23:00:00,76.29657
2011-08-29 00:00:00,27.824057
2011-08-29 01:00:00,10.991112
2011-08-29 02:00:00,9.526563
2011-08-29 03:00:00,4.171114
2011-08-29 04:00:00,5.314003
2011-08-29 05:00:00,25.152782
2011-08-29 06:00:00,110.907364
2011-08-29 07:00:00,335.63196
2011-08-29 08:00:00,407.1759
2011-08-29 09:00:00,195.40747
2011-08-29 10:00:00,126.28406
2011-08-29 11:00:00,149.81015
2011-08-29 12:00:00,209.03653
2011-08-29 13:00:00,212.20856
2011-08-29 14:00:00,184.84901
2011-08-29 15:00:00,190.93529
2011-08-29 16:00:00,285.9953
2011-08-29 17:00:00,561.3896
2011-08-29 18:00:00,531.7086
2011-08-29 19:00:00,379.1767
2011-08-29 20:00:00,285.5547
2011-08-29 21:00:00,219.45316
2011-08-29 22:00:00,144.51892
2011-08-29 23:00:00,74.484215
2011-08-30 00:00:00,35.874687
2011-08-30 01:00:00,12.312391
2011-08-30 02:00:00,7.0212016
2011-08-30 03:00:00,4.2212386
2011-08-30 04:00:00,5.7118607
2011-08-30 05:00:00,22.762573
2011-08-30 06:00:00,113.49967
2011-08-30 07:00:00,314.4497
2011-08-30 08:00:00,419.93427
2011-08-30 09:00:00,196.49818
2011-08-30 10:00:00,128.8296
2011-08-30 11:00:00,146.92552
2011-08-30 12:00:00,183.74333
2011-08-30 13:00:00,202.86804
2011-08-30 14:00:00,181.55531
2011-08-30 15:00:00,182.1634
2011-08-30 16:00:00,298.76495
2011-08-30 17:00:00,538.86487
2011-08-30 18:00:00,539.58514
2011-08-30 19:00:00,354.77707
2011-08-30 20:00:00,299.87506
2011-08-30 21:00:00,196.25687
2011-08-30 22:00:00,157.91037
2011-08-30 23:00:00,78.72319
2011-08-31 00:00:00,26.923416
2011-08-31 01:00:00,10.108458
2011-08-31 02:00:00,8.21469
2011-08-31 03:00:00,4.167074
2011-08-31 04:00:00,5.534724
2011-08-31 05:00:00,22.586546
2011-08-31 06:00:00,100.98886
2011-08-31 07:00:00,302.55225
2011-08-31 08:00:00,419.58536
2011-08-31 09:00:00,198.54991
2011-08-31 10:00:00,127.14303
2011-08-31 11:00:00,155.04735
2011-08-31 12:00:00,196.51486
2011-08-31 13:00:00,209.746
2011-08-31 14:00:00,181.91762
2011-08-31 15:00:00,196.07129
2011-08-31 16:00:00,298.6709
2011-08-31 17:00:00,543.93774
2011-08-31 18:00:00,568.6112
2011-08-31 19:00:00,389.0557
2011-08-31 20:00:00,292.34384
2011-08-31 21:00:00,224.75768
2011-08-31 22:00:00,148.52548
2011-08-31 23:00:00,91.68837
2011-09-20 00:00:00,31.937489
2011-09-20 01:00:00,9.633583
2011-09-20 02:00:00,5.3687997
2011-09-20 03:00:00,3.4872723
2011-09-20 04:00:00,5.3722167
2011-09-20 05:00:00,20.25493
2011-09-20 06:00:00,103.178894
2011-09-20 07:00:00,285.61633
2011-09-20 08:00:00,249.37175
2011-09-20 09:00:00,195.9179
2011-09-20 10:00:00,112.22703
2011-09-20 11:00:00,106.92073
2011-09-20 12:00:00,83.40523
2011-09-20 13:00:00,76.38763
2011-09-20 14:00:00,94.37928
2011-09-20 15:00:00,149.77866
2011-09-20 16:00:00,180.7193
2011-09-20 17:00:00,364.7564
2011-09-20 18:00:00,337.0167
2011-09-20 19:00:00,184.12967
2011-09-20 20:00:00,105.053764
2011-09-20 21:00:00,90.41347
2011-09-20 22:00:00,116.10267
2011-09-20 23:00:00,64.77293
2011-09-21 00:00:00,23.852766
2011-09-21 01:00:00,8.604813
2011-09-21 02:00:00,6.3581495
2011-09-21 03:00:00,2.3920465
2011-09-21 04:00:00,5.116137
2011-09-21 05:00:00,14.003277
2011-09-21 06:00:00,78.5057
2011-09-21 07:00:00,153.61363
2011-09-21 08:00:00,239.10818
2011-09-21 09:00:00,79.09657
2011-09-21 10:00:00,94.01871
2011-09-21 11:00:00,123.731125
2011-09-21 12:00:00,155.83936
2011-09-21 13:00:00,163.16696
2011-09-21 14:00:00,153.6474
2011-09-21 15:00:00,142.94475
2011-09-21 16:00:00,247.32422
2011-09-21 17:00:00,433.54224
2011-09-21 18:00:00,308.8949
2011-09-21 19:00:00,197.18704
2011-09-21 20:00:00,134.08347
2011-09-21 21:00:00,95.31592
2011-09-21 22:00:00,127.74926
2011-09-21 23:00:00,75.066925
2011-09-22 00:00:00,24.189537
2011-09-22 01:00:00,6.4544115
2011-09-22 02:00:00,6.3450575
2011-09-22 03:00:00,2.5302296
2011-09-22 04:00:00,3.607317
2011-09-22 05:00:00,15.716109
2011-09-22 06:00:00,80.82755
2011-09-22 07:00:00,135.22359
2011-09-22 08:00:00,218.54468
2011-09-22 09:00:00,126.14751
2011-09-22 10:00:00,108.2613
2011-09-22 11:00:00,122.43914
2011-09-22 12:00:00,144.78096
2011-09-22 13:00:00,130.82426
2011-09-22 14:00:00,124.38613
2011-09-22 15:00:00,128.58635
2011-09-22 16:00:00,248.43893
2011-09-22 17:00:00,338.90485
2011-09-22 18:00:00,257.74176
2011-09-22 19:00:00,170.13443
2011-09-22 20:00:00,104.499146
2011-09-22 21:00:00,113.77945
2011-09-22 22:00:00,133.45203
2011-09-22 23:00:00,79.57618
2011-09-23 00:00:00,19.834324
2011-09-23 01:00:00,14.359853
2011-09-23 02:00:00,9.703825
2011-09-23 03:00:00,3.7162936
2011-09-23 04:00:00,3.4782648
2011-09-23 05:00:00,15.005746
2011-09-23 06:00:00,69.82692
2011-09-23 07:00:00,134.24388
2011-09-23 08:00:00,202.17474
2011-09-23 09:00:00,118.523735
2011-09-23 10:00:00,88.48265
2011-09-23 11:00:00,113.29577
2011-09-23 12:00:00,100.77035
2011-09-23 13:00:00,97.403
2011-09-23 14:00:00,95.82406
2011-09-23 15:00:00,103.91366
2011-09-23 16:00:00,261.85794
2011-09-23 17:00:00,176.86945
2011-09-23 18:00:00,179.19823
2011-09-23 19:00:00,157.53452
2011-09-23 20:00:00,129.60065
2011-09-23 21:00:00,104.401596
2011-09-23 22:00:00,120.73192
2011-09-23 23:00:00,98.522026
2011-09-24 00:00:00,81.42958
2011-09-24 01:00:00,86.71722
2011-09-24 02:00:00,57.746788
2011-09-24 03:00:00,31.126364
2011-09-24 04:00:00,11.820466
2011-09-24 05:00:00,12.714312
2011-09-24 06:00:00,13.8667965
2011-09-24 07:00:00,57.860374
2011-09-24 08:00:00,73.37173
2011-09-24 09:00:00,129.22916
2011-09-24 10:00:00,186.20093
2011-09-24 11:00:00,222.137
2011-09-24 12:00:00,260.38345
2011-09-24 13:00:00,349.30835
2011-09-24 14:00:00,280.43542
2011-09-24 15:00:00,265.317
2011-09-24 16:00:00,372.2932
2011-09-24 17:00:00,323.53595
2011-09-24 18:00:00,317.71872
2011-09-24 19:00:00,197.39299
2011-09-24 20:00:00,116.08391
2011-09-24 21:00:00,108.22895
2011-09-24 22:00:00,121.26927
2011-09-24 23:00:00,103.9
2011-09-25 00:00:00,98.17147
2011-09-25 01:00:00,83.08178
2011-09-25 02:00:00,42.98168
2011-09-25 03:00:00,33.264664
2011-09-25 04:00:00,8.87059
2011-09-25 05:00:00,20.865757
2011-09-25 06:00:00,20.828333
2011-09-25 07:00:00,39.078175
2011-09-25 08:00:00,72.7753
2011-09-25 09:00:00,148.71675
2011-09-25 10:00:00,261.60803
2011-09-25 11:00:00,320.55222
2011-09-25 12:00:00,332.41873
2011-09-25 13:00:00,287.6635
2011-09-25 14:00:00,282.247
2011-09-25 15:00:00,249.96378
2011-09-25 16:00:00,361.13287
2011-09-25 17:00:00,254.87723
2011-09-25 18:00:00,254.17395
2011-09-25 19:00:00,188.07669
2011-09-25 20:00:00,130.98006
2011-09-25 21:00:00,78.95031
2011-09-25 22:00:00,105.10925
2011-09-25 23:00:00,86.99699
2011-09-26 00:00:00,30.939434
2011-09-26 01:00:00,9.888295
2011-09-26 02:00:00,6.9505057
2011-09-26 03:00:00,1.6413894
2011-09-26 04:00:00,4.6029906
2011-09-26 05:00:00,16.275135
2011-09-26 06:00:00,87.50896
2011-09-26 07:00:00,197.03232
2011-09-26 08:00:00,294.81393
2011-09-26 09:00:00,208.33702
2011-09-26 10:00:00,124.42763
2011-09-26 11:00:00,138.07678
2011-09-26 12:00:00,160.45764
2011-09-26 13:00:00,173.52498
2011-09-26 14:00:00,195.36777
2011-09-26 15:00:00,178.20322
2011-09-26 16:00:00,289.4075
2011-09-26 17:00:00,585.0449
2011-09-26 18:00:00,309.2897
2011-09-26 19:00:00,277.28757
2011-09-26 20:00:00,158.34865
2011-09-26 21:00:00,142.25426
2011-09-26 22:00:00,115.72547
2011-09-26 23:00:00,70.27613
2011-09-27 00:00:00,28.720148
2011-09-27 01:00:00,12.099382
2011-09-27 02:00:00,6.3785586
2011-09-27 03:00:00,2.2329385
2011-09-27 04:00:00,3.067217
2011-09-27 05:00:00,10.953234
2011-09-27 06:00:00,96.121895
2011-09-27 07:00:00,223.97566
2011-09-27 08:00:00,311.6549
2011-09-27 09:00:00,213.90782
2011-09-27 10:00:00,109.567375
2011-09-27 11:00:00,119.65657
2011-09-27 12:00:00,153.2645
2011-09-27 13:00:00,172.11653
2011-09-27 14:00:00,145.77876
2011-09-27 15:00:00,121.05048
2011-09-27 16:00:00,172.27907
2011-09-27 17:00:00,232.8072
2011-09-27 18:00:00,203.11336
2011-09-27 19:00:00,204.63087
2011-09-27 20:00:00,204.83405
2011-09-27 21:00:00,144.82692
2011-09-27 22:00:00,115.93293
2011-09-27 23:00:00,65.47085
2011-09-28 00:00:00,30.45193
2011-09-28 01:00:00,11.283778
2011-09-28 02:00:00,7.618252
2011-09-28 03:00:00,2.4617949
2011-09-28 04:00:00,4.7269816
2011-09-28 05:00:00,15.132046
2011-09-28 06:00:00,103.59776
2011-09-28 07:00:00,134.21422
2011-09-28 08:00:00,252.4961
2011-09-28 09:00:00,200.64563
2011-09-28 10:00:00,49.826405
2011-09-28 11:00:00,116.1783
2011-09-28 12:00:00,132.96988
2011-09-28 13:00:00,174.0519
2011-09-28 14:00:00,167.57213
2011-09-28 15:00:00,200.857
2011-09-28 16:00:00,322.1858
2011-09-28 17:00:00,569.5738
2011-09-28 18:00:00,298.4044
2011-09-28 19:00:00,247.57098
2011-09-28 20:00:00,120.97293
2011-09-28 21:00:00,111.26546
2011-09-28 22:00:00,119.03492
2011-09-28 23:00:00,73.0502
2011-09-29 00:00:00,27.175776
2011-09-29 01:00:00,14.4386425
2011-09-29 02:00:00,8.116382
2011-09-29 03:00:00,4.6920342
2011-09-29 04:00:00,4.904132
2011-09-29 05:00:00,19.444746
2011-09-29 06:00:00,98.60036
2011-09-29 07:00:00,288.40915
2011-09-29 08:00:00,426.92667
2011-09-29 09:00:00,225.21199
2011-09-29 10:00:00,145.54253
2011-09-29 11:00:00,170.15247
2011-09-29 12:00:00,189.02002
2011-09-29 13:00:00,202.47859
2011-09-29 14:00:00,184.9014
2011-09-29 15:00:00,188.92491
2011-09-29 16:00:00,281.4579
2011-09-29 17:00:00,597.3067
2011-09-29 18:00:00,543.3506
2011-09-29 19:00:00,323.39532
2011-09-29 20:00:00,286.26816
2011-09-29 21:00:00,160.42139
2011-09-29 22:00:00,122.2966
2011-09-29 23:00:00,105.70706
2011-09-30 00:00:00,40.237103
2011-09-30 01:00:00,25.915117
2011-09-30 02:00:00,12.039788
2011-09-30 03:00:00,4.2848616
2011-09-30 04:00:00,6.419856
2011-09-30 05:00:00,26.343754
2011-09-30 06:00:00,82.53871
2011-09-30 07:00:00,282.17154
2011-09-30 08:00:00,377.73572
2011-09-30 09:00:00,226.52397
2011-09-30 10:00:00,154.5844
2011-09-30 11:00:00,175.55191
2011-09-30 12:00:00,251.44629
2011-09-30 13:00:00,226.13612
2011-09-30 14:00:00,214.55203
2011-09-30 15:00:00,235.532
2011-09-30 16:00:00,387.32367
2011-09-30 17:00:00,592.53033
2011-09-30 18:00:00,476.4138
2011-09-30 19:00:00,264.4732
2011-09-30 20:00:00,167.20438
2011-09-30 21:00:00,136.12236
2011-09-30 22:00:00,120.215935
2011-09-30 23:00:00,101.29932
2011-10-20 00:00:00,24.243984
2011-10-20 01:00:00,14.012344
2011-10-20 02:00:00,7.8516235
2011-10-20 03:00:00,4.2032166
2011-10-20 04:00:00,4.8549504
2011-10-20 05:00:00,24.471388
2011-10-20 06:00:00,96.70433
2011-10-20 07:00:00,305.9868
2011-10-20 08:00:00,468.85284
2011-10-20 09:00:00,231.68555
2011-10-20 10:00:00,107.63157
2011-10-20 11:00:00,142.87784
2011-10-20 12:00:00,178.93668
2011-10-20 13:00:00,154.02386
2011-10-20 14:00:00,140.14175
2011-10-20 15:00:00,144.97713
2011-10-20 16:00:00,227.24191
2011-10-20 17:00:00,467.24072
2011-10-20 18:00:00,431.41098
2011-10-20 19:00:00,260.4094
2011-10-20 20:00:00,211.95271
2011-10-20 21:00:00,139.98738
2011-10-20 22:00:00,113.54298
2011-10-20 23:00:00,83.10572
2011-10-21 00:00:00,56.5919
2011-10-21 01:00:00,21.785707
2011-10-21 02:00:00,12.707179
2011-10-21 03:00:00,5.360578
2011-10-21 04:00:00,6.029386
2011-10-21 05:00:00,28.028664
2011-10-21 06:00:00,80.67131
2011-10-21 07:00:00,237.65033
2011-10-21 08:00:00,369.7853
2011-10-21 09:00:00,213.7213
2011-10-21 10:00:00,139.5974
2011-10-21 11:00:00,180.111
2011-10-21 12:00:00,216.34831
2011-10-21 13:00:00,193.52464
2011-10-21 14:00:00,204.4478
2011-10-21 15:00:00,210.43922
2011-10-21 16:00:00,306.1738
2011-10-21 17:00:00,458.74808
2011-10-21 18:00:00,429.37656
2011-10-21 19:00:00,256.99786
2011-10-21 20:00:00,168.49889
2011-10-21 21:00:00,122.19699
2011-10-21 22:00:00,117.927765
2011-10-21 23:00:00,87.18361
2011-10-22 00:00:00,81.68531
2011-10-22 01:00:00,71.09362
2011-10-22 02:00:00,63.986965
2011-10-22 03:00:00,28.26411
2011-10-22 04:00:00,9.49896
2011-10-22 05:00:00,9.59387
2011-10-22 06:00:00,28.374956
2011-10-22 07:00:00,50.64101
2011-10-22 08:00:00,84.2135
2011-10-22 09:00:00,166.99316
2011-10-22 10:00:00,260.53296
2011-10-22 11:00:00,304.01785
2011-10-22 12:00:00,359.54633
2011-10-22 13:00:00,372.68057
2011-10-22 14:00:00,342.69284
2011-10-22 15:00:00,366.28003
2011-10-22 16:00:00,318.99756
2011-10-22 17:00:00,332.8602
2011-10-22 18:00:00,275.77338
2011-10-22 19:00:00,215.05956
2011-10-22 20:00:00,119.1023
2011-10-22 21:00:00,79.508545
2011-10-22 22:00:00,90.55817
2011-10-22 23:00:00,101.30234
2011-10-23 00:00:00,74.26178
2011-10-23 01:00:00,80.52214
2011-10-23 02:00:00,69.952225
2011-10-23 03:00:00,33.833508
2011-10-23 04:00:00,10.938939
2011-10-23 05:00:00,11.3929615
2011-10-23 06:00:00,15.901516
2011-10-23 07:00:00,41.312725
2011-10-23 08:00:00,79.75219
2011-10-23 09:00:00,135.64177
2011-10-23 10:00:00,265.91782
2011-10-23 11:00:00,293.4744
2011-10-23 12:00:00,385.8177
2011-10-23 13:00:00,369.45483
2011-10-23 14:00:00,358.95026
2011-10-23 15:00:00,367.31143
2011-10-23 16:00:00,388.85413
2011-10-23 17:00:00,327.7119
2011-10-23 18:00:00,292.7425
2011-10-23 19:00:00,178.816
2011-10-23 20:00:00,112.54619
2011-10-23 21:00:00,83.47803
2011-10-23 22:00:00,63.77671
2011-10-23 23:00:00,63.941647
2011-10-24 00:00:00,35.601345
2011-10-24 01:00:00,12.298548
2011-10-24 02:00:00,7.872268
2011-10-24 03:00:00,3.788819
2011-10-24 04:00:00,5.4247947
2011-10-24 05:00:00,21.806534
2011-10-24 06:00:00,79.431076
2011-10-24 07:00:00,262.14377
2011-10-24 08:00:00,410.64316
2011-10-24 09:00:00,215.62508
2011-10-24 10:00:00,96.74571
2011-10-24 11:00:00,145.5911
2011-10-24 12:00:00,177.60384
2011-10-24 13:00:00,175.18349
2011-10-24 14:00:00,162.09505
2011-10-24 15:00:00,193.60693
2011-10-24 16:00:00,257.53506
2011-10-24 17:00:00,532.22327
2011-10-24 18:00:00,523.2487
2011-10-24 19:00:00,253.2778
2011-10-24 20:00:00,194.71928
2011-10-24 21:00:00,158.79918
2011-10-24 22:00:00,125.48765
2011-10-24 23:00:00,69.49883
2011-10-25 00:00:00,42.957047
2011-10-25 01:00:00,14.17902
2011-10-25 02:00:00,4.729563
2011-10-25 03:00:00,3.115459
2011-10-25 04:00:00,4.7568374
2011-10-25 05:00:00,21.952993
2011-10-25 06:00:00,99.13671
2011-10-25 07:00:00,305.319
2011-10-25 08:00:00,484.63126
2011-10-25 09:00:00,223.70988
2011-10-25 10:00:00,125.48927
2011-10-25 11:00:00,152.38496
2011-10-25 12:00:00,180.32927
2011-10-25 13:00:00,179.16841
2011-10-25 14:00:00,178.01814
2011-10-25 15:00:00,198.38013
2011-10-25 16:00:00,287.77957
2011-10-25 17:00:00,586.09625
2011-10-25 18:00:00,509.3272
2011-10-25 19:00:00,348.8763
2011-10-25 20:00:00,225.43321
2011-10-25 21:00:00,154.94856
2011-10-25 22:00:00,132.4241
2011-10-25 23:00:00,79.20718
2011-10-26 00:00:00,42.3928
2011-10-26 01:00:00,10.793017
2011-10-26 02:00:00,7.0334616
2011-10-26 03:00:00,3.248499
2011-10-26 04:00:00,3.908529
2011-10-26 05:00:00,27.76774
2011-10-26 06:00:00,104.25068
2011-10-26 07:00:00,318.25244
2011-10-26 08:00:00,443.7597
2011-10-26 09:00:00,209.05266
2011-10-26 10:00:00,123.07978
2011-10-26 11:00:00,146.7304
2011-10-26 12:00:00,171.44829
2011-10-26 13:00:00,154.59425
2011-10-26 14:00:00,140.91948
2011-10-26 15:00:00,144.55397
2011-10-26 16:00:00,248.35878
2011-10-26 17:00:00,458.3407
2011-10-26 18:00:00,453.48502
2011-10-26 19:00:00,255.5208
2011-10-26 20:00:00,147.9453
2011-10-26 21:00:00,159.26909
2011-10-26 22:00:00,119.89615
2011-10-26 23:00:00,58.813953
2011-10-27 00:00:00,27.894266
2011-10-27 01:00:00,9.855376
2011-10-27 02:00:00,3.8635883
2011-10-27 03:00:00,2.6885822
2011-10-27 04:00:00,3.301465
2011-10-27 05:00:00,18.131536
2011-10-27 06:00:00,63.842842
2011-10-27 07:00:00,247.66998
2011-10-27 08:00:00,221.84373
2011-10-27 09:00:00,211.92064
2011-10-27 10:00:00,72.699875
2011-10-27 11:00:00,81.68688
2011-10-27 12:00:00,81.787964
2011-10-27 13:00:00,134.49614
2011-10-27 14:00:00,133.22647
2011-10-27 15:00:00,138.19348
2011-10-27 16:00:00,274.84015
2011-10-27 17:00:00,418.05374
2011-10-27 18:00:00,391.30823
2011-10-27 19:00:00,229.54518
2011-10-27 20:00:00,187.55782
2011-10-27 21:00:00,52.942974
2011-10-27 22:00:00,24.8639
2011-10-27 23:00:00,23.831326
2011-10-28 00:00:00,51.6943
2011-10-28 01:00:00,14.449977
2011-10-28 02:00:00,6.926786
2011-10-28 03:00:00,4.3908243
2011-10-28 04:00:00,3.8375454
2011-10-28 05:00:00,14.9769
2011-10-28 06:00:00,79.86678
2011-10-28 07:00:00,162.75026
2011-10-28 08:00:00,260.89136
2011-10-28 09:00:00,151.20074
2011-10-28 10:00:00,84.88102
2011-10-28 11:00:00,143.46135
2011-10-28 12:00:00,196.7993
2011-10-28 13:00:00,176.64551
2011-10-28 14:00:00,153.23015
2011-10-28 15:00:00,131.44835
2011-10-28 16:00:00,253.66512
2011-10-28 17:00:00,370.77408
2011-10-28 18:00:00,337.29404
2011-10-28 19:00:00,236.46332
2011-10-28 20:00:00,137.63661
2011-10-28 21:00:00,93.531715
2011-10-28 22:00:00,50.279934
2011-10-28 23:00:00,57.32351
2011-10-29 00:00:00,37.987083
2011-10-29 01:00:00,31.258392
2011-10-29 02:00:00,46.478554
2011-10-29 03:00:00,21.28273
2011-10-29 04:00:00,6.3109727
2011-10-29 05:00:00,3.1222987
2011-10-29 06:00:00,18.796404
2011-10-29 07:00:00,47.051506
2011-10-29 08:00:00,81.67084
2011-10-29 09:00:00,70.366356
2011-10-29 10:00:00,70.46337
2011-10-29 11:00:00,89.68673
2011-10-29 12:00:00,86.4858
2011-10-29 13:00:00,80.74304
2011-10-29 14:00:00,88.12312
2011-10-29 15:00:00,93.426926
2011-10-29 16:00:00,98.85268
2011-10-29 17:00:00,105.56662
2011-10-29 18:00:00,95.57898
2011-10-29 19:00:00,117.211876
2011-10-29 20:00:00,110.654976
2011-10-29 21:00:00,26.053135
2011-10-29 22:00:00,66.758446
2011-10-29 23:00:00,55.133556
2011-10-30 00:00:00,69.031105
2011-10-30 01:00:00,35.046783
2011-10-30 02:00:00,47.672314
2011-10-30 03:00:00,15.085079
2011-10-30 04:00:00,2.0121028
2011-10-30 05:00:00,4.825333
2011-10-30 06:00:00,8.299438
2011-10-30 07:00:00,37.9694
2011-10-30 08:00:00,60.61709
2011-10-30 09:00:00,91.52467
2011-10-30 10:00:00,152.87073
2011-10-30 11:00:00,260.20877
2011-10-30 12:00:00,287.39084
2011-10-30 13:00:00,287.31067
2011-10-30 14:00:00,342.35312
2011-10-30 15:00:00,346.9457
2011-10-30 16:00:00,335.0724
2011-10-30 17:00:00,251.42354
2011-10-30 18:00:00,168.88097
2011-10-30 19:00:00,266.3444
2011-10-30 20:00:00,118.968765
2011-10-30 21:00:00,87.607346
2011-10-30 22:00:00,46.608696
2011-10-30 23:00:00,41.892277
2011-10-31 00:00:00,19.083895
2011-10-31 01:00:00,7.424905
2011-10-31 02:00:00,3.0730724
2011-10-31 03:00:00,3.9864674
2011-10-31 04:00:00,3.8492348
2011-10-31 05:00:00,19.107065
2011-10-31 06:00:00,89.028595
2011-10-31 07:00:00,210.35063
2011-10-31 08:00:00,353.68637
2011-10-31 09:00:00,132.98233
2011-10-31 10:00:00,114.29804
2011-10-31 11:00:00,130.95647
2011-10-31 12:00:00,174.37682
2011-10-31 13:00:00,163.44548
2011-10-31 14:00:00,155.25911
2011-10-31 15:00:00,186.35854
2011-10-31 16:00:00,231.88701
2011-10-31 17:00:00,539.9931
2011-10-31 18:00:00,429.2198
2011-10-31 19:00:00,274.2069
2011-10-31 20:00:00,189.19751
2011-10-31 21:00:00,142.05725
2011-10-31 22:00:00,96.27586
2011-10-31 23:00:00,52.777912
2011-11-20 00:00:00,89.500885
2011-11-20 01:00:00,47.388203
2011-11-20 02:00:00,69.917725
2011-11-20 03:00:00,17.270826
2011-11-20 04:00:00,5.032377
2011-11-20 05:00:00,7.6978855
2011-11-20 06:00:00,16.34402
2011-11-20 07:00:00,41.058636
2011-11-20 08:00:00,83.826584
2011-11-20 09:00:00,152.96129
2011-11-20 10:00:00,248.18561
2011-11-20 11:00:00,349.39688
2011-11-20 12:00:00,371.12985
2011-11-20 13:00:00,337.32227
2011-11-20 14:00:00,338.64758
2011-11-20 15:00:00,313.82263
2011-11-20 16:00:00,354.65085
2011-11-20 17:00:00,304.44925
2011-11-20 18:00:00,301.92313
2011-11-20 19:00:00,211.04623
2011-11-20 20:00:00,148.5388
2011-11-20 21:00:00,107.775406
2011-11-20 22:00:00,39.006153
2011-11-20 23:00:00,53.514202
2011-11-21 00:00:00,24.659132
2011-11-21 01:00:00,7.4865136
2011-11-21 02:00:00,6.1984363
2011-11-21 03:00:00,3.1562867
2011-11-21 04:00:00,3.3075955
2011-11-21 05:00:00,7.763208
2011-11-21 06:00:00,62.642452
2011-11-21 07:00:00,269.6271
2011-11-21 08:00:00,517.53204
2011-11-21 09:00:00,172.19911
2011-11-21 10:00:00,103.9674
2011-11-21 11:00:00,124.23029
2011-11-21 12:00:00,173.74657
2011-11-21 13:00:00,171.85341
2011-11-21 14:00:00,129.88039
2011-11-21 15:00:00,82.85751
2011-11-21 16:00:00,114.56935
2011-11-21 17:00:00,155.83493
2011-11-21 18:00:00,182.2864
2011-11-21 19:00:00,137.0233
2011-11-21 20:00:00,95.75958
2011-11-21 21:00:00,88.92172
2011-11-21 22:00:00,54.20953
2011-11-21 23:00:00,48.38824
2011-11-22 00:00:00,14.694693
2011-11-22 01:00:00,8.959646
2011-11-22 02:00:00,2.7170258
2011-11-22 03:00:00,2.2579463
2011-11-22 04:00:00,2.6171978
2011-11-22 05:00:00,8.323341
2011-11-22 06:00:00,58.669838
2011-11-22 07:00:00,132.86955
2011-11-22 08:00:00,163.3055
2011-11-22 09:00:00,93.83177
2011-11-22 10:00:00,50.721203
2011-11-22 11:00:00,80.2346
2011-11-22 12:00:00,93.927505
2011-11-22 13:00:00,92.355125
2011-11-22 14:00:00,80.63253
2011-11-22 15:00:00,60.628815
2011-11-22 16:00:00,114.38923
2011-11-22 17:00:00,195.29333
2011-11-22 18:00:00,186.5374
2011-11-22 19:00:00,189.73418
2011-11-22 20:00:00,141.2503
2011-11-22 21:00:00,116.59738
2011-11-22 22:00:00,126.37306
2011-11-22 23:00:00,71.38655
2011-11-23 00:00:00,13.16616
2011-11-23 01:00:00,11.419571
2011-11-23 02:00:00,4.796777
2011-11-23 03:00:00,4.754506
2011-11-23 04:00:00,5.4610357
2011-11-23 05:00:00,20.607933
2011-11-23 06:00:00,59.88323
2011-11-23 07:00:00,211.56497
2011-11-23 08:00:00,403.18976
2011-11-23 09:00:00,205.80763
2011-11-23 10:00:00,81.72108
2011-11-23 11:00:00,134.8679
2011-11-23 12:00:00,179.18387
2011-11-23 13:00:00,151.34052
2011-11-23 14:00:00,162.59464
2011-11-23 15:00:00,156.1908
2011-11-23 16:00:00,196.36159
2011-11-23 17:00:00,265.85773
2011-11-23 18:00:00,359.85162
2011-11-23 19:00:00,233.34106
2011-11-23 20:00:00,166.37141
2011-11-23 21:00:00,25.936752
2011-11-23 22:00:00,26.554823
2011-11-23 23:00:00,21.860079
2011-11-24 00:00:00,61.72048
2011-11-24 01:00:00,15.243038
2011-11-24 02:00:00,8.929546
2011-11-24 03:00:00,4.845253
2011-11-24 04:00:00,7.357632
2011-11-24 05:00:00,20.27657
2011-11-24 06:00:00,46.629448
2011-11-24 07:00:00,101.20024
2011-11-24 08:00:00,250.79326
2011-11-24 09:00:00,189.92126
2011-11-24 10:00:00,161.61414
2011-11-24 11:00:00,215.2294
2011-11-24 12:00:00,282.1074
2011-11-24 13:00:00,321.31055
2011-11-24 14:00:00,312.8343
2011-11-24 15:00:00,314.00162
2011-11-24 16:00:00,199.67493
2011-11-24 17:00:00,408.9445
2011-11-24 18:00:00,319.63235
2011-11-24 19:00:00,298.91577
2011-11-24 20:00:00,151.53453
2011-11-24 21:00:00,105.13451
2011-11-24 22:00:00,98.62378
2011-11-24 23:00:00,76.7982
2011-11-25 00:00:00,32.702503
2011-11-25 01:00:00,18.390837
2011-11-25 02:00:00,10.10631
2011-11-25 03:00:00,5.0301867
2011-11-25 04:00:00,4.792054
2011-11-25 05:00:00,22.333096
2011-11-25 06:00:00,74.28741
2011-11-25 07:00:00,210.53523
2011-11-25 08:00:00,393.05255
2011-11-25 09:00:00,203.9823
2011-11-25 10:00:00,134.27374
2011-11-25 11:00:00,146.68335
2011-11-25 12:00:00,189.58199
2011-11-25 13:00:00,197.13347
2011-11-25 14:00:00,197.26097
2011-11-25 15:00:00,221.78763
2011-11-25 16:00:00,311.51285
2011-11-25 17:00:00,518.49524
2011-11-25 18:00:00,387.06082
2011-11-25 19:00:00,271.2268
2011-11-25 20:00:00,141.28558
2011-11-25 21:00:00,128.98503
2011-11-25 22:00:00,104.46318
2011-11-25 23:00:00,79.09608
2011-11-26 00:00:00,81.81726
2011-11-26 01:00:00,66.017334
2011-11-26 02:00:00,52.5409
2011-11-26 03:00:00,16.090405
2011-11-26 04:00:00,7.902297
2011-11-26 05:00:00,7.3500576
2011-11-26 06:00:00,24.665512
2011-11-26 07:00:00,38.58022
2011-11-26 08:00:00,87.99356
2011-11-26 09:00:00,140.175
2011-11-26 10:00:00,204.62225
2011-11-26 11:00:00,297.58118
2011-11-26 12:00:00,320.83078
2011-11-26 13:00:00,352.71017
2011-11-26 14:00:00,340.4183
2011-11-26 15:00:00,371.31516
2011-11-26 16:00:00,314.04263
2011-11-26 17:00:00,283.3468
2011-11-26 18:00:00,245.80188
2011-11-26 19:00:00,185.71907
2011-11-26 20:00:00,127.579254
2011-11-26 21:00:00,86.6951
2011-11-26 22:00:00,88.60396
2011-11-26 23:00:00,71.756516
2011-11-27 00:00:00,78.49926
2011-11-27 01:00:00,79.09134
2011-11-27 02:00:00,72.7138
2011-11-27 03:00:00,33.808277
2011-11-27 04:00:00,9.932926
2011-11-27 05:00:00,10.76873
2011-11-27 06:00:00,15.369907
2011-11-27 07:00:00,42.263134
2011-11-27 08:00:00,68.88243
2011-11-27 09:00:00,144.47438
2011-11-27 10:00:00,241.71214
2011-11-27 11:00:00,326.5397
2011-11-27 12:00:00,380.2025
2011-11-27 13:00:00,358.04053
2011-11-27 14:00:00,374.35605
2011-11-27 15:00:00,379.6456
2011-11-27 16:00:00,376.77347
2011-11-27 17:00:00,298.01917
2011-11-27 18:00:00,298.72778
2011-11-27 19:00:00,255.91374
2011-11-27 20:00:00,129.50615
2011-11-27 21:00:00,102.40682
2011-11-27 22:00:00,88.11811
2011-11-27 23:00:00,61.099113
2011-11-28 00:00:00,38.146088
2011-11-28 01:00:00,11.92177
2011-11-28 03:00:00,3.5991857
2011-11-28 04:00:00,5.2362356
2011-11-28 05:00:00,22.945646
2011-11-28 06:00:00,110.50228
2011-11-28 07:00:00,309.16516
2011-11-28 08:00:00,472.32077
2011-11-28 09:00:00,203.22893
2011-11-28 10:00:00,127.69776
2011-11-28 11:00:00,145.58893
2011-11-28 12:00:00,188.76033
2011-11-28 13:00:00,172.6416
2011-11-28 14:00:00,174.32405
2011-11-28 15:00:00,181.69272
2011-11-28 16:00:00,278.88797
2011-11-28 17:00:00,573.3303
2011-11-28 18:00:00,542.0289
2011-11-28 19:00:00,320.87375
2011-11-28 20:00:00,225.65694
2011-11-28 21:00:00,194.91443
2011-11-28 22:00:00,116.762695
2011-11-28 23:00:00,65.52152
2011-11-29 00:00:00,28.884838
2011-11-29 01:00:00,10.027399
2011-11-29 02:00:00,5.094855
2011-11-29 03:00:00,3.3141177
2011-11-29 04:00:00,6.129729
2011-11-29 05:00:00,26.588888
2011-11-29 06:00:00,100.545815
2011-11-29 07:00:00,316.17352
2011-11-29 08:00:00,440.20642
2011-11-29 09:00:00,189.6577
2011-11-29 10:00:00,114.47532
2011-11-29 11:00:00,68.21545
2011-11-29 12:00:00,114.581474
2011-11-29 13:00:00,113.774796
2011-11-29 14:00:00,78.28828
2011-11-29 15:00:00,75.27941
2011-11-29 16:00:00,110.84324
2011-11-29 17:00:00,232.32785
2011-11-29 18:00:00,265.62433
2011-11-29 19:00:00,211.85211
2011-11-29 20:00:00,145.6929
2011-11-29 21:00:00,145.5484
2011-11-29 22:00:00,97.40891
2011-11-29 23:00:00,21.875225
2011-11-30 00:00:00,30.535975
2011-11-30 01:00:00,8.551233
2011-11-30 02:00:00,3.7283616
2011-11-30 03:00:00,3.05755
2011-11-30 04:00:00,3.7586088
2011-11-30 05:00:00,22.547995
2011-11-30 06:00:00,83.41695
2011-11-30 07:00:00,201.9325
2011-11-30 08:00:00,343.32324
2011-11-30 09:00:00,188.96484
2011-11-30 10:00:00,106.28291
2011-11-30 11:00:00,126.9022
2011-11-30 12:00:00,147.05762
2011-11-30 13:00:00,143.44916
2011-11-30 14:00:00,134.24318
2011-11-30 15:00:00,148.59857
2011-11-30 16:00:00,208.91147
2011-11-30 17:00:00,332.97787
2011-11-30 18:00:00,324.1416
2011-11-30 19:00:00,216.59657
2011-11-30 20:00:00,150.362
2011-11-30 21:00:00,26.96439
2011-11-30 22:00:00,107.39883
2011-11-30 23:00:00,56.684494
2011-12-20 00:00:00,25.87164
2011-12-20 01:00:00,12.88682
2011-12-20 02:00:00,4.0977674
2011-12-20 03:00:00,3.046483
2011-12-20 04:00:00,3.8938272
2011-12-20 05:00:00,21.412779
2011-12-20 06:00:00,75.08557
2011-12-20 07:00:00,281.76862
2011-12-20 08:00:00,469.42227
2011-12-20 09:00:00,217.98782
2011-12-20 10:00:00,113.74333
2011-12-20 11:00:00,128.68507
2011-12-20 12:00:00,162.83257
2011-12-20 13:00:00,155.63062
2011-12-20 14:00:00,146.47351
2011-12-20 15:00:00,154.71301
2011-12-20 16:00:00,220.52228
2011-12-20 17:00:00,417.68582
2011-12-20 18:00:00,425.95404
2011-12-20 19:00:00,268.4317
2011-12-20 20:00:00,169.46797
2011-12-20 21:00:00,131.15627
2011-12-20 22:00:00,101.02802
2011-12-20 23:00:00,75.259155
2011-12-21 00:00:00,26.692583
2011-12-21 01:00:00,13.531755
2011-12-21 02:00:00,2.950044
2011-12-21 03:00:00,3.4157577
2011-12-21 04:00:00,3.8664231
2011-12-21 05:00:00,11.932295
2011-12-21 06:00:00,77.19549
2011-12-21 07:00:00,152.43303
2011-12-21 08:00:00,97.942055
2011-12-21 09:00:00,194.00348
2011-12-21 10:00:00,86.55463
2011-12-21 11:00:00,88.944534
2011-12-21 12:00:00,56.183403
2011-12-21 13:00:00,56.60687
2011-12-21 14:00:00,128.01389
2011-12-21 15:00:00,132.83133
2011-12-21 16:00:00,59.42119
2011-12-21 17:00:00,73.437965
2011-12-21 18:00:00,247.76082
2011-12-21 19:00:00,102.04352
2011-12-21 20:00:00,85.590096
2011-12-21 21:00:00,99.116425
2011-12-21 22:00:00,87.51782
2011-12-21 23:00:00,43.741165
2011-12-22 00:00:00,34.04706
2011-12-22 01:00:00,11.195379
2011-12-22 02:00:00,7.359621
2011-12-22 03:00:00,5.5003533
2011-12-22 04:00:00,5.0956526
2011-12-22 05:00:00,13.20896
2011-12-22 06:00:00,94.7482
2011-12-22 07:00:00,151.7716
2011-12-22 08:00:00,263.75125
2011-12-22 09:00:00,201.42279
2011-12-22 10:00:00,94.34672
2011-12-22 11:00:00,102.132095
2011-12-22 12:00:00,150.65712
2011-12-22 13:00:00,146.29956
2011-12-22 14:00:00,128.75682
2011-12-22 15:00:00,138.85426
2011-12-22 16:00:00,208.84492
2011-12-22 17:00:00,414.99155
2011-12-22 18:00:00,435.0972
2011-12-22 19:00:00,261.3707
2011-12-22 20:00:00,74.482635
2011-12-22 21:00:00,78.38538
2011-12-22 22:00:00,44.39921
2011-12-22 23:00:00,49.701466
2011-12-23 00:00:00,30.682577
2011-12-23 01:00:00,19.59163
2011-12-23 02:00:00,8.306805
2011-12-23 03:00:00,5.306668
2011-12-23 04:00:00,3.3153265
2011-12-23 05:00:00,11.374727
2011-12-23 06:00:00,92.37129
2011-12-23 07:00:00,185.65569
2011-12-23 08:00:00,400.29645
2011-12-23 09:00:00,199.71407
2011-12-23 10:00:00,111.7055
2011-12-23 11:00:00,120.12886
2011-12-23 12:00:00,139.97514
2011-12-23 13:00:00,145.86375
2011-12-23 14:00:00,144.25806
2011-12-23 15:00:00,158.61884
2011-12-23 16:00:00,207.59329
2011-12-23 17:00:00,320.2235
2011-12-23 18:00:00,262.4879
2011-12-23 19:00:00,155.55423
2011-12-23 20:00:00,88.63956
2011-12-23 21:00:00,83.655136
2011-12-23 22:00:00,62.686592
2011-12-23 23:00:00,54.368954
2011-12-24 00:00:00,76.099594
2011-12-24 01:00:00,68.3675
2011-12-24 02:00:00,59.00218
2011-12-24 03:00:00,16.709879
2011-12-24 04:00:00,5.8270683
2011-12-24 05:00:00,4.9569488
2011-12-24 06:00:00,8.526162
2011-12-24 07:00:00,19.081774
2011-12-24 08:00:00,52.421513
2011-12-24 09:00:00,86.18845
2011-12-24 10:00:00,122.76967
2011-12-24 11:00:00,142.3934
2011-12-24 12:00:00,166.5908
2011-12-24 13:00:00,171.41425
2011-12-24 14:00:00,173.81508
2011-12-24 15:00:00,172.1598
2011-12-24 16:00:00,166.83055
2011-12-24 17:00:00,125.62862
2011-12-24 18:00:00,124.69832
2011-12-24 19:00:00,98.16845
2011-12-24 20:00:00,83.38161
2011-12-24 21:00:00,67.92121
2011-12-24 22:00:00,61.02383
2011-12-24 23:00:00,46.47258
2011-12-25 00:00:00,59.34828
2011-12-25 01:00:00,47.583286
2011-12-25 02:00:00,41.725628
2011-12-25 03:00:00,14.081011
2011-12-25 05:00:00,4.5428505
2011-12-25 06:00:00,4.529481
2011-12-25 07:00:00,14.56764
2011-12-25 08:00:00,40.954956
2011-12-25 09:00:00,75.63677
2011-12-25 10:00:00,108.02627
2011-12-25 11:00:00,108.557106
2011-12-25 12:00:00,95.413246
2011-12-25 13:00:00,95.16191
2011-12-25 14:00:00,84.25687
2011-12-25 15:00:00,94.77678
2011-12-25 16:00:00,196.38078
2011-12-25 17:00:00,85.52715
2011-12-25 18:00:00,85.044205
2011-12-25 19:00:00,96.50383
2011-12-25 20:00:00,78.5838
2011-12-25 21:00:00,59.045624
2011-12-25 22:00:00,46.876736
2011-12-25 23:00:00,36.747913
2011-12-26 00:00:00,66.99248
2011-12-26 01:00:00,28.8307
2011-12-26 02:00:00,9.083106
2011-12-26 04:00:00,10.8847885
2011-12-26 05:00:00,11.421158
2011-12-26 06:00:00,5.9165454
2011-12-26 07:00:00,34.19239
2011-12-26 08:00:00,66.33769
2011-12-26 09:00:00,98.70357
2011-12-26 10:00:00,95.77638
2011-12-26 11:00:00,110.082405
2011-12-26 12:00:00,157.30261
2011-12-26 13:00:00,173.96101
2011-12-26 14:00:00,170.64153
2011-12-26 15:00:00,183.13438
2011-12-26 16:00:00,152.54654
2011-12-26 17:00:00,175.42416
2011-12-26 18:00:00,160.09013
2011-12-26 19:00:00,71.794266
2011-12-26 20:00:00,93.284935
2011-12-26 21:00:00,66.4039
2011-12-26 22:00:00,49.23401
2011-12-26 23:00:00,28.542135
2011-12-27 00:00:00,15.778589
2011-12-27 01:00:00,7.5266767
2011-12-27 02:00:00,3.6774719
2011-12-27 03:00:00,2.250705
2011-12-27 04:00:00,2.3308916
2011-12-27 05:00:00,8.950253
2011-12-27 06:00:00,68.437164
2011-12-27 07:00:00,148.61984
2011-12-27 08:00:00,243.89001
2011-12-27 09:00:00,70.95504
2011-12-27 10:00:00,66.93923
2011-12-27 11:00:00,52.723267
2011-12-27 12:00:00,52.838093
2011-12-27 13:00:00,55.117634
2011-12-27 14:00:00,70.58704
2011-12-27 15:00:00,76.10099
2011-12-27 16:00:00,52.91335
2011-12-27 17:00:00,71.00453
2011-12-27 18:00:00,239.27792
2011-12-27 19:00:00,159.81415
2011-12-27 20:00:00,98.13932
2011-12-27 21:00:00,82.59709
2011-12-27 22:00:00,50.02795
2011-12-27 23:00:00,28.629305
2011-12-28 00:00:00,20.048243
2011-12-28 01:00:00,15.400902
2011-12-28 02:00:00,3.2203183
2011-12-28 03:00:00,2.7129142
2011-12-28 05:00:00,7.6798797
2011-12-28 06:00:00,77.92009
2011-12-28 07:00:00,144.20847
2011-12-28 08:00:00,262.28647
2011-12-28 09:00:00,180.41055
2011-12-28 10:00:00,64.40138
2011-12-28 11:00:00,76.45127
2011-12-28 12:00:00,86.226715
2011-12-28 13:00:00,85.09169
2011-12-28 14:00:00,80.26695
2011-12-28 15:00:00,93.37017
2011-12-28 16:00:00,120.3309
2011-12-28 17:00:00,291.6845
2011-12-28 18:00:00,287.24826
2011-12-28 19:00:00,137.93375
2011-12-28 20:00:00,103.14229
2011-12-28 21:00:00,69.97215
2011-12-28 22:00:00,61.445045
2011-12-28 23:00:00,28.466198
2011-12-29 00:00:00,24.958109
2011-12-29 01:00:00,9.311965
2011-12-29 02:00:00,3.3025942
2011-12-29 03:00:00,1.775354
2011-12-29 04:00:00,1.966633
2011-12-29 05:00:00,7.069422
2011-12-29 06:00:00,77.28114
2011-12-29 07:00:00,134.83194
2011-12-29 08:00:00,258.7002
2011-12-29 09:00:00,166.60495
2011-12-29 10:00:00,68.532326
2011-12-29 11:00:00,75.72654
2011-12-29 12:00:00,95.8987
2011-12-29 13:00:00,89.162415
2011-12-29 14:00:00,83.31215
2011-12-29 15:00:00,91.682625
2011-12-29 16:00:00,127.95601
2011-12-29 17:00:00,267.24808
2011-12-29 18:00:00,288.91135
2011-12-29 19:00:00,148.9644
2011-12-29 20:00:00,102.254326
2011-12-29 21:00:00,68.28123
2011-12-29 22:00:00,60.707916
2011-12-29 23:00:00,39.82631
2011-12-30 00:00:00,20.519073
2011-12-30 01:00:00,9.926286
2011-12-30 02:00:00,9.042685
2011-12-30 03:00:00,4.15666
2011-12-30 04:00:00,3.8249497
2011-12-30 05:00:00,9.565896
2011-12-30 06:00:00,66.017555
2011-12-30 07:00:00,138.85399
2011-12-30 08:00:00,275.28363
2011-12-30 09:00:00,198.00381
2011-12-30 10:00:00,79.5554
2011-12-30 11:00:00,87.40764
2011-12-30 12:00:00,105.85763
2011-12-30 13:00:00,107.89243
2011-12-30 14:00:00,125.532524
2011-12-30 15:00:00,144.48215
2011-12-30 16:00:00,211.32124
2011-12-30 17:00:00,405.73236
2011-12-30 18:00:00,283.60724
2011-12-30 19:00:00,130.75143
2011-12-30 20:00:00,107.80248
2011-12-30 21:00:00,89.559814
2011-12-30 22:00:00,56.588192
2011-12-30 23:00:00,56.173424
2011-12-31 00:00:00,60.07686
2011-12-31 01:00:00,53.205666
2011-12-31 02:00:00,69.35792
2011-12-31 03:00:00,14.931415
2011-12-31 04:00:00,4.96836
2011-12-31 05:00:00,6.359547
2011-12-31 06:00:00,9.292401
2011-12-31 07:00:00,24.977976
2011-12-31 08:00:00,57.67621
2011-12-31 09:00:00,119.336365
2011-12-31 10:00:00,219.13277
2011-12-31 11:00:00,201.86264
2011-12-31 12:00:00,309.4679
2011-12-31 13:00:00,338.3471
2011-12-31 14:00:00,291.057
2011-12-31 15:00:00,325.0307
2011-12-31 16:00:00,298.26834
2011-12-31 17:00:00,246.45909
2011-12-31 18:00:00,235.33122
2011-12-31 19:00:00,180.2965
2011-12-31 20:00:00,110.28509
2011-12-31 21:00:00,97.963524
2011-12-31 22:00:00,89.986725
2011-12-31 23:00:00,63.297718
2012-01-20 00:00:00,32.62522
2012-01-20 01:00:00,9.139669
2012-01-20 02:00:00,7.363415
2012-01-20 03:00:00,5.6101317
2012-01-20 04:00:00,2.7403781
2012-01-20 05:00:00,12.140328
2012-01-20 06:00:00,74.73847
2012-01-20 07:00:00,203.71202
2012-01-20 08:00:00,451.69934
2012-01-20 09:00:00,200.24345
2012-01-20 10:00:00,117.1682
2012-01-20 11:00:00,93.84041
2012-01-20 12:00:00,117.19564
2012-01-20 13:00:00,134.75696
2012-01-20 14:00:00,131.36647
2012-01-20 15:00:00,155.67662
2012-01-20 16:00:00,173.30351
2012-01-20 17:00:00,316.25082
2012-01-20 18:00:00,291.09433
2012-01-20 19:00:00,220.27989
2012-01-20 20:00:00,126.169334
2012-01-20 21:00:00,86.99719
2012-01-20 22:00:00,66.235825
2012-01-20 23:00:00,22.212973
2012-01-21 00:00:00,28.096998
2012-01-21 01:00:00,33.80681
2012-01-21 02:00:00,38.43961
2012-01-21 03:00:00,17.366196
2012-01-21 04:00:00,5.6955485
2012-01-21 05:00:00,3.289718
2012-01-21 06:00:00,13.079816
2012-01-21 07:00:00,23.035034
2012-01-21 08:00:00,80.36152
2012-01-21 09:00:00,91.3208
2012-01-21 10:00:00,129.2786
2012-01-21 11:00:00,202.24983
2012-01-21 12:00:00,190.60619
2012-01-21 13:00:00,187.74916
2012-01-21 14:00:00,133.07347
2012-01-21 15:00:00,141.62698
2012-01-21 16:00:00,199.29587
2012-01-21 17:00:00,168.88956
2012-01-21 18:00:00,145.73936
2012-01-21 19:00:00,118.75107
2012-01-21 20:00:00,117.28242
2012-01-21 21:00:00,62.59091
2012-01-21 22:00:00,58.169075
2012-01-21 23:00:00,63.92019
2012-01-22 00:00:00,59.847736
2012-01-22 01:00:00,59.379196
2012-01-22 02:00:00,37.20166
2012-01-22 03:00:00,18.338812
2012-01-22 04:00:00,4.547638
2012-01-22 05:00:00,4.5814476
2012-01-22 06:00:00,9.245042
2012-01-22 07:00:00,19.918255
2012-01-22 08:00:00,52.83551
2012-01-22 09:00:00,84.33524
2012-01-22 10:00:00,104.33512
2012-01-22 11:00:00,140.59644
2012-01-22 12:00:00,164.8834
2012-01-22 13:00:00,193.66939
2012-01-22 14:00:00,179.43227
2012-01-22 15:00:00,159.52776
2012-01-22 16:00:00,143.39021
2012-01-22 17:00:00,139.08452
2012-01-22 18:00:00,141.29108
2012-01-22 19:00:00,129.93675
2012-01-22 20:00:00,78.44102
2012-01-22 21:00:00,63.701664
2012-01-22 22:00:00,71.368576
2012-01-22 23:00:00,43.168476
2012-01-23 00:00:00,17.354383
2012-01-23 01:00:00,7.8291807
2012-01-23 02:00:00,4.2009845
2012-01-23 03:00:00,2.880126
2012-01-23 04:00:00,3.5693939
2012-01-23 05:00:00,21.286345
2012-01-23 06:00:00,77.444435
2012-01-23 07:00:00,101.04383
2012-01-23 08:00:00,123.3335
2012-01-23 09:00:00,197.95381
2012-01-23 10:00:00,91.00092
2012-01-23 11:00:00,103.07175
2012-01-23 12:00:00,118.41823
2012-01-23 13:00:00,61.475037
2012-01-23 14:00:00,54.738674
2012-01-23 15:00:00,117.92952
2012-01-23 16:00:00,173.34557
2012-01-23 17:00:00,225.29604
2012-01-23 18:00:00,258.8756
2012-01-23 19:00:00,222.76073
2012-01-23 20:00:00,175.00009
2012-01-23 21:00:00,82.629425
2012-01-23 22:00:00,77.65137
2012-01-23 23:00:00,68.22311
2012-01-24 00:00:00,7.34427
2012-01-24 01:00:00,4.1497397
2012-01-24 02:00:00,4.130424
2012-01-24 03:00:00,1.8617299
2012-01-24 04:00:00,1.7603168
2012-01-24 05:00:00,18.086773
2012-01-24 06:00:00,82.30752
2012-01-24 07:00:00,187.59792
2012-01-24 08:00:00,336.71335
2012-01-24 09:00:00,150.01459
2012-01-24 10:00:00,99.286995
2012-01-24 11:00:00,93.80039
2012-01-24 12:00:00,111.81583
2012-01-24 13:00:00,105.521965
2012-01-24 14:00:00,107.71282
2012-01-24 15:00:00,115.63467
2012-01-24 16:00:00,214.63829
2012-01-24 17:00:00,309.34653
2012-01-24 18:00:00,362.95712
2012-01-24 19:00:00,288.28967
2012-01-24 20:00:00,125.0795
2012-01-24 21:00:00,137.90115
2012-01-24 22:00:00,115.96148
2012-01-24 23:00:00,62.962627
2012-01-25 00:00:00,10.493386
2012-01-25 01:00:00,6.012681
2012-01-25 02:00:00,3.722048
2012-01-25 03:00:00,2.69637
2012-01-25 04:00:00,1.8286659
2012-01-25 05:00:00,14.80543
2012-01-25 06:00:00,79.36246
2012-01-25 07:00:00,222.54808
2012-01-25 08:00:00,446.97153
2012-01-25 09:00:00,201.16032
2012-01-25 10:00:00,104.539696
2012-01-25 11:00:00,111.557106
2012-01-25 12:00:00,141.57048
2012-01-25 13:00:00,139.10957
2012-01-25 14:00:00,108.26375
2012-01-25 15:00:00,94.7951
2012-01-25 16:00:00,163.59784
2012-01-25 17:00:00,340.37222
2012-01-25 18:00:00,197.39052
2012-01-25 19:00:00,196.35095
2012-01-25 20:00:00,166.02365
2012-01-25 21:00:00,137.97092
2012-01-25 22:00:00,103.27974
2012-01-25 23:00:00,55.383846
2012-01-26 00:00:00,14.290293
2012-01-26 01:00:00,5.085197
2012-01-26 02:00:00,4.4291067
2012-01-26 03:00:00,2.850799
2012-01-26 04:00:00,2.7132576
2012-01-26 05:00:00,17.972776
2012-01-26 06:00:00,80.80867
2012-01-26 07:00:00,230.17728
2012-01-26 08:00:00,416.67145
2012-01-26 09:00:00,202.57913
2012-01-26 10:00:00,111.83756
2012-01-26 11:00:00,112.44147
2012-01-26 12:00:00,125.87842
2012-01-26 13:00:00,116.830376
2012-01-26 14:00:00,125.31057
2012-01-26 15:00:00,129.03381
2012-01-26 16:00:00,199.72238
2012-01-26 17:00:00,342.8476
2012-01-26 18:00:00,368.388
2012-01-26 19:00:00,247.5557
2012-01-26 20:00:00,161.22658
2012-01-26 21:00:00,136.17572
2012-01-26 22:00:00,128.6057
2012-01-26 23:00:00,70.00838
2012-01-27 00:00:00,37.22966
2012-01-27 01:00:00,17.088123
2012-01-27 02:00:00,10.350694
2012-01-27 03:00:00,3.9624882
2012-01-27 04:00:00,4.5614166
2012-01-27 05:00:00,45.875183
2012-01-27 06:00:00,92.991806
2012-01-27 07:00:00,148.20113
2012-01-27 08:00:00,184.67247
2012-01-27 09:00:00,139.42781
2012-01-27 10:00:00,101.95786
2012-01-27 11:00:00,163.6699
2012-01-27 12:00:00,184.8694
2012-01-27 13:00:00,177.49818
2012-01-27 14:00:00,151.97221
2012-01-27 15:00:00,174.25584
2012-01-27 16:00:00,205.35469
2012-01-27 17:00:00,234.35587
2012-01-27 18:00:00,308.6506
2012-01-27 19:00:00,214.88078
2012-01-27 20:00:00,153.2014
2012-01-27 21:00:00,121.81328
2012-01-27 22:00:00,122.120995
2012-01-27 23:00:00,67.750435
2012-01-28 00:00:00,72.626396
2012-01-28 01:00:00,65.800766
2012-01-28 02:00:00,46.257034
2012-01-28 03:00:00,18.607878
2012-01-28 04:00:00,3.7322693
2012-01-28 05:00:00,2.735123
2012-01-28 06:00:00,8.722937
2012-01-28 07:00:00,30.737442
2012-01-28 08:00:00,83.17878
2012-01-28 09:00:00,117.81576
2012-01-28 10:00:00,187.20749
2012-01-28 11:00:00,216.76888
2012-01-28 12:00:00,203.5838
2012-01-28 13:00:00,233.32877
2012-01-28 14:00:00,269.45773
2012-01-28 15:00:00,258.57663
2012-01-28 16:00:00,341.32385
2012-01-28 17:00:00,235.53629
2012-01-28 18:00:00,223.18942
2012-01-28 19:00:00,144.33835
2012-01-28 20:00:00,122.12147
2012-01-28 21:00:00,100.68561
2012-01-28 22:00:00,104.3933
2012-01-28 23:00:00,93.96132
2012-01-29 00:00:00,60.15662
2012-01-29 01:00:00,61.615864
2012-01-29 02:00:00,42.355137
2012-01-29 03:00:00,16.339622
2012-01-29 04:00:00,2.3957686
2012-01-29 05:00:00,3.129318
2012-01-29 06:00:00,5.392772
2012-01-29 07:00:00,16.46661
2012-01-29 08:00:00,41.428917
2012-01-29 09:00:00,87.36591
2012-01-29 10:00:00,159.73602
2012-01-29 11:00:00,197.33075
2012-01-29 12:00:00,224.93526
2012-01-29 13:00:00,231.73837
2012-01-29 14:00:00,200.57536
2012-01-29 15:00:00,254.66063
2012-01-29 16:00:00,264.624
2012-01-29 17:00:00,221.76564
2012-01-29 18:00:00,190.66612
2012-01-29 19:00:00,97.90168
2012-01-29 20:00:00,108.28402
2012-01-29 21:00:00,87.20893
2012-01-29 22:00:00,88.875336
2012-01-29 23:00:00,48.838306
2012-01-30 00:00:00,14.115528
2012-01-30 01:00:00,3.1448443
2012-01-30 02:00:00,2.091681
2012-01-30 03:00:00,2.4650326
2012-01-30 04:00:00,1.9190058
2012-01-30 05:00:00,12.170021
2012-01-30 06:00:00,78.18694
2012-01-30 07:00:00,203.644
2012-01-30 08:00:00,422.00714
2012-01-30 09:00:00,187.47485
2012-01-30 10:00:00,103.682686
2012-01-30 11:00:00,104.553185
2012-01-30 12:00:00,137.32724
2012-01-30 13:00:00,141.48424
2012-01-30 14:00:00,120.78911
2012-01-30 15:00:00,126.23065
2012-01-30 16:00:00,173.75432
2012-01-30 17:00:00,352.33173
2012-01-30 18:00:00,345.7833
2012-01-30 19:00:00,245.36754
2012-01-30 20:00:00,191.74742
2012-01-30 21:00:00,152.84431
2012-01-30 22:00:00,88.051926
2012-01-30 23:00:00,53.086704
2012-01-31 00:00:00,12.8941555
2012-01-31 01:00:00,3.4113324
2012-01-31 02:00:00,3.2340496
2012-01-31 03:00:00,2.0462272
2012-01-31 04:00:00,1.4079626
2012-01-31 05:00:00,11.963996
2012-01-31 06:00:00,76.08552
2012-01-31 07:00:00,237.5815
2012-01-31 08:00:00,491.1598
2012-01-31 09:00:00,202.18404
2012-01-31 10:00:00,122.49672
2012-01-31 11:00:00,105.47905
2012-01-31 12:00:00,140.58185
2012-01-31 13:00:00,166.20789
2012-01-31 14:00:00,159.88387
2012-01-31 15:00:00,180.2372
2012-01-31 16:00:00,315.84958
2012-01-31 17:00:00,585.3884
2012-01-31 18:00:00,563.01917
2012-01-31 19:00:00,362.98367
2012-01-31 20:00:00,166.65091
2012-01-31 21:00:00,187.52266
2012-01-31 22:00:00,107.22379
2012-01-31 23:00:00,70.66686
2012-02-20 00:00:00,30.688356
2012-02-20 01:00:00,22.626316
2012-02-20 02:00:00,7.015147
2012-02-20 03:00:00,3.9804685
2012-02-20 05:00:00,8.388773
2012-02-20 06:00:00,9.835583
2012-02-20 07:00:00,18.571774
2012-02-20 08:00:00,70.735344
2012-02-20 09:00:00,94.73377
2012-02-20 10:00:00,157.4081
2012-02-20 11:00:00,189.95285
2012-02-20 12:00:00,218.8531
2012-02-20 13:00:00,246.22308
2012-02-20 14:00:00,251.26976
2012-02-20 15:00:00,294.50616
2012-02-20 16:00:00,298.11783
2012-02-20 17:00:00,350.85873
2012-02-20 18:00:00,277.69855
2012-02-20 19:00:00,177.71458
2012-02-20 20:00:00,150.38264
2012-02-20 21:00:00,131.76451
2012-02-20 22:00:00,101.048744
2012-02-20 23:00:00,56.932774
2012-02-21 00:00:00,16.852945
2012-02-21 01:00:00,6.365966
2012-02-21 02:00:00,3.2272663
2012-02-21 04:00:00,1.7930546
2012-02-21 05:00:00,20.488476
2012-02-21 06:00:00,80.09473
2012-02-21 07:00:00,258.0768
2012-02-21 08:00:00,490.13437
2012-02-21 09:00:00,227.17009
2012-02-21 10:00:00,111.85806
2012-02-21 11:00:00,114.43639
2012-02-21 12:00:00,137.1432
2012-02-21 13:00:00,148.45804
2012-02-21 14:00:00,123.13736
2012-02-21 15:00:00,119.44853
2012-02-21 16:00:00,183.55966
2012-02-21 17:00:00,495.3222
2012-02-21 18:00:00,486.27933
2012-02-21 19:00:00,275.28284
2012-02-21 20:00:00,214.33188
2012-02-21 21:00:00,145.76001
2012-02-21 22:00:00,83.41626
2012-02-21 23:00:00,56.175797
2012-02-22 00:00:00,16.943338
2012-02-22 01:00:00,6.2240124
2012-02-22 02:00:00,2.3422406
2012-02-22 03:00:00,2.490948
2012-02-22 04:00:00,1.7440739
2012-02-22 05:00:00,24.586308
2012-02-22 06:00:00,88.237305
2012-02-22 07:00:00,274.53635
2012-02-22 08:00:00,508.18866
2012-02-22 09:00:00,271.96042
2012-02-22 10:00:00,146.07715
2012-02-22 11:00:00,142.94873
2012-02-22 12:00:00,170.46198
2012-02-22 13:00:00,158.14499
2012-02-22 14:00:00,140.4564
2012-02-22 15:00:00,188.65314
2012-02-22 16:00:00,295.95953
2012-02-22 17:00:00,562.6697
2012-02-22 18:00:00,450.225
2012-02-22 19:00:00,294.42798
2012-02-22 20:00:00,198.50815
2012-02-22 21:00:00,214.70071
2012-02-22 22:00:00,131.4481
2012-02-22 23:00:00,83.43236
2012-02-23 00:00:00,28.467203
2012-02-23 01:00:00,7.686028
2012-02-23 02:00:00,4.5247746
2012-02-23 03:00:00,4.6658654
2012-02-23 04:00:00,2.8136344
2012-02-23 05:00:00,26.622547
2012-02-23 06:00:00,86.92472
2012-02-23 07:00:00,223.94885
2012-02-23 08:00:00,406.13364
2012-02-23 09:00:00,210.87674
2012-02-23 10:00:00,126.08841
2012-02-23 11:00:00,138.94972
2012-02-23 12:00:00,197.69092
2012-02-23 13:00:00,219.84538
2012-02-23 14:00:00,184.83333
2012-02-23 15:00:00,209.34523
2012-02-23 16:00:00,317.37027
2012-02-23 17:00:00,597.5564
2012-02-23 18:00:00,574.62714
2012-02-23 19:00:00,373.09848
2012-02-23 20:00:00,259.26785
2012-02-23 21:00:00,159.12366
2012-02-23 22:00:00,133.18744
2012-02-23 23:00:00,84.28114
2012-02-24 00:00:00,38.664474
2012-02-24 01:00:00,19.986914
2012-02-24 02:00:00,5.4143972
2012-02-24 03:00:00,5.0548716
2012-02-24 04:00:00,3.1840415
2012-02-24 05:00:00,27.919683
2012-02-24 06:00:00,89.51651
2012-02-24 07:00:00,175.51724
2012-02-24 08:00:00,272.47046
2012-02-24 09:00:00,198.76755
2012-02-24 10:00:00,78.97544
2012-02-24 11:00:00,126.67869
2012-02-24 12:00:00,134.00342
2012-02-24 13:00:00,137.36972
2012-02-24 14:00:00,139.51462
2012-02-24 15:00:00,110.67835
2012-02-24 16:00:00,130.2202
2012-02-24 17:00:00,209.65297
2012-02-24 18:00:00,449.46484
2012-02-24 19:00:00,262.12494
2012-02-24 20:00:00,178.3972
2012-02-24 21:00:00,118.88819
2012-02-24 22:00:00,114.71658
2012-02-24 23:00:00,92.46319
2012-02-25 00:00:00,71.29762
2012-02-25 01:00:00,73.46356
2012-02-25 02:00:00,43.383602
2012-02-25 03:00:00,15.992892
2012-02-25 04:00:00,5.259266
2012-02-25 05:00:00,4.0845146
2012-02-25 06:00:00,9.0801115
2012-02-25 07:00:00,37.939754
2012-02-25 08:00:00,85.705124
2012-02-25 09:00:00,82.420685
2012-02-25 10:00:00,182.03873
2012-02-25 11:00:00,192.26852
2012-02-25 12:00:00,231.13675
2012-02-25 13:00:00,307.65436
2012-02-25 14:00:00,229.43
2012-02-25 15:00:00,311.91232
2012-02-25 16:00:00,215.35637
2012-02-25 17:00:00,190.1469
2012-02-25 18:00:00,159.73549
2012-02-25 19:00:00,115.635666
2012-02-25 20:00:00,100.89252
2012-02-25 21:00:00,62.10703
2012-02-25 22:00:00,74.20628
2012-02-25 23:00:00,62.835144
2012-02-26 00:00:00,73.059
2012-02-26 01:00:00,67.972336
2012-02-26 02:00:00,57.640465
2012-02-26 03:00:00,35.213406
2012-02-26 04:00:00,3.6733525
2012-02-26 05:00:00,3.2444003
2012-02-26 06:00:00,5.214133
2012-02-26 07:00:00,13.154968
2012-02-26 08:00:00,39.59719
2012-02-26 09:00:00,91.4263
2012-02-26 10:00:00,181.5521
2012-02-26 11:00:00,210.7924
2012-02-26 12:00:00,255.00049
2012-02-26 13:00:00,298.58075
2012-02-26 14:00:00,300.0797
2012-02-26 15:00:00,325.7158
2012-02-26 16:00:00,320.871
2012-02-26 17:00:00,270.67957
2012-02-26 18:00:00,236.22768
2012-02-26 19:00:00,151.03342
2012-02-26 20:00:00,104.09671
2012-02-26 21:00:00,86.75634
2012-02-26 22:00:00,86.16825
2012-02-26 23:00:00,35.63228
2012-02-27 00:00:00,20.942991
2012-02-27 01:00:00,5.782643
2012-02-27 02:00:00,4.08704
2012-02-27 03:00:00,2.417367
2012-02-27 04:00:00,2.2713995
2012-02-27 05:00:00,15.044473
2012-02-27 06:00:00,75.556564
2012-02-27 07:00:00,243.8419
2012-02-27 08:00:00,480.0827
2012-02-27 09:00:00,229.12595
2012-02-27 10:00:00,117.77611
2012-02-27 11:00:00,141.62604
2012-02-27 12:00:00,160.70334
2012-02-27 13:00:00,158.09619
2012-02-27 14:00:00,133.3274
2012-02-27 15:00:00,187.30138
2012-02-27 16:00:00,321.62225
2012-02-27 17:00:00,587.73346
2012-02-27 18:00:00,549.63116
2012-02-27 19:00:00,369.3197
2012-02-27 20:00:00,281.4052
2012-02-27 21:00:00,179.93687
2012-02-27 22:00:00,113.739716
2012-02-27 23:00:00,63.560486
2012-02-28 00:00:00,30.659622
2012-02-28 01:00:00,9.002171
2012-02-28 02:00:00,7.977406
2012-02-28 03:00:00,3.7284715
2012-02-28 04:00:00,2.0782955
2012-02-28 05:00:00,16.938416
2012-02-28 06:00:00,91.72767
2012-02-28 07:00:00,240.37033
2012-02-28 08:00:00,471.71426
2012-02-28 09:00:00,207.31737
2012-02-28 10:00:00,123.02258
2012-02-28 11:00:00,131.12552
2012-02-28 12:00:00,161.61452
2012-02-28 13:00:00,158.10469
2012-02-28 14:00:00,144.46536
2012-02-28 15:00:00,157.71037
2012-02-28 16:00:00,262.84247
2012-02-28 17:00:00,445.96143
2012-02-28 18:00:00,477.2842
2012-02-28 19:00:00,297.5433
2012-02-28 20:00:00,170.59882
2012-02-28 21:00:00,158.13322
2012-02-28 22:00:00,105.21829
2012-02-28 23:00:00,59.491787
2012-02-29 00:00:00,20.876228
2012-02-29 01:00:00,6.5025687
2012-02-29 02:00:00,3.5297797
2012-02-29 03:00:00,2.1547146
2012-02-29 05:00:00,21.42102
2012-02-29 06:00:00,75.17611
2012-02-29 07:00:00,259.212
2012-02-29 08:00:00,475.37842
2012-02-29 09:00:00,60.123734
2012-02-29 10:00:00,50.11106
2012-02-29 11:00:00,43.61434
2012-02-29 12:00:00,63.58783
2012-02-29 13:00:00,85.10216
2012-02-29 14:00:00,82.13406
2012-02-29 15:00:00,112.81543
2012-02-29 16:00:00,94.12865
2012-02-29 17:00:00,347.72406
2012-02-29 18:00:00,266.77103
2012-02-29 19:00:00,227.89334
2012-02-29 20:00:00,89.968025
2012-02-29 21:00:00,80.69967
2012-02-29 22:00:00,56.177814
2012-02-29 23:00:00,28.226479
2012-03-20 00:00:00,39.32548
2012-03-20 01:00:00,15.1770935
2012-03-20 02:00:00,5.926967
2012-03-20 03:00:00,3.8623621
2012-03-20 04:00:00,4.668851
2012-03-20 05:00:00,30.38491
2012-03-20 06:00:00,120.97485
2012-03-20 07:00:00,130.6158
2012-03-20 08:00:00,581.478
2012-03-20 09:00:00,345.57764
2012-03-20 10:00:00,149.61963
2012-03-20 11:00:00,160.61415
2012-03-20 12:00:00,259.3669
2012-03-20 13:00:00,253.64278
2012-03-20 14:00:00,189.6887
2012-03-20 15:00:00,213.69365
2012-03-20 16:00:00,319.75607
2012-03-20 17:00:00,584.8968
2012-03-20 18:00:00,578.83734
2012-03-20 19:00:00,442.20685
2012-03-20 20:00:00,286.21625
2012-03-20 21:00:00,206.8975
2012-03-20 22:00:00,143.29948
2012-03-20 23:00:00,83.696236
2012-03-21 00:00:00,29.56073
2012-03-21 01:00:00,17.285282
2012-03-21 02:00:00,5.7685094
2012-03-21 03:00:00,4.4733043
2012-03-21 04:00:00,4.347683
2012-03-21 05:00:00,29.215412
2012-03-21 06:00:00,112.0545
2012-03-21 07:00:00,131.05643
2012-03-21 08:00:00,154.51785
2012-03-21 09:00:00,298.10928
2012-03-21 10:00:00,165.98758
2012-03-21 11:00:00,168.64597
2012-03-21 12:00:00,191.02179
2012-03-21 13:00:00,187.43126
2012-03-21 14:00:00,191.76048
2012-03-21 15:00:00,215.18353
2012-03-21 16:00:00,383.37756
2012-03-21 17:00:00,499.4578
2012-03-21 18:00:00,493.2067
2012-03-21 19:00:00,457.8442
2012-03-21 20:00:00,262.6977
2012-03-21 21:00:00,222.81612
2012-03-21 22:00:00,227.48431
2012-03-21 23:00:00,115.52927
2012-03-22 00:00:00,42.255005
2012-03-22 01:00:00,21.87238
2012-03-22 02:00:00,11.95566
2012-03-22 03:00:00,7.11407
2012-03-22 04:00:00,5.7694254
2012-03-22 05:00:00,47.23211
2012-03-22 06:00:00,125.076126
2012-03-22 07:00:00,364.12436
2012-03-22 08:00:00,586.15674
2012-03-22 09:00:00,298.53732
2012-03-22 10:00:00,154.91725
2012-03-22 11:00:00,169.34738
2012-03-22 12:00:00,188.85591
2012-03-22 13:00:00,234.25555
2012-03-22 14:00:00,216.24242
2012-03-22 15:00:00,248.19475
2012-03-22 16:00:00,341.29562
2012-03-22 17:00:00,784.7175
2012-03-22 18:00:00,796.3186
2012-03-22 19:00:00,557.1349
2012-03-22 20:00:00,381.54562
2012-03-22 21:00:00,243.89702
2012-03-22 22:00:00,236.01274
2012-03-22 23:00:00,131.58542
2012-03-23 00:00:00,52.6182
2012-03-23 01:00:00,27.572
2012-03-23 02:00:00,18.354893
2012-03-23 03:00:00,9.123835
2012-03-23 04:00:00,10.134148
2012-03-23 05:00:00,41.062958
2012-03-23 06:00:00,103.29908
2012-03-23 07:00:00,374.74124
2012-03-23 08:00:00,496.50766
2012-03-23 09:00:00,289.40073
2012-03-23 10:00:00,193.04207
2012-03-23 11:00:00,246.60757
2012-03-23 12:00:00,351.0544
2012-03-23 13:00:00,380.5626
2012-03-23 14:00:00,355.0087
2012-03-23 15:00:00,387.71234
2012-03-23 16:00:00,504.02405
2012-03-23 17:00:00,759.2113
2012-03-23 18:00:00,674.0461
2012-03-23 19:00:00,465.70667
2012-03-23 20:00:00,335.3151
2012-03-23 21:00:00,281.19617
2012-03-23 22:00:00,238.66174
2012-03-23 23:00:00,193.58058
2012-03-24 00:00:00,107.443184
2012-03-24 01:00:00,91.42202
2012-03-24 02:00:00,62.61084
2012-03-24 03:00:00,26.29146
2012-03-24 04:00:00,12.293761
2012-03-24 05:00:00,11.772582
2012-03-24 06:00:00,48.167503
2012-03-24 07:00:00,81.92486
2012-03-24 08:00:00,179.46005
2012-03-24 09:00:00,248.3765
2012-03-24 10:00:00,323.8961
2012-03-24 11:00:00,387.73514
2012-03-24 12:00:00,143.41754
2012-03-24 13:00:00,166.74054
2012-03-24 14:00:00,123.259895
2012-03-24 15:00:00,100.99684
2012-03-24 16:00:00,127.685974
2012-03-24 17:00:00,168.17944
2012-03-24 18:00:00,195.90596
2012-03-24 19:00:00,173.02397
2012-03-24 20:00:00,133.34622
2012-03-24 21:00:00,68.13905
2012-03-24 22:00:00,38.0388
2012-03-24 23:00:00,103.66552
2012-03-25 00:00:00,90.16343
2012-03-25 01:00:00,58.412865
2012-03-25 02:00:00,52.774704
2012-03-25 03:00:00,28.845049
2012-03-25 04:00:00,14.880325
2012-03-25 05:00:00,8.078208
2012-03-25 06:00:00,17.088236
2012-03-25 07:00:00,40.18826
2012-03-25 08:00:00,80.27311
2012-03-25 09:00:00,144.26387
2012-03-25 10:00:00,248.46999
2012-03-25 11:00:00,280.7448
2012-03-25 12:00:00,369.4006
2012-03-25 13:00:00,409.07428
2012-03-25 14:00:00,369.28262
2012-03-25 15:00:00,305.51596
2012-03-25 16:00:00,290.43253
2012-03-25 17:00:00,358.65326
2012-03-25 18:00:00,362.2802
2012-03-25 19:00:00,302.69775
2012-03-25 20:00:00,219.14075
2012-03-25 21:00:00,173.60913
2012-03-25 22:00:00,110.20684
2012-03-25 23:00:00,49.696644
2012-03-26 00:00:00,21.500425
2012-03-26 01:00:00,10.751304
2012-03-26 02:00:00,8.794942
2012-03-26 03:00:00,3.336066
2012-03-26 04:00:00,4.881892
2012-03-26 05:00:00,29.962496
2012-03-26 06:00:00,120.88223
2012-03-26 07:00:00,369.70734
2012-03-26 08:00:00,694.41077
2012-03-26 09:00:00,295.09293
2012-03-26 10:00:00,203.84874
2012-03-26 11:00:00,241.4595
2012-03-26 12:00:00,256.05112
2012-03-26 13:00:00,244.83759
2012-03-26 14:00:00,229.63083
2012-03-26 15:00:00,247.8072
2012-03-26 16:00:00,280.51166
2012-03-26 17:00:00,532.7043
2012-03-26 18:00:00,581.8667
2012-03-26 19:00:00,411.34274
2012-03-26 20:00:00,261.38297
2012-03-26 21:00:00,191.87845
2012-03-26 22:00:00,117.22129
2012-03-26 23:00:00,74.01213
2012-03-27 00:00:00,30.518333
2012-03-27 01:00:00,5.3066754
2012-03-27 02:00:00,4.8452644
2012-03-27 03:00:00,2.4484658
2012-03-27 04:00:00,2.7685747
2012-03-27 05:00:00,39.729477
2012-03-27 06:00:00,96.61153
2012-03-27 07:00:00,349.494
2012-03-27 08:00:00,655.9187
2012-03-27 09:00:00,309.93442
2012-03-27 10:00:00,196.67429
2012-03-27 11:00:00,166.94823
2012-03-27 12:00:00,178.00891
2012-03-27 13:00:00,181.53581
2012-03-27 14:00:00,188.17932
2012-03-27 15:00:00,223.17969
2012-03-27 16:00:00,355.10413
2012-03-27 17:00:00,603.17444
2012-03-27 18:00:00,632.2587
2012-03-27 19:00:00,441.20053
2012-03-27 20:00:00,295.02573
2012-03-27 21:00:00,175.92923
2012-03-27 22:00:00,133.32758
2012-03-27 23:00:00,77.99988
2012-03-28 00:00:00,28.455172
2012-03-28 01:00:00,9.925117
2012-03-28 02:00:00,5.3264675
2012-03-28 03:00:00,3.4344997
2012-03-28 04:00:00,2.6863058
2012-03-28 05:00:00,36.94118
2012-03-28 06:00:00,118.43987
2012-03-28 07:00:00,351.46948
2012-03-28 08:00:00,669.4591
2012-03-28 09:00:00,296.30624
2012-03-28 10:00:00,180.1693
2012-03-28 11:00:00,222.08742
2012-03-28 12:00:00,230.2195
2012-03-28 13:00:00,241.17203
2012-03-28 14:00:00,237.93431
2012-03-28 15:00:00,263.0495
2012-03-28 16:00:00,292.94397
2012-03-28 17:00:00,717.2016
2012-03-28 18:00:00,711.3251
2012-03-28 19:00:00,600.61127
2012-03-28 20:00:00,439.59296
2012-03-28 21:00:00,293.5893
2012-03-28 22:00:00,232.32785
2012-03-28 23:00:00,94.41239
2012-03-29 00:00:00,42.916767
2012-03-29 01:00:00,21.643381
2012-03-29 02:00:00,11.526377
2012-03-29 03:00:00,4.9543858
2012-03-29 04:00:00,5.472368
2012-03-29 05:00:00,31.982155
2012-03-29 06:00:00,119.936966
2012-03-29 07:00:00,346.91653
2012-03-29 08:00:00,710.0162
2012-03-29 09:00:00,292.9716
2012-03-29 10:00:00,173.10747
2012-03-29 11:00:00,208.21767
2012-03-29 12:00:00,243.99864
2012-03-29 13:00:00,218.1743
2012-03-29 14:00:00,216.78632
2012-03-29 15:00:00,242.48415
2012-03-29 16:00:00,367.0016
2012-03-29 17:00:00,691.20105
2012-03-29 18:00:00,624.0469
2012-03-29 19:00:00,449.0642
2012-03-29 20:00:00,301.683
2012-03-29 21:00:00,232.92151
2012-03-29 22:00:00,172.94664
2012-03-29 23:00:00,110.28376
2012-03-30 00:00:00,51.95132
2012-03-30 01:00:00,20.78743
2012-03-30 02:00:00,11.37889
2012-03-30 03:00:00,8.7392845
2012-03-30 04:00:00,4.8042703
2012-03-30 05:00:00,21.744175
2012-03-30 06:00:00,86.28696
2012-03-30 07:00:00,324.36182
2012-03-30 08:00:00,628.19293
2012-03-30 09:00:00,344.86642
2012-03-30 10:00:00,172.91414
2012-03-30 11:00:00,189.57445
2012-03-30 12:00:00,246.63509
2012-03-30 13:00:00,104.35316
2012-03-30 14:00:00,84.12245
2012-03-30 15:00:00,81.52861
2012-03-30 16:00:00,184.7598
2012-03-30 17:00:00,571.98944
2012-03-30 18:00:00,500.93448
2012-03-30 19:00:00,358.92673
2012-03-30 20:00:00,245.60097
2012-03-30 21:00:00,184.33237
2012-03-30 22:00:00,148.86668
2012-03-30 23:00:00,99.826324
2012-03-31 00:00:00,89.79334
2012-03-31 01:00:00,71.98185
2012-03-31 02:00:00,38.07237
2012-03-31 03:00:00,23.802711
2012-03-31 04:00:00,9.981048
2012-03-31 05:00:00,8.56579
2012-03-31 06:00:00,48.048267
2012-03-31 07:00:00,71.17662
2012-03-31 08:00:00,122.582954
2012-03-31 09:00:00,235.82362
2012-03-31 10:00:00,317.14825
2012-03-31 11:00:00,428.2962
2012-03-31 12:00:00,473.60245
2012-03-31 13:00:00,546.0612
2012-03-31 14:00:00,485.09833
2012-03-31 15:00:00,502.11752
2012-03-31 16:00:00,452.6737
2012-03-31 17:00:00,357.07553
2012-03-31 18:00:00,331.37122
2012-03-31 19:00:00,365.44244
2012-03-31 20:00:00,170.82283
2012-03-31 21:00:00,176.93027
2012-03-31 22:00:00,150.3283
2012-03-31 23:00:00,87.566376
2012-04-20 00:00:00,63.9501
2012-04-20 01:00:00,28.610386
2012-04-20 02:00:00,16.462578
2012-04-20 03:00:00,6.703256
2012-04-20 04:00:00,8.630965
2012-04-20 05:00:00,37.385765
2012-04-20 06:00:00,98.424034
2012-04-20 07:00:00,367.48026
2012-04-20 08:00:00,687.21155
2012-04-20 09:00:00,323.0085
2012-04-20 10:00:00,186.09099
2012-04-20 11:00:00,267.4719
2012-04-20 12:00:00,344.2887
2012-04-20 13:00:00,371.87408
2012-04-20 14:00:00,350.87183
2012-04-20 15:00:00,364.7112
2012-04-20 16:00:00,492.1523
2012-04-20 17:00:00,741.9892
2012-04-20 18:00:00,630.7643
2012-04-20 19:00:00,477.92755
2012-04-20 20:00:00,367.06036
2012-04-20 21:00:00,233.3415
2012-04-20 22:00:00,227.64091
2012-04-20 23:00:00,201.13594
2012-04-21 00:00:00,103.84729
2012-04-21 01:00:00,97.472565
2012-04-21 02:00:00,65.95138
2012-04-21 03:00:00,24.252531
2012-04-21 04:00:00,7.733908
2012-04-21 05:00:00,10.739406
2012-04-21 06:00:00,45.444984
2012-04-21 07:00:00,117.12195
2012-04-21 08:00:00,236.48233
2012-04-21 09:00:00,314.72598
2012-04-21 10:00:00,473.50266
2012-04-21 11:00:00,543.18604
2012-04-21 12:00:00,624.0776
2012-04-21 13:00:00,629.14386
2012-04-21 14:00:00,610.0232
2012-04-21 15:00:00,659.11053
2012-04-21 16:00:00,617.52795
2012-04-21 17:00:00,597.1718
2012-04-21 18:00:00,485.96042
2012-04-21 19:00:00,197.20207
2012-04-21 20:00:00,70.051186
2012-04-21 21:00:00,51.149418
2012-04-21 22:00:00,184.75421
2012-04-21 23:00:00,109.37037
2012-04-22 00:00:00,105.295815
2012-04-22 01:00:00,103.56929
2012-04-22 02:00:00,57.464428
2012-04-22 03:00:00,18.901615
2012-04-22 04:00:00,9.542397
2012-04-22 05:00:00,11.483796
2012-04-22 06:00:00,20.304031
2012-04-22 07:00:00,47.39351
2012-04-22 08:00:00,77.25931
2012-04-22 09:00:00,97.17793
2012-04-22 10:00:00,152.08298
2012-04-22 11:00:00,137.85242
2012-04-22 12:00:00,131.32886
2012-04-22 13:00:00,167.60123
2012-04-22 14:00:00,123.65454
2012-04-22 15:00:00,125.959335
2012-04-22 16:00:00,155.24197
2012-04-22 17:00:00,196.3262
2012-04-22 18:00:00,143.27025
2012-04-22 19:00:00,101.844025
2012-04-22 20:00:00,119.51794
2012-04-22 21:00:00,73.07454
2012-04-22 22:00:00,32.45011
2012-04-22 23:00:00,57.37306
2012-04-23 00:00:00,25.98944
2012-04-23 01:00:00,11.024736
2012-04-23 02:00:00,4.2295794
2012-04-23 03:00:00,3.836791
2012-04-23 04:00:00,4.5621057
2012-04-23 05:00:00,23.40043
2012-04-23 06:00:00,89.673584
2012-04-23 07:00:00,125.111725
2012-04-23 08:00:00,605.2254
2012-04-23 09:00:00,240.05989
2012-04-23 10:00:00,128.96153
2012-04-23 11:00:00,159.24158
2012-04-23 12:00:00,86.38549
2012-04-23 13:00:00,104.970406
2012-04-23 14:00:00,96.80641
2012-04-23 15:00:00,180.81871
2012-04-23 16:00:00,215.6037
2012-04-23 17:00:00,272.39108
2012-04-23 18:00:00,364.0972
2012-04-23 19:00:00,394.55786
2012-04-23 20:00:00,221.23103
2012-04-23 21:00:00,143.9807
2012-04-23 22:00:00,119.39204
2012-04-23 23:00:00,61.63865
2012-04-24 00:00:00,22.600851
2012-04-24 01:00:00,8.129983
2012-04-24 02:00:00,2.887691
2012-04-24 03:00:00,3.2484858
2012-04-24 04:00:00,1.8492429
2012-04-24 05:00:00,25.431126
2012-04-24 06:00:00,89.40678
2012-04-24 07:00:00,339.743
2012-04-24 08:00:00,722.3694
2012-04-24 09:00:00,314.98987
2012-04-24 10:00:00,180.93483
2012-04-24 11:00:00,220.44667
2012-04-24 12:00:00,237.30214
2012-04-24 13:00:00,236.40501
2012-04-24 14:00:00,226.87903
2012-04-24 15:00:00,244.38927
2012-04-24 16:00:00,386.56967
2012-04-24 17:00:00,646.93054
2012-04-24 18:00:00,684.3369
2012-04-24 19:00:00,494.43408
2012-04-24 20:00:00,313.59274
2012-04-24 21:00:00,218.75249
2012-04-24 22:00:00,183.46895
2012-04-24 23:00:00,96.31223
2012-04-25 00:00:00,30.74392
2012-04-25 01:00:00,9.556557
2012-04-25 02:00:00,4.0156255
2012-04-25 03:00:00,2.0245154
2012-04-25 04:00:00,1.9168776
2012-04-25 05:00:00,30.11322
2012-04-25 06:00:00,91.72378
2012-04-25 07:00:00,390.88718
2012-04-25 08:00:00,590.26575
2012-04-25 09:00:00,315.6505
2012-04-25 10:00:00,183.95284
2012-04-25 11:00:00,224.53204
2012-04-25 12:00:00,236.76039
2012-04-25 13:00:00,237.06136
2012-04-25 14:00:00,221.25838
2012-04-25 15:00:00,282.0954
2012-04-25 16:00:00,363.7431
2012-04-25 17:00:00,658.1553
2012-04-25 18:00:00,660.97534
2012-04-25 19:00:00,509.018
2012-04-25 20:00:00,369.6216
2012-04-25 21:00:00,254.90334
2012-04-25 22:00:00,186.72975
2012-04-25 23:00:00,82.36597
2012-04-26 00:00:00,25.553434
2012-04-26 01:00:00,18.438875
2012-04-26 02:00:00,10.054884
2012-04-26 03:00:00,6.75372
2012-04-26 04:00:00,8.737661
2012-04-26 05:00:00,27.29665
2012-04-26 06:00:00,122.467926
2012-04-26 07:00:00,200.19481
2012-04-26 08:00:00,267.50955
2012-04-26 09:00:00,116.354095
2012-04-26 10:00:00,158.57576
2012-04-26 11:00:00,174.31343
2012-04-26 12:00:00,208.13689
2012-04-26 13:00:00,212.89294
2012-04-26 14:00:00,189.31718
2012-04-26 15:00:00,172.2395
2012-04-26 16:00:00,206.4686
2012-04-26 17:00:00,471.4211
2012-04-26 18:00:00,434.52695
2012-04-26 19:00:00,376.39645
2012-04-26 20:00:00,282.8437
2012-04-26 21:00:00,244.11386
2012-04-26 22:00:00,247.37834
2012-04-26 23:00:00,136.54002
2012-04-27 00:00:00,57.058243
2012-04-27 01:00:00,29.772896
2012-04-27 02:00:00,18.028627
2012-04-27 03:00:00,8.031319
2012-04-27 04:00:00,5.683667
2012-04-27 05:00:00,40.846428
2012-04-27 06:00:00,90.52468
2012-04-27 07:00:00,340.89386
2012-04-27 08:00:00,565.3776
2012-04-27 09:00:00,355.2687
2012-04-27 10:00:00,217.83188
2012-04-27 11:00:00,230.99036
2012-04-27 12:00:00,284.9241
2012-04-27 13:00:00,309.18466
2012-04-27 14:00:00,263.47037
2012-04-27 15:00:00,344.87433
2012-04-27 16:00:00,435.14877
2012-04-27 17:00:00,682.4637
2012-04-27 18:00:00,518.9899
2012-04-27 19:00:00,454.48343
2012-04-27 20:00:00,247.79048
2012-04-27 21:00:00,192.82928
2012-04-27 22:00:00,169.46382
2012-04-27 23:00:00,108.16798
2012-04-28 00:00:00,92.39418
2012-04-28 01:00:00,68.13127
2012-04-28 02:00:00,45.31742
2012-04-28 03:00:00,27.73189
2012-04-28 04:00:00,10.652209
2012-04-28 05:00:00,7.4713197
2012-04-28 06:00:00,22.409418
2012-04-28 07:00:00,57.580433
2012-04-28 08:00:00,121.25965
2012-04-28 09:00:00,254.50658
2012-04-28 10:00:00,363.7313
2012-04-28 11:00:00,453.19492
2012-04-28 12:00:00,463.45264
2012-04-28 13:00:00,473.33185
2012-04-28 14:00:00,537.50714
2012-04-28 15:00:00,577.07416
2012-04-28 16:00:00,467.3747
2012-04-28 17:00:00,391.08624
2012-04-28 18:00:00,160.30643
2012-04-28 19:00:00,196.93404
2012-04-28 20:00:00,185.20667
2012-04-28 21:00:00,60.820126
2012-04-28 22:00:00,138.35167
2012-04-28 23:00:00,113.37575
2012-04-29 00:00:00,43.765408
2012-04-29 01:00:00,75.608894
2012-04-29 02:00:00,51.625187
2012-04-29 03:00:00,22.861488
2012-04-29 04:00:00,11.353128
2012-04-29 05:00:00,12.619183
2012-04-29 06:00:00,16.018333
2012-04-29 07:00:00,34.404644
2012-04-29 08:00:00,113.817764
2012-04-29 09:00:00,213.17331
2012-04-29 10:00:00,362.90143
2012-04-29 11:00:00,454.84543
2012-04-29 12:00:00,488.18253
2012-04-29 13:00:00,495.72708
2012-04-29 14:00:00,449.1973
2012-04-29 15:00:00,472.5016
2012-04-29 16:00:00,501.24405
2012-04-29 17:00:00,503.27325
2012-04-29 18:00:00,454.08636
2012-04-29 19:00:00,373.80554
2012-04-29 20:00:00,277.91913
2012-04-29 21:00:00,154.96707
2012-04-29 22:00:00,95.143295
2012-04-29 23:00:00,52.25939
2012-04-30 00:00:00,32.74465
2012-04-30 01:00:00,12.745475
2012-04-30 02:00:00,10.810946
2012-04-30 03:00:00,3.8922808
2012-04-30 04:00:00,3.485699
2012-04-30 05:00:00,27.044971
2012-04-30 06:00:00,112.328094
2012-04-30 07:00:00,330.98743
2012-04-30 08:00:00,597.8633
2012-04-30 09:00:00,286.3676
2012-04-30 10:00:00,169.3859
2012-04-30 11:00:00,199.58441
2012-04-30 12:00:00,232.91225
2012-04-30 13:00:00,233.35066
2012-04-30 14:00:00,215.29788
2012-04-30 15:00:00,235.18881
2012-04-30 16:00:00,356.29507
2012-04-30 17:00:00,713.53735
2012-04-30 18:00:00,715.75476
2012-04-30 19:00:00,471.03787
2012-04-30 20:00:00,363.88522
2012-04-30 21:00:00,259.3139
2012-04-30 22:00:00,153.94968
2012-04-30 23:00:00,80.00804
2012-05-20 00:00:00,140.08563
2012-05-20 01:00:00,101.380905
2012-05-20 02:00:00,90.7163
2012-05-20 03:00:00,39.524025
2012-05-20 04:00:00,12.505071
2012-05-20 05:00:00,14.181101
2012-05-20 06:00:00,21.564966
2012-05-20 07:00:00,57.097733
2012-05-20 08:00:00,124.47058
2012-05-20 09:00:00,234.23447
2012-05-20 10:00:00,440.27374
2012-05-20 11:00:00,543.0602
2012-05-20 12:00:00,617.2446
2012-05-20 13:00:00,666.7895
2012-05-20 14:00:00,564.3995
2012-05-20 15:00:00,575.8821
2012-05-20 16:00:00,626.3098
2012-05-20 17:00:00,534.612
2012-05-20 18:00:00,464.3325
2012-05-20 19:00:00,370.06033
2012-05-20 20:00:00,242.0072
2012-05-20 21:00:00,224.52776
2012-05-20 22:00:00,93.430305
2012-05-20 23:00:00,72.94174
2012-05-21 00:00:00,37.84869
2012-05-21 01:00:00,21.516573
2012-05-21 02:00:00,5.685255
2012-05-21 03:00:00,6.0601864
2012-05-21 04:00:00,3.9439957
2012-05-21 05:00:00,20.210155
2012-05-21 06:00:00,90.93431
2012-05-21 07:00:00,121.28869
2012-05-21 08:00:00,163.72888
2012-05-21 09:00:00,126.98541
2012-05-21 10:00:00,92.042755
2012-05-21 11:00:00,140.26402
2012-05-21 12:00:00,144.26767
2012-05-21 13:00:00,86.95453
2012-05-21 14:00:00,83.004875
2012-05-21 15:00:00,217.01169
2012-05-21 16:00:00,365.555
2012-05-21 17:00:00,637.68335
2012-05-21 18:00:00,583.0597
2012-05-21 19:00:00,451.4434
2012-05-21 20:00:00,361.39542
2012-05-21 21:00:00,269.22168
2012-05-21 22:00:00,131.0602
2012-05-21 23:00:00,86.64911
2012-05-22 00:00:00,34.35903
2012-05-22 01:00:00,14.100385
2012-05-22 02:00:00,5.788416
2012-05-22 03:00:00,4.5222106
2012-05-22 04:00:00,4.5126
2012-05-22 05:00:00,20.447863
2012-05-22 06:00:00,81.435326
2012-05-22 07:00:00,112.434654
2012-05-22 08:00:00,552.457
2012-05-22 09:00:00,309.80533
2012-05-22 10:00:00,147.49838
2012-05-22 11:00:00,156.45644
2012-05-22 12:00:00,208.8256
2012-05-22 13:00:00,201.71208
2012-05-22 14:00:00,184.50098
2012-05-22 15:00:00,266.4335
2012-05-22 16:00:00,365.4262
2012-05-22 17:00:00,751.78296
2012-05-22 18:00:00,808.0779
2012-05-22 19:00:00,454.7813
2012-05-22 20:00:00,383.48685
2012-05-22 21:00:00,220.9815
2012-05-22 22:00:00,204.78331
2012-05-22 23:00:00,112.91463
2012-05-23 00:00:00,55.155643
2012-05-23 01:00:00,19.461506
2012-05-23 02:00:00,6.5324016
2012-05-23 03:00:00,7.548247
2012-05-23 04:00:00,5.1832933
2012-05-23 05:00:00,26.213005
2012-05-23 06:00:00,140.02618
2012-05-23 07:00:00,412.14474
2012-05-23 08:00:00,640.217
2012-05-23 09:00:00,317.34537
2012-05-23 10:00:00,153.53772
2012-05-23 11:00:00,221.33331
2012-05-23 12:00:00,240.76001
2012-05-23 13:00:00,219.35194
2012-05-23 14:00:00,253.76167
2012-05-23 15:00:00,275.97153
2012-05-23 16:00:00,260.00607
2012-05-23 17:00:00,279.50122
2012-05-23 18:00:00,340.23535
2012-05-23 19:00:00,309.16885
2012-05-23 20:00:00,231.98431
2012-05-23 21:00:00,206.88461
2012-05-23 22:00:00,207.57957
2012-05-23 23:00:00,107.05652
2012-05-24 00:00:00,75.33704
2012-05-24 01:00:00,18.771122
2012-05-24 02:00:00,13.640828
2012-05-24 03:00:00,5.231887
2012-05-24 04:00:00,5.444121
2012-05-24 05:00:00,32.80858
2012-05-24 06:00:00,108.47721
2012-05-24 07:00:00,467.1742
2012-05-24 08:00:00,724.953
2012-05-24 09:00:00,345.82693
2012-05-24 10:00:00,219.49678
2012-05-24 11:00:00,258.92642
2012-05-24 12:00:00,295.97638
2012-05-24 13:00:00,271.98203
2012-05-24 14:00:00,234.82285
2012-05-24 15:00:00,262.12582
2012-05-24 16:00:00,397.67014
2012-05-24 17:00:00,824.64044
2012-05-24 18:00:00,796.22546
2012-05-24 19:00:00,523.10175
2012-05-24 20:00:00,331.00546
2012-05-24 21:00:00,128.3047
2012-05-24 22:00:00,147.1598
2012-05-24 23:00:00,121.70797
2012-05-25 00:00:00,66.9311
2012-05-25 01:00:00,33.099934
2012-05-25 02:00:00,11.725671
2012-05-25 03:00:00,6.4857554
2012-05-25 04:00:00,7.280776
2012-05-25 05:00:00,27.774063
2012-05-25 06:00:00,132.68756
2012-05-25 07:00:00,438.04877
2012-05-25 08:00:00,617.6628
2012-05-25 09:00:00,280.3053
2012-05-25 10:00:00,212.1313
2012-05-25 11:00:00,203.83965
2012-05-25 12:00:00,358.06125
2012-05-25 13:00:00,348.7557
2012-05-25 14:00:00,308.53073
2012-05-25 15:00:00,322.036
2012-05-25 16:00:00,447.29633
2012-05-25 17:00:00,641.3554
2012-05-25 18:00:00,626.5621
2012-05-25 19:00:00,437.22928
2012-05-25 20:00:00,340.285
2012-05-25 21:00:00,288.3054
2012-05-25 22:00:00,265.6134
2012-05-25 23:00:00,215.22981
2012-05-26 00:00:00,134.89595
2012-05-26 01:00:00,97.971596
2012-05-26 02:00:00,77.95694
2012-05-26 03:00:00,23.62633
2012-05-26 04:00:00,11.972365
2012-05-26 05:00:00,13.319283
2012-05-26 06:00:00,46.503384
2012-05-26 07:00:00,52.796238
2012-05-26 08:00:00,228.61023
2012-05-26 09:00:00,239.27632
2012-05-26 10:00:00,379.66757
2012-05-26 11:00:00,525.5903
2012-05-26 12:00:00,523.9003
2012-05-26 13:00:00,541.09906
2012-05-26 14:00:00,491.42834
2012-05-26 15:00:00,524.4949
2012-05-26 16:00:00,518.15845
2012-05-26 17:00:00,512.0196
2012-05-26 18:00:00,526.24426
2012-05-26 19:00:00,359.73962
2012-05-26 20:00:00,300.77524
2012-05-26 21:00:00,232.12523
2012-05-26 22:00:00,232.6652
2012-05-26 23:00:00,188.64201
2012-05-27 00:00:00,162.15114
2012-05-27 01:00:00,111.632484
2012-05-27 02:00:00,88.468315
2012-05-27 03:00:00,45.474506
2012-05-27 04:00:00,13.861357
2012-05-27 05:00:00,13.327563
2012-05-27 06:00:00,17.29371
2012-05-27 07:00:00,50.46419
2012-05-27 08:00:00,164.12839
2012-05-27 09:00:00,246.13692
2012-05-27 10:00:00,397.10367
2012-05-27 11:00:00,512.3068
2012-05-27 12:00:00,481.2527
2012-05-27 13:00:00,554.19305
2012-05-27 14:00:00,490.02008
2012-05-27 15:00:00,460.6628
2012-05-27 16:00:00,511.2603
2012-05-27 17:00:00,499.70126
2012-05-27 18:00:00,457.03363
2012-05-27 19:00:00,372.51205
2012-05-27 20:00:00,300.32733
2012-05-27 21:00:00,122.92392
2012-05-27 22:00:00,94.44816
2012-05-27 23:00:00,70.70993
2012-05-28 00:00:00,54.175896
2012-05-28 01:00:00,38.88366
2012-05-28 02:00:00,33.214924
2012-05-28 03:00:00,12.190899
2012-05-28 04:00:00,11.537611
2012-05-28 05:00:00,14.063212
2012-05-28 06:00:00,90.125534
2012-05-28 07:00:00,88.06611
2012-05-28 08:00:00,233.97797
2012-05-28 09:00:00,298.52646
2012-05-28 10:00:00,258.69983
2012-05-28 11:00:00,307.04184
2012-05-28 12:00:00,331.1103
2012-05-28 13:00:00,313.22543
2012-05-28 14:00:00,317.96408
2012-05-28 15:00:00,319.22668
2012-05-28 16:00:00,364.87936
2012-05-28 17:00:00,530.27155
2012-05-28 18:00:00,525.60706
2012-05-28 19:00:00,488.2875
2012-05-28 20:00:00,384.29214
2012-05-28 21:00:00,293.59448
2012-05-28 22:00:00,229.94492
2012-05-28 23:00:00,135.53847
2012-05-29 00:00:00,49.21115
2012-05-29 01:00:00,21.095234
2012-05-29 02:00:00,11.781916
2012-05-29 03:00:00,5.297226
2012-05-29 04:00:00,7.1623073
2012-05-29 05:00:00,38.99429
2012-05-29 06:00:00,154.09988
2012-05-29 07:00:00,456.75198
2012-05-29 08:00:00,755.90784
2012-05-29 09:00:00,339.30655
2012-05-29 10:00:00,196.46486
2012-05-29 11:00:00,242.42078
2012-05-29 12:00:00,251.97179
2012-05-29 13:00:00,262.22522
2012-05-29 14:00:00,256.94818
2012-05-29 15:00:00,262.14288
2012-05-29 16:00:00,392.771
2012-05-29 17:00:00,846.6683
2012-05-29 18:00:00,805.3703
2012-05-29 19:00:00,571.29584
2012-05-29 20:00:00,256.1429
2012-05-29 21:00:00,94.18536
2012-05-29 22:00:00,174.21565
2012-05-29 23:00:00,58.5322
2012-05-30 00:00:00,37.52028
2012-05-30 01:00:00,21.286179
2012-05-30 02:00:00,6.628046
2012-05-30 03:00:00,5.56841
2012-05-30 04:00:00,5.611319
2012-05-30 05:00:00,34.805145
2012-05-30 06:00:00,131.62196
2012-05-30 07:00:00,228.62108
2012-05-30 08:00:00,704.30444
2012-05-30 09:00:00,375.7759
2012-05-30 10:00:00,163.70924
2012-05-30 11:00:00,258.09732
2012-05-30 12:00:00,293.12302
2012-05-30 13:00:00,302.092
2012-05-30 14:00:00,254.71988
2012-05-30 15:00:00,278.78082
2012-05-30 16:00:00,408.33466
2012-05-30 17:00:00,657.0087
2012-05-30 18:00:00,826.0159
2012-05-30 19:00:00,549.35895
2012-05-30 20:00:00,362.13196
2012-05-30 21:00:00,329.25995
2012-05-30 22:00:00,285.10522
2012-05-30 23:00:00,154.47945
2012-05-31 00:00:00,66.29619
2012-05-31 01:00:00,29.206942
2012-05-31 02:00:00,10.217534
2012-05-31 03:00:00,8.892995
2012-05-31 04:00:00,8.088877
2012-05-31 05:00:00,41.784058
2012-05-31 06:00:00,119.6339
2012-05-31 07:00:00,474.785
2012-05-31 08:00:00,705.4913
2012-05-31 09:00:00,347.58026
2012-05-31 10:00:00,206.1021
2012-05-31 11:00:00,263.4183
2012-05-31 12:00:00,305.09326
2012-05-31 13:00:00,303.09146
2012-05-31 14:00:00,265.38416
2012-05-31 15:00:00,296.96646
2012-05-31 16:00:00,429.81247
2012-05-31 17:00:00,845.88324
2012-05-31 18:00:00,819.4443
2012-05-31 19:00:00,570.3508
2012-05-31 20:00:00,448.41742
2012-05-31 21:00:00,322.48102
2012-05-31 22:00:00,289.12045
2012-05-31 23:00:00,190.62885
2012-06-20 00:00:00,52.19155
2012-06-20 01:00:00,23.842518
2012-06-20 02:00:00,8.517329
2012-06-20 03:00:00,7.985607
2012-06-20 04:00:00,8.18447
2012-06-20 05:00:00,38.677525
2012-06-20 06:00:00,142.396
2012-06-20 07:00:00,350.94095
2012-06-20 08:00:00,684.21436
2012-06-20 09:00:00,333.6624
2012-06-20 10:00:00,183.77345
2012-06-20 11:00:00,188.00638
2012-06-20 12:00:00,232.2303
2012-06-20 13:00:00,226.90152
2012-06-20 14:00:00,213.02211
2012-06-20 15:00:00,255.22899
2012-06-20 16:00:00,384.1138
2012-06-20 17:00:00,725.40247
2012-06-20 18:00:00,695.4601
2012-06-20 19:00:00,526.2966
2012-06-20 20:00:00,435.94394
2012-06-20 21:00:00,353.7559
2012-06-20 22:00:00,256.29108
2012-06-20 23:00:00,131.04219
2012-06-21 00:00:00,67.209656
2012-06-21 01:00:00,26.28906
2012-06-21 02:00:00,9.493499
2012-06-21 03:00:00,5.1845627
2012-06-21 04:00:00,7.7951217
2012-06-21 05:00:00,39.79714
2012-06-21 06:00:00,156.86638
2012-06-21 07:00:00,370.94324
2012-06-21 08:00:00,679.03894
2012-06-21 09:00:00,317.10638
2012-06-21 10:00:00,165.44106
2012-06-21 11:00:00,180.42812
2012-06-21 12:00:00,244.43806
2012-06-21 13:00:00,241.74524
2012-06-21 14:00:00,222.86435
2012-06-21 15:00:00,242.32886
2012-06-21 16:00:00,378.53516
2012-06-21 17:00:00,738.3476
2012-06-21 18:00:00,776.6345
2012-06-21 19:00:00,516.0925
2012-06-21 20:00:00,443.97165
2012-06-21 21:00:00,363.0368
2012-06-21 22:00:00,242.61317
2012-06-21 23:00:00,125.62542
2012-06-22 00:00:00,72.04915
2012-06-22 01:00:00,37.911476
2012-06-22 02:00:00,15.608932
2012-06-22 03:00:00,6.854309
2012-06-22 04:00:00,8.651356
2012-06-22 05:00:00,36.26217
2012-06-22 06:00:00,128.49901
2012-06-22 07:00:00,409.8417
2012-06-22 08:00:00,631.31946
2012-06-22 09:00:00,350.0369
2012-06-22 10:00:00,243.69006
2012-06-22 11:00:00,275.47382
2012-06-22 12:00:00,324.89346
2012-06-22 13:00:00,307.80246
2012-06-22 14:00:00,290.1764
2012-06-22 15:00:00,341.61926
2012-06-22 16:00:00,362.45853
2012-06-22 17:00:00,773.3853
2012-06-22 18:00:00,653.8121
2012-06-22 19:00:00,467.73532
2012-06-22 20:00:00,299.11877
2012-06-22 21:00:00,156.23457
2012-06-22 22:00:00,243.03255
2012-06-22 23:00:00,202.37549
2012-06-23 00:00:00,156.89876
2012-06-23 01:00:00,118.27772
2012-06-23 02:00:00,75.94989
2012-06-23 03:00:00,27.492607
2012-06-23 04:00:00,15.196769
2012-06-23 05:00:00,12.043974
2012-06-23 06:00:00,36.544975
2012-06-23 07:00:00,55.02224
2012-06-23 08:00:00,197.86153
2012-06-23 09:00:00,292.42065
2012-06-23 10:00:00,438.84314
2012-06-23 11:00:00,544.3287
2012-06-23 12:00:00,538.84094
2012-06-23 13:00:00,541.0425
2012-06-23 14:00:00,581.77277
2012-06-23 15:00:00,493.87735
2012-06-23 16:00:00,480.4694
2012-06-23 17:00:00,575.37036
2012-06-23 18:00:00,555.2302
2012-06-23 19:00:00,430.30783
2012-06-23 20:00:00,303.05203
2012-06-23 21:00:00,295.44824
2012-06-23 22:00:00,286.46368
2012-06-23 23:00:00,225.53917
2012-06-24 00:00:00,186.95781
2012-06-24 01:00:00,132.32947
2012-06-24 02:00:00,99.51359
2012-06-24 03:00:00,46.22623
2012-06-24 04:00:00,17.733593
2012-06-24 05:00:00,15.988586
2012-06-24 06:00:00,22.742226
2012-06-24 07:00:00,48.256615
2012-06-24 08:00:00,133.44882
2012-06-24 09:00:00,247.81242
2012-06-24 10:00:00,402.9905
2012-06-24 11:00:00,508.16803
2012-06-24 12:00:00,529.3983
2012-06-24 13:00:00,528.12164
2012-06-24 14:00:00,454.6694
2012-06-24 15:00:00,383.84067
2012-06-24 16:00:00,466.60526
2012-06-24 17:00:00,505.79834
2012-06-24 18:00:00,537.4612
2012-06-24 19:00:00,440.40652
2012-06-24 20:00:00,278.95898
2012-06-24 21:00:00,232.49503
2012-06-24 22:00:00,122.55656
2012-06-24 23:00:00,92.64314
2012-06-25 00:00:00,42.369236
2012-06-25 01:00:00,21.252571
2012-06-25 02:00:00,12.17776
2012-06-25 03:00:00,4.8298573
2012-06-25 04:00:00,7.805833
2012-06-25 05:00:00,41.433914
2012-06-25 06:00:00,141.75157
2012-06-25 07:00:00,434.7997
2012-06-25 08:00:00,633.92896
2012-06-25 09:00:00,314.51843
2012-06-25 10:00:00,182.2526
2012-06-25 11:00:00,213.67319
2012-06-25 12:00:00,257.68896
2012-06-25 13:00:00,271.23148
2012-06-25 14:00:00,245.62636
2012-06-25 15:00:00,263.26453
2012-06-25 16:00:00,406.68903
2012-06-25 17:00:00,819.36725
2012-06-25 18:00:00,786.7752
2012-06-25 19:00:00,565.82477
2012-06-25 20:00:00,394.0851
2012-06-25 21:00:00,334.6837
2012-06-25 22:00:00,221.2233
2012-06-25 23:00:00,114.049805
2012-06-26 00:00:00,36.447914
2012-06-26 01:00:00,16.803041
2012-06-26 02:00:00,9.107737
2012-06-26 03:00:00,5.718088
2012-06-26 04:00:00,6.015613
2012-06-26 05:00:00,41.375317
2012-06-26 06:00:00,143.5335
2012-06-26 07:00:00,489.05124
2012-06-26 08:00:00,688.2227
2012-06-26 09:00:00,348.08643
2012-06-26 10:00:00,197.7999
2012-06-26 11:00:00,265.92505
2012-06-26 12:00:00,298.1254
2012-06-26 13:00:00,275.7945
2012-06-26 14:00:00,266.005
2012-06-26 15:00:00,289.5819
2012-06-26 16:00:00,409.95908
2012-06-26 17:00:00,854.4996
2012-06-26 18:00:00,803.5099
2012-06-26 19:00:00,578.3927
2012-06-26 20:00:00,443.07355
2012-06-26 21:00:00,354.7891
2012-06-26 22:00:00,238.1121
2012-06-26 23:00:00,140.08356
2012-06-27 00:00:00,52.311962
2012-06-27 01:00:00,16.805107
2012-06-27 02:00:00,10.00489
2012-06-27 03:00:00,6.287237
2012-06-27 04:00:00,8.796667
2012-06-27 05:00:00,46.7867
2012-06-27 06:00:00,140.7262
2012-06-27 07:00:00,501.66357
2012-06-27 08:00:00,709.95245
2012-06-27 09:00:00,338.9277
2012-06-27 10:00:00,200.97859
2012-06-27 11:00:00,220.16174
2012-06-27 12:00:00,300.44214
2012-06-27 13:00:00,273.37042
2012-06-27 14:00:00,264.8233
2012-06-27 15:00:00,268.93063
2012-06-27 16:00:00,398.12076
2012-06-27 17:00:00,836.26825
2012-06-27 18:00:00,809.2249
2012-06-27 19:00:00,572.0613
2012-06-27 20:00:00,452.75983
2012-06-27 21:00:00,356.56128
2012-06-27 22:00:00,290.14627
2012-06-27 23:00:00,161.18335
2012-06-28 00:00:00,76.844215
2012-06-28 01:00:00,31.51112
2012-06-28 02:00:00,11.85832
2012-06-28 03:00:00,7.42167
2012-06-28 04:00:00,7.510664
2012-06-28 05:00:00,43.027946
2012-06-28 06:00:00,140.3579
2012-06-28 07:00:00,488.38318
2012-06-28 08:00:00,680.2316
2012-06-28 09:00:00,359.46365
2012-06-28 10:00:00,193.37323
2012-06-28 11:00:00,228.59305
2012-06-28 12:00:00,288.2978
2012-06-28 13:00:00,262.72522
2012-06-28 14:00:00,257.929
2012-06-28 15:00:00,291.33832
2012-06-28 16:00:00,399.9275
2012-06-28 17:00:00,767.6001
2012-06-28 18:00:00,743.86896
2012-06-28 19:00:00,549.4534
2012-06-28 20:00:00,463.60593
2012-06-28 21:00:00,350.03036
2012-06-28 22:00:00,267.86893
2012-06-28 23:00:00,170.34909
2012-06-29 00:00:00,81.5098
2012-06-29 01:00:00,37.962822
2012-06-29 02:00:00,20.48171
2012-06-29 03:00:00,7.727855
2012-06-29 04:00:00,8.314257
2012-06-29 05:00:00,38.106598
2012-06-29 06:00:00,151.26216
2012-06-29 07:00:00,415.29752
2012-06-29 08:00:00,636.60004
2012-06-29 09:00:00,355.30624
2012-06-29 10:00:00,223.85191
2012-06-29 11:00:00,246.7064
2012-06-29 12:00:00,326.73077
2012-06-29 13:00:00,261.26913
2012-06-29 14:00:00,246.38345
2012-06-29 15:00:00,266.34912
2012-06-29 16:00:00,297.41138
2012-06-29 17:00:00,650.12994
2012-06-29 18:00:00,589.78186
2012-06-29 19:00:00,452.28513
2012-06-29 20:00:00,310.52805
2012-06-29 21:00:00,202.5046
2012-06-29 22:00:00,113.20185
2012-06-29 23:00:00,97.333435
2012-06-30 00:00:00,104.49381
2012-06-30 01:00:00,101.519455
2012-06-30 02:00:00,72.927284
2012-06-30 03:00:00,27.978144
2012-06-30 04:00:00,12.070282
2012-06-30 05:00:00,10.698794
2012-06-30 06:00:00,31.541239
2012-06-30 07:00:00,60.343952
2012-06-30 08:00:00,182.63152
2012-06-30 09:00:00,230.32063
2012-06-30 10:00:00,332.50458
2012-06-30 11:00:00,404.15823
2012-06-30 12:00:00,475.77454
2012-06-30 13:00:00,465.18353
2012-06-30 14:00:00,488.95453
2012-06-30 15:00:00,458.6435
2012-06-30 16:00:00,460.18887
2012-06-30 17:00:00,519.394
2012-06-30 18:00:00,492.50116
2012-06-30 19:00:00,378.73553
2012-06-30 20:00:00,313.2933
2012-06-30 21:00:00,310.1403
2012-06-30 22:00:00,244.8153
2012-06-30 23:00:00,161.83868
2012-07-20 00:00:00,65.66257
2012-07-20 01:00:00,33.784153
2012-07-20 02:00:00,12.333086
2012-07-20 03:00:00,6.3517194
2012-07-20 04:00:00,8.595303
2012-07-20 05:00:00,35.605263
2012-07-20 06:00:00,152.62512
2012-07-20 07:00:00,401.29868
2012-07-20 08:00:00,625.03595
2012-07-20 09:00:00,347.9859
2012-07-20 10:00:00,200.5079
2012-07-20 11:00:00,221.37424
2012-07-20 12:00:00,145.74055
2012-07-20 13:00:00,121.874725
2012-07-20 14:00:00,90.45314
2012-07-20 15:00:00,215.14848
2012-07-20 16:00:00,314.87476
2012-07-20 17:00:00,378.27988
2012-07-20 18:00:00,371.23083
2012-07-20 19:00:00,281.7263
2012-07-20 20:00:00,152.41978
2012-07-20 21:00:00,191.02078
2012-07-20 22:00:00,186.08893
2012-07-20 23:00:00,138.70729
2012-07-21 00:00:00,108.95502
2012-07-21 01:00:00,101.0503
2012-07-21 02:00:00,57.795242
2012-07-21 03:00:00,35.494953
2012-07-21 04:00:00,7.338324
2012-07-21 05:00:00,6.6897526
2012-07-21 06:00:00,29.339697
2012-07-21 07:00:00,58.80511
2012-07-21 08:00:00,168.7446
2012-07-21 09:00:00,225.02287
2012-07-21 10:00:00,161.49942
2012-07-21 11:00:00,408.90323
2012-07-21 12:00:00,195.61717
2012-07-21 13:00:00,212.72249
2012-07-21 14:00:00,447.11658
2012-07-21 15:00:00,133.90779
2012-07-21 16:00:00,169.8902
2012-07-21 17:00:00,206.53044
2012-07-21 18:00:00,308.41208
2012-07-21 19:00:00,277.02798
2012-07-21 20:00:00,182.05994
2012-07-21 21:00:00,223.05722
2012-07-21 22:00:00,162.92923
2012-07-21 23:00:00,157.55486
2012-07-22 00:00:00,113.94792
2012-07-22 01:00:00,124.19644
2012-07-22 02:00:00,79.40899
2012-07-22 03:00:00,35.231075
2012-07-22 04:00:00,12.429798
2012-07-22 05:00:00,12.949162
2012-07-22 06:00:00,17.326063
2012-07-22 07:00:00,38.127342
2012-07-22 08:00:00,143.28394
2012-07-22 09:00:00,263.99173
2012-07-22 10:00:00,399.4147
2012-07-22 11:00:00,490.38266
2012-07-22 12:00:00,450.21274
2012-07-22 13:00:00,481.373
2012-07-22 14:00:00,403.532
2012-07-22 15:00:00,368.37762
2012-07-22 16:00:00,329.2157
2012-07-22 17:00:00,418.18024
2012-07-22 18:00:00,408.05194
2012-07-22 19:00:00,314.96408
2012-07-22 20:00:00,229.59543
2012-07-22 21:00:00,211.62965
2012-07-22 22:00:00,94.62455
2012-07-22 23:00:00,81.7425
2012-07-23 00:00:00,57.925022
2012-07-23 01:00:00,21.879742
2012-07-23 02:00:00,11.030669
2012-07-23 03:00:00,3.8059192
2012-07-23 04:00:00,5.5098696
2012-07-23 05:00:00,33.002335
2012-07-23 06:00:00,145.68361
2012-07-23 07:00:00,439.40558
2012-07-23 08:00:00,654.7182
2012-07-23 09:00:00,338.4005
2012-07-23 10:00:00,192.1261
2012-07-23 11:00:00,216.02075
2012-07-23 12:00:00,261.85757
2012-07-23 13:00:00,270.36288
2012-07-23 14:00:00,242.5702
2012-07-23 15:00:00,256.80444
2012-07-23 16:00:00,381.3412
2012-07-23 17:00:00,810.24243
2012-07-23 18:00:00,807.7315
2012-07-23 19:00:00,603.705
2012-07-23 20:00:00,413.06992
2012-07-23 21:00:00,296.76022
2012-07-23 22:00:00,197.52452
2012-07-23 23:00:00,145.184
2012-07-24 00:00:00,62.97251
2012-07-24 01:00:00,21.6252
2012-07-24 02:00:00,11.013369
2012-07-24 03:00:00,5.678088
2012-07-24 04:00:00,7.4408627
2012-07-24 05:00:00,38.08121
2012-07-24 06:00:00,169.58546
2012-07-24 07:00:00,498.21555
2012-07-24 08:00:00,606.5331
2012-07-24 09:00:00,304.54715
2012-07-24 10:00:00,168.77966
2012-07-24 11:00:00,207.30684
2012-07-24 12:00:00,252.65703
2012-07-24 13:00:00,255.79665
2012-07-24 14:00:00,245.13199
2012-07-24 15:00:00,267.68207
2012-07-24 16:00:00,355.14215
2012-07-24 17:00:00,809.28674
2012-07-24 18:00:00,744.51245
2012-07-24 19:00:00,529.0974
2012-07-24 20:00:00,411.15698
2012-07-24 21:00:00,319.4575
2012-07-24 22:00:00,204.83119
2012-07-24 23:00:00,117.90021
2012-07-25 00:00:00,40.21386
2012-07-25 01:00:00,18.574396
2012-07-25 02:00:00,7.8510365
2012-07-25 03:00:00,4.5329914
2012-07-25 04:00:00,6.8145666
2012-07-25 05:00:00,46.29403
2012-07-25 06:00:00,165.24648
2012-07-25 07:00:00,441.38953
2012-07-25 08:00:00,667.4742
2012-07-25 09:00:00,355.62836
2012-07-25 10:00:00,205.76651
2012-07-25 11:00:00,242.68091
2012-07-25 12:00:00,291.34656
2012-07-25 13:00:00,276.97324
2012-07-25 14:00:00,256.36902
2012-07-25 15:00:00,280.2495
2012-07-25 16:00:00,419.46463
2012-07-25 17:00:00,821.82166
2012-07-25 18:00:00,859.0696
2012-07-25 19:00:00,569.3986
2012-07-25 20:00:00,446.70972
2012-07-25 21:00:00,362.62927
2012-07-25 22:00:00,263.35513
2012-07-25 23:00:00,125.933304
2012-07-26 00:00:00,67.274445
2012-07-26 01:00:00,25.862646
2012-07-26 02:00:00,9.454622
2012-07-26 03:00:00,5.9706573
2012-07-26 04:00:00,8.05404
2012-07-26 05:00:00,44.218887
2012-07-26 06:00:00,169.86584
2012-07-26 07:00:00,467.54984
2012-07-26 08:00:00,627.9392
2012-07-26 09:00:00,337.89273
2012-07-26 10:00:00,167.71117
2012-07-26 11:00:00,191.72556
2012-07-26 12:00:00,260.9042
2012-07-26 13:00:00,283.50888
2012-07-26 14:00:00,240.34732
2012-07-26 15:00:00,251.96938
2012-07-26 16:00:00,312.2654
2012-07-26 17:00:00,773.1143
2012-07-26 18:00:00,642.7721
2012-07-26 19:00:00,556.9188
2012-07-26 20:00:00,469.56876
2012-07-26 21:00:00,358.3918
2012-07-26 22:00:00,248.0674
2012-07-26 23:00:00,142.36325
2012-07-27 00:00:00,67.1775
2012-07-27 01:00:00,37.58504
2012-07-27 02:00:00,14.990596
2012-07-27 03:00:00,8.109036
2012-07-27 04:00:00,10.849806
2012-07-27 05:00:00,37.400734
2012-07-27 06:00:00,152.99748
2012-07-27 07:00:00,419.34375
2012-07-27 08:00:00,592.2938
2012-07-27 09:00:00,313.4219
2012-07-27 10:00:00,221.55011
2012-07-27 11:00:00,275.06897
2012-07-27 12:00:00,359.61304
2012-07-27 13:00:00,346.69446
2012-07-27 14:00:00,319.02258
2012-07-27 15:00:00,317.1499
2012-07-27 16:00:00,421.46066
2012-07-27 17:00:00,724.0283
2012-07-27 18:00:00,678.77014
2012-07-27 19:00:00,480.98187
2012-07-27 20:00:00,328.68753
2012-07-27 21:00:00,295.75824
2012-07-27 22:00:00,254.24234
2012-07-27 23:00:00,197.1263
2012-07-28 00:00:00,143.73067
2012-07-28 01:00:00,92.99037
2012-07-28 02:00:00,79.2604
2012-07-28 03:00:00,34.484207
2012-07-28 04:00:00,16.715761
2012-07-28 05:00:00,13.945914
2012-07-28 06:00:00,39.06816
2012-07-28 07:00:00,71.88471
2012-07-28 08:00:00,210.35799
2012-07-28 09:00:00,290.78168
2012-07-28 10:00:00,376.06152
2012-07-28 11:00:00,475.6329
2012-07-28 12:00:00,491.03494
2012-07-28 13:00:00,486.57172
2012-07-28 14:00:00,486.15735
2012-07-28 15:00:00,458.53787
2012-07-28 16:00:00,445.151
2012-07-28 17:00:00,507.22446
2012-07-28 18:00:00,496.19412
2012-07-28 19:00:00,272.73297
2012-07-28 20:00:00,223.90703
2012-07-28 21:00:00,305.9436
2012-07-28 22:00:00,271.06512
2012-07-28 23:00:00,231.87602
2012-07-29 00:00:00,140.26369
2012-07-29 01:00:00,146.47694
2012-07-29 02:00:00,99.959305
2012-07-29 03:00:00,44.42026
2012-07-29 04:00:00,15.207731
2012-07-29 05:00:00,12.496702
2012-07-29 06:00:00,20.768778
2012-07-29 07:00:00,54.477863
2012-07-29 08:00:00,129.4636
2012-07-29 09:00:00,229.01678
2012-07-29 10:00:00,390.4003
2012-07-29 11:00:00,487.56897
2012-07-29 12:00:00,557.6845
2012-07-29 13:00:00,540.11664
2012-07-29 14:00:00,460.89532
2012-07-29 15:00:00,413.09952
2012-07-29 16:00:00,453.86984
2012-07-29 17:00:00,441.14804
2012-07-29 18:00:00,523.0043
2012-07-29 19:00:00,392.62326
2012-07-29 20:00:00,273.0528
2012-07-29 21:00:00,197.55898
2012-07-29 22:00:00,93.42972
2012-07-29 23:00:00,88.8438
2012-07-30 00:00:00,59.672276
2012-07-30 01:00:00,23.979912
2012-07-30 02:00:00,15.671552
2012-07-30 03:00:00,4.758123
2012-07-30 04:00:00,8.359872
2012-07-30 05:00:00,39.564964
2012-07-30 06:00:00,146.10373
2012-07-30 07:00:00,448.5936
2012-07-30 08:00:00,653.34265
2012-07-30 09:00:00,340.9824
2012-07-30 10:00:00,183.27211
2012-07-30 11:00:00,223.54922
2012-07-30 12:00:00,276.27585
2012-07-30 13:00:00,271.46133
2012-07-30 14:00:00,245.03589
2012-07-30 15:00:00,260.57272
2012-07-30 16:00:00,377.32977
2012-07-30 17:00:00,821.19806
2012-07-30 18:00:00,798.0146
2012-07-30 19:00:00,562.7839
2012-07-30 20:00:00,335.8839
2012-07-30 21:00:00,281.45303
2012-07-30 22:00:00,158.10431
2012-07-30 23:00:00,142.83873
2012-07-31 00:00:00,50.351517
2012-07-31 01:00:00,18.962841
2012-07-31 02:00:00,11.003829
2012-07-31 03:00:00,5.27605
2012-07-31 04:00:00,7.4408627
2012-07-31 05:00:00,41.231766
2012-07-31 06:00:00,176.95937
2012-07-31 07:00:00,456.93536
2012-07-31 08:00:00,659.45215
2012-07-31 09:00:00,346.05954
2012-07-31 10:00:00,196.26007
2012-07-31 11:00:00,232.57643
2012-07-31 12:00:00,267.7419
2012-07-31 13:00:00,253.05104
2012-07-31 14:00:00,238.99394
2012-07-31 15:00:00,248.1129
2012-07-31 16:00:00,354.4364
2012-07-31 17:00:00,811.2639
2012-07-31 18:00:00,793.44727
2012-07-31 19:00:00,304.53696
2012-07-31 20:00:00,239.21812
2012-07-31 21:00:00,224.22801
2012-07-31 22:00:00,194.2831
2012-07-31 23:00:00,126.184074
2012-08-20 00:00:00,31.159416
2012-08-20 01:00:00,14.058156
2012-08-20 02:00:00,7.583752
2012-08-20 03:00:00,4.5582805
2012-08-20 04:00:00,6.999798
2012-08-20 05:00:00,33.307278
2012-08-20 06:00:00,150.23459
2012-08-20 07:00:00,428.39633
2012-08-20 08:00:00,663.2266
2012-08-20 09:00:00,309.2079
2012-08-20 10:00:00,188.51852
2012-08-20 11:00:00,227.34435
2012-08-20 12:00:00,273.52747
2012-08-20 13:00:00,281.5174
2012-08-20 14:00:00,250.3657
2012-08-20 15:00:00,277.78122
2012-08-20 16:00:00,427.43445
2012-08-20 17:00:00,825.7388
2012-08-20 18:00:00,416.44946
2012-08-20 19:00:00,334.62796
2012-08-20 20:00:00,256.40717
2012-08-20 21:00:00,184.1286
2012-08-20 22:00:00,125.75748
2012-08-20 23:00:00,76.258286
2012-08-21 00:00:00,33.158302
2012-08-21 01:00:00,13.561804
2012-08-21 02:00:00,4.7862096
2012-08-21 03:00:00,4.559189
2012-08-21 04:00:00,6.9674373
2012-08-21 05:00:00,33.258396
2012-08-21 06:00:00,157.59387
2012-08-21 07:00:00,456.3756
2012-08-21 08:00:00,628.4378
2012-08-21 09:00:00,312.27945
2012-08-21 10:00:00,195.91039
2012-08-21 11:00:00,248.6742
2012-08-21 12:00:00,292.17044
2012-08-21 13:00:00,292.49075
2012-08-21 14:00:00,275.0379
2012-08-21 15:00:00,309.97787
2012-08-21 16:00:00,475.4168
2012-08-21 17:00:00,802.09863
2012-08-21 18:00:00,792.1611
2012-08-21 19:00:00,273.58832
2012-08-21 20:00:00,322.87567
2012-08-21 21:00:00,281.32294
2012-08-21 22:00:00,166.4514
2012-08-21 23:00:00,116.619194
2012-08-22 00:00:00,46.701157
2012-08-22 01:00:00,14.186716
2012-08-22 02:00:00,7.2638397
2012-08-22 03:00:00,6.2982707
2012-08-22 04:00:00,5.297146
2012-08-22 05:00:00,37.605877
2012-08-22 06:00:00,165.98273
2012-08-22 07:00:00,430.59113
2012-08-22 08:00:00,670.5748
2012-08-22 09:00:00,349.26093
2012-08-22 10:00:00,204.09406
2012-08-22 11:00:00,239.97957
2012-08-22 12:00:00,282.61124
2012-08-22 13:00:00,274.66592
2012-08-22 14:00:00,238.4004
2012-08-22 15:00:00,267.85495
2012-08-22 16:00:00,301.72876
2012-08-22 17:00:00,475.54654
2012-08-22 18:00:00,501.58472
2012-08-22 19:00:00,417.86435
2012-08-22 20:00:00,367.8116
2012-08-22 21:00:00,297.16916
2012-08-22 22:00:00,253.8014
2012-08-22 23:00:00,127.76577
2012-08-23 00:00:00,64.59474
2012-08-23 01:00:00,16.614912
2012-08-23 02:00:00,11.657642
2012-08-23 03:00:00,5.2751527
2012-08-23 04:00:00,6.7576694
2012-08-23 05:00:00,35.50335
2012-08-23 06:00:00,150.67781
2012-08-23 07:00:00,387.88885
2012-08-23 08:00:00,681.4997
2012-08-23 09:00:00,367.32654
2012-08-23 10:00:00,199.32309
2012-08-23 11:00:00,236.16107
2012-08-23 12:00:00,275.89957
2012-08-23 13:00:00,281.86517
2012-08-23 14:00:00,238.00758
2012-08-23 15:00:00,265.58734
2012-08-23 16:00:00,415.00345
2012-08-23 17:00:00,844.886
2012-08-23 18:00:00,819.38525
2012-08-23 19:00:00,620.05096
2012-08-23 20:00:00,451.3629
2012-08-23 21:00:00,317.421
2012-08-23 22:00:00,186.167
2012-08-23 23:00:00,157.91946
2012-08-24 00:00:00,79.26147
2012-08-24 01:00:00,34.616337
2012-08-24 02:00:00,21.619455
2012-08-24 03:00:00,8.979853
2012-08-24 04:00:00,12.273627
2012-08-24 05:00:00,30.311098
2012-08-24 06:00:00,145.64934
2012-08-24 07:00:00,404.2614
2012-08-24 08:00:00,667.3951
2012-08-24 09:00:00,365.2405
2012-08-24 10:00:00,266.07288
2012-08-24 11:00:00,308.46786
2012-08-24 12:00:00,357.5541
2012-08-24 13:00:00,335.74402
2012-08-24 14:00:00,311.8285
2012-08-24 15:00:00,345.35196
2012-08-24 16:00:00,465.57895
2012-08-24 17:00:00,858.5161
2012-08-24 18:00:00,644.2894
2012-08-24 19:00:00,510.81546
2012-08-24 20:00:00,350.7267
2012-08-24 21:00:00,233.90671
2012-08-24 22:00:00,190.80043
2012-08-24 23:00:00,200.53827
2012-08-25 00:00:00,145.97409
2012-08-25 01:00:00,113.60449
2012-08-25 02:00:00,77.73895
2012-08-25 03:00:00,39.700066
2012-08-25 04:00:00,15.12484
2012-08-25 05:00:00,14.268658
2012-08-25 06:00:00,32.511806
2012-08-25 07:00:00,57.31611
2012-08-25 08:00:00,169.97212
2012-08-25 09:00:00,307.57123
2012-08-25 10:00:00,420.5338
2012-08-25 11:00:00,506.8676
2012-08-25 12:00:00,359.10852
2012-08-25 13:00:00,595.4318
2012-08-25 14:00:00,352.99362
2012-08-25 15:00:00,464.21225
2012-08-25 16:00:00,446.8709
2012-08-25 17:00:00,380.78864
2012-08-25 18:00:00,408.5
2012-08-25 19:00:00,306.03964
2012-08-25 20:00:00,152.80653
2012-08-25 21:00:00,225.00163
2012-08-25 22:00:00,193.45583
2012-08-25 23:00:00,135.04346
2012-08-26 00:00:00,128.854
2012-08-26 01:00:00,130.41507
2012-08-26 02:00:00,89.295105
2012-08-26 03:00:00,34.168495
2012-08-26 04:00:00,17.760725
2012-08-26 05:00:00,11.1424885
2012-08-26 06:00:00,14.613807
2012-08-26 07:00:00,48.040493
2012-08-26 08:00:00,146.79036
2012-08-26 09:00:00,236.03207
2012-08-26 10:00:00,359.96692
2012-08-26 11:00:00,432.01822
2012-08-26 12:00:00,246.1948
2012-08-26 13:00:00,154.71858
2012-08-26 14:00:00,364.33615
2012-08-26 15:00:00,153.38739
2012-08-26 16:00:00,199.8164
2012-08-26 17:00:00,249.70914
2012-08-26 18:00:00,304.5285
2012-08-26 19:00:00,245.39656
2012-08-26 20:00:00,180.6298
2012-08-26 21:00:00,191.58638
2012-08-26 22:00:00,109.90828
2012-08-26 23:00:00,77.288605
2012-08-27 00:00:00,46.0433
2012-08-27 01:00:00,14.068815
2012-08-27 02:00:00,7.632542
2012-08-27 03:00:00,4.333618
2012-08-27 04:00:00,6.617625
2012-08-27 05:00:00,29.3388
2012-08-27 06:00:00,126.73368
2012-08-27 07:00:00,290.628
2012-08-27 08:00:00,465.60675
2012-08-27 09:00:00,268.89783
2012-08-27 10:00:00,197.70872
2012-08-27 11:00:00,247.34387
2012-08-27 12:00:00,285.37863
2012-08-27 13:00:00,266.79428
2012-08-27 14:00:00,246.88069
2012-08-27 15:00:00,258.43692
2012-08-27 16:00:00,394.37628
2012-08-27 17:00:00,851.5041
2012-08-27 18:00:00,847.81494
2012-08-27 19:00:00,427.0824
2012-08-27 20:00:00,336.13364
2012-08-27 21:00:00,277.1184
2012-08-27 22:00:00,180.80536
2012-08-27 23:00:00,143.31078
2012-08-28 00:00:00,41.395306
2012-08-28 01:00:00,18.739311
2012-08-28 02:00:00,11.092776
2012-08-28 03:00:00,5.2766113
2012-08-28 04:00:00,7.0871105
2012-08-28 05:00:00,29.89781
2012-08-28 06:00:00,175.42232
2012-08-28 07:00:00,296.8679
2012-08-28 08:00:00,543.70496
2012-08-28 09:00:00,317.39105
2012-08-28 10:00:00,197.81573
2012-08-28 11:00:00,237.2693
2012-08-28 12:00:00,265.64264
2012-08-28 13:00:00,254.80843
2012-08-28 14:00:00,247.64543
2012-08-28 15:00:00,289.83005
2012-08-28 16:00:00,440.30972
2012-08-28 17:00:00,857.7439
2012-08-28 18:00:00,809.18896
2012-08-28 19:00:00,561.4569
2012-08-28 20:00:00,432.17352
2012-08-28 21:00:00,321.54916
2012-08-28 22:00:00,227.29427
2012-08-28 23:00:00,145.0604
2012-08-29 00:00:00,51.321793
2012-08-29 01:00:00,18.513853
2012-08-29 02:00:00,7.0453935
2012-08-29 03:00:00,6.5382385
2012-08-29 04:00:00,6.730305
2012-08-29 05:00:00,42.02251
2012-08-29 06:00:00,176.32602
2012-08-29 07:00:00,455.50583
2012-08-29 08:00:00,679.96533
2012-08-29 09:00:00,346.64224
2012-08-29 10:00:00,203.34991
2012-08-29 11:00:00,246.53508
2012-08-29 12:00:00,279.30252
2012-08-29 13:00:00,277.28305
2012-08-29 14:00:00,251.95068
2012-08-29 15:00:00,291.5179
2012-08-29 16:00:00,481.54874
2012-08-29 17:00:00,824.25903
2012-08-29 18:00:00,795.2677
2012-08-29 19:00:00,624.94525
2012-08-29 20:00:00,433.34998
2012-08-29 21:00:00,357.48248
2012-08-29 22:00:00,256.76486
2012-08-29 23:00:00,139.83795
2012-08-30 00:00:00,62.709312
2012-08-30 01:00:00,24.389177
2012-08-30 02:00:00,8.869526
2012-08-30 03:00:00,6.6343102
2012-08-30 04:00:00,7.333336
2012-08-30 05:00:00,37.38045
2012-08-30 06:00:00,150.46098
2012-08-30 07:00:00,463.3851
2012-08-30 08:00:00,704.584
2012-08-30 09:00:00,355.8209
2012-08-30 10:00:00,201.14355
2012-08-30 11:00:00,250.62294
2012-08-30 12:00:00,274.73917
2012-08-30 13:00:00,274.53293
2012-08-30 14:00:00,238.79411
2012-08-30 15:00:00,269.58606
2012-08-30 16:00:00,403.40875
2012-08-30 17:00:00,837.626
2012-08-30 18:00:00,827.4755
2012-08-30 19:00:00,625.876
2012-08-30 20:00:00,453.3457
2012-08-30 21:00:00,356.64212
2012-08-30 22:00:00,268.77597
2012-08-30 23:00:00,161.07
2012-08-31 00:00:00,73.18482
2012-08-31 01:00:00,35.865704
2012-08-31 02:00:00,15.661808
2012-08-31 03:00:00,6.994854
2012-08-31 04:00:00,9.715134
2012-08-31 05:00:00,35.202374
2012-08-31 06:00:00,145.63298
2012-08-31 07:00:00,367.12305
2012-08-31 08:00:00,720.8051
2012-08-31 09:00:00,359.70212
2012-08-31 10:00:00,268.83658
2012-08-31 11:00:00,252.72647
2012-08-31 12:00:00,320.36874
2012-08-31 13:00:00,325.84573
2012-08-31 14:00:00,330.67175
2012-08-31 15:00:00,339.64523
2012-08-31 16:00:00,451.7535
2012-08-31 17:00:00,730.74585
2012-08-31 18:00:00,700.8077
2012-08-31 19:00:00,510.6359
2012-08-31 20:00:00,375.47333
2012-08-31 21:00:00,272.6912
2012-08-31 22:00:00,243.72496
2012-08-31 23:00:00,195.25693
2012-09-20 00:00:00,48.836655
2012-09-20 01:00:00,21.552872
2012-09-20 02:00:00,14.265942
2012-09-20 03:00:00,7.770371
2012-09-20 04:00:00,8.257414
2012-09-20 05:00:00,48.62512
2012-09-20 06:00:00,204.80911
2012-09-20 07:00:00,544.85657
2012-09-20 08:00:00,815.4889
2012-09-20 09:00:00,344.184
2012-09-20 10:00:00,208.07765
2012-09-20 11:00:00,227.08122
2012-09-20 12:00:00,303.38016
2012-09-20 13:00:00,310.76227
2012-09-20 14:00:00,304.48172
2012-09-20 15:00:00,325.12695
2012-09-20 16:00:00,472.51718
2012-09-20 17:00:00,881.5664
2012-09-20 18:00:00,827.22986
2012-09-20 19:00:00,608.9642
2012-09-20 20:00:00,473.2459
2012-09-20 21:00:00,328.01474
2012-09-20 22:00:00,239.61798
2012-09-20 23:00:00,134.34485
2012-09-21 00:00:00,80.413635
2012-09-21 01:00:00,44.527073
2012-09-21 02:00:00,24.96587
2012-09-21 03:00:00,7.0823684
2012-09-21 04:00:00,10.322803
2012-09-21 05:00:00,37.913963
2012-09-21 06:00:00,162.34769
2012-09-21 07:00:00,479.935
2012-09-21 08:00:00,674.4383
2012-09-21 09:00:00,337.38132
2012-09-21 10:00:00,257.63382
2012-09-21 11:00:00,298.4448
2012-09-21 12:00:00,387.35977
2012-09-21 13:00:00,404.82898
2012-09-21 14:00:00,383.3193
2012-09-21 15:00:00,418.2664
2012-09-21 16:00:00,587.1022
2012-09-21 17:00:00,876.2212
2012-09-21 18:00:00,759.4187
2012-09-21 19:00:00,551.1954
2012-09-21 20:00:00,326.38528
2012-09-21 21:00:00,277.16644
2012-09-21 22:00:00,252.01208
2012-09-21 23:00:00,175.76132
2012-09-22 00:00:00,133.15833
2012-09-22 01:00:00,113.254845
2012-09-22 02:00:00,75.81612
2012-09-22 03:00:00,27.506102
2012-09-22 04:00:00,11.175813
2012-09-22 05:00:00,12.152938
2012-09-22 06:00:00,34.205196
2012-09-22 07:00:00,70.44828
2012-09-22 08:00:00,186.88486
2012-09-22 09:00:00,322.54337
2012-09-22 10:00:00,443.10828
2012-09-22 11:00:00,593.6544
2012-09-22 12:00:00,648.44617
2012-09-22 13:00:00,646.17035
2012-09-22 14:00:00,591.2864
2012-09-22 15:00:00,615.8694
2012-09-22 16:00:00,645.9306
2012-09-22 17:00:00,637.48267
2012-09-22 18:00:00,566.80865
2012-09-22 19:00:00,461.37463
2012-09-22 20:00:00,360.53262
2012-09-22 21:00:00,305.51215
2012-09-22 22:00:00,261.3348
2012-09-22 23:00:00,216.59305
2012-09-23 00:00:00,171.55612
2012-09-23 01:00:00,105.64134
2012-09-23 02:00:00,82.01784
2012-09-23 03:00:00,35.940956
2012-09-23 04:00:00,8.095518
2012-09-23 05:00:00,9.432169
2012-09-23 06:00:00,16.055195
2012-09-23 07:00:00,51.03725
2012-09-23 08:00:00,118.2432
2012-09-23 09:00:00,227.20045
2012-09-23 10:00:00,458.16507
2012-09-23 11:00:00,539.60913
2012-09-23 12:00:00,564.0216
2012-09-23 13:00:00,633.53613
2012-09-23 14:00:00,607.5116
2012-09-23 15:00:00,597.8336
2012-09-23 16:00:00,620.0326
2012-09-23 17:00:00,553.45624
2012-09-23 18:00:00,518.8578
2012-09-23 19:00:00,383.5422
2012-09-23 20:00:00,239.19441
2012-09-23 21:00:00,140.08234
2012-09-23 22:00:00,99.666214
2012-09-23 23:00:00,64.3924
2012-09-24 00:00:00,46.89834
2012-09-24 01:00:00,20.98133
2012-09-24 02:00:00,8.353155
2012-09-24 03:00:00,5.0228524
2012-09-24 04:00:00,7.6993165
2012-09-24 05:00:00,47.453682
2012-09-24 06:00:00,169.29597
2012-09-24 07:00:00,475.72427
2012-09-24 08:00:00,767.01355
2012-09-24 09:00:00,337.7533
2012-09-24 10:00:00,224.08963
2012-09-24 11:00:00,263.3627
2012-09-24 12:00:00,323.68625
2012-09-24 13:00:00,322.53732
2012-09-24 14:00:00,265.708
2012-09-24 15:00:00,351.31723
2012-09-24 16:00:00,522.6968
2012-09-24 17:00:00,933.7005
2012-09-24 18:00:00,874.3087
2012-09-24 19:00:00,578.3048
2012-09-24 20:00:00,377.73572
2012-09-24 21:00:00,257.50635
2012-09-24 22:00:00,151.28532
2012-09-24 23:00:00,84.27805
2012-09-25 00:00:00,45.83699
2012-09-25 01:00:00,15.587554
2012-09-25 02:00:00,8.237954
2012-09-25 03:00:00,3.2873673
2012-09-25 04:00:00,6.3659286
2012-09-25 05:00:00,56.365208
2012-09-25 06:00:00,155.82462
2012-09-25 07:00:00,489.92035
2012-09-25 08:00:00,759.91705
2012-09-25 09:00:00,356.67383
2012-09-25 10:00:00,218.7067
2012-09-25 11:00:00,253.20808
2012-09-25 12:00:00,329.60138
2012-09-25 13:00:00,323.48566
2012-09-25 14:00:00,314.47992
2012-09-25 15:00:00,349.4562
2012-09-25 16:00:00,502.12543
2012-09-25 17:00:00,916.19366
2012-09-25 18:00:00,880.6802
2012-09-25 19:00:00,549.19525
2012-09-25 20:00:00,416.28128
2012-09-25 21:00:00,280.61975
2012-09-25 22:00:00,210.71304
2012-09-25 23:00:00,103.3341
2012-09-26 00:00:00,36.954453
2012-09-26 01:00:00,16.467846
2012-09-26 02:00:00,6.45482
2012-09-26 03:00:00,5.713166
2012-09-26 04:00:00,6.9034705
2012-09-26 05:00:00,46.67836
2012-09-26 06:00:00,169.25432
2012-09-26 07:00:00,536.4643
2012-09-26 08:00:00,751.64795
2012-09-26 09:00:00,354.79367
2012-09-26 10:00:00,203.99883
2012-09-26 11:00:00,254.36298
2012-09-26 12:00:00,305.81046
2012-09-26 13:00:00,321.7567
2012-09-26 14:00:00,281.63074
2012-09-26 15:00:00,316.15143
2012-09-26 16:00:00,460.52875
2012-09-26 17:00:00,896.02454
2012-09-26 18:00:00,887.8279
2012-09-26 19:00:00,578.3863
2012-09-26 20:00:00,354.27408
2012-09-26 21:00:00,374.6291
2012-09-26 22:00:00,169.23752
2012-09-26 23:00:00,94.37277
2012-09-27 00:00:00,71.904945
2012-09-27 01:00:00,17.91891
2012-09-27 02:00:00,13.368977
2012-09-27 03:00:00,7.4580283
2012-09-27 04:00:00,7.037286
2012-09-27 05:00:00,43.389275
2012-09-27 06:00:00,171.47525
2012-09-27 07:00:00,490.91953
2012-09-27 08:00:00,810.1763
2012-09-27 09:00:00,334.70978
2012-09-27 10:00:00,219.8654
2012-09-27 11:00:00,242.26505
2012-09-27 12:00:00,310.56833
2012-09-27 13:00:00,284.8133
2012-09-27 14:00:00,258.57504
2012-09-27 15:00:00,306.02252
2012-09-27 16:00:00,505.81018
2012-09-27 17:00:00,679.69916
2012-09-27 18:00:00,708.40894
2012-09-27 19:00:00,602.0646
2012-09-27 20:00:00,395.13904
2012-09-27 21:00:00,209.83345
2012-09-27 22:00:00,143.11458
2012-09-27 23:00:00,86.77019
2012-09-28 00:00:00,57.72018
2012-09-28 01:00:00,24.576536
2012-09-28 02:00:00,13.813582
2012-09-28 03:00:00,7.5090632
2012-09-28 04:00:00,5.632188
2012-09-28 05:00:00,36.541294
2012-09-28 06:00:00,142.28793
2012-09-28 07:00:00,357.54694
2012-09-28 08:00:00,691.84863
2012-09-28 09:00:00,326.3188
2012-09-28 10:00:00,241.33733
2012-09-28 11:00:00,292.02594
2012-09-28 12:00:00,438.27283
2012-09-28 13:00:00,415.2769
2012-09-28 14:00:00,407.97763
2012-09-28 15:00:00,406.607
2012-09-28 16:00:00,575.0212
2012-09-28 17:00:00,834.6381
2012-09-28 18:00:00,762.78485
2012-09-28 19:00:00,308.66003
2012-09-28 20:00:00,236.2503
2012-09-28 21:00:00,166.33025
2012-09-28 22:00:00,248.98906
2012-09-28 23:00:00,174.05289
2012-09-29 00:00:00,146.5174
2012-09-29 01:00:00,109.5184
2012-09-29 02:00:00,77.05311
2012-09-29 03:00:00,44.643147
2012-09-29 04:00:00,18.215528
2012-09-29 05:00:00,12.813239
2012-09-29 06:00:00,35.887993
2012-09-29 07:00:00,82.40581
2012-09-29 08:00:00,180.16739
2012-09-29 09:00:00,323.79248
2012-09-29 10:00:00,493.7247
2012-09-29 11:00:00,592.04913
2012-09-29 12:00:00,627.0566
2012-09-29 13:00:00,629.72797
2012-09-29 14:00:00,633.1326
2012-09-29 15:00:00,614.1813
2012-09-29 16:00:00,623.5273
2012-09-29 17:00:00,676.13806
2012-09-29 18:00:00,508.9069
2012-09-29 19:00:00,390.28256
2012-09-29 20:00:00,254.52425
2012-09-29 21:00:00,260.76312
2012-09-29 22:00:00,206.56746
2012-09-29 23:00:00,189.21284
2012-09-30 00:00:00,171.97635
2012-09-30 01:00:00,99.62949
2012-09-30 02:00:00,81.56337
2012-09-30 03:00:00,36.74257
2012-09-30 04:00:00,8.180055
2012-09-30 05:00:00,11.636499
2012-09-30 06:00:00,24.169325
2012-09-30 07:00:00,53.779728
2012-09-30 08:00:00,135.86127
2012-09-30 09:00:00,260.55115
2012-09-30 10:00:00,461.25623
2012-09-30 11:00:00,534.776
2012-09-30 12:00:00,604.0552
2012-09-30 13:00:00,599.9882
2012-09-30 14:00:00,556.4378
2012-09-30 15:00:00,563.6521
2012-09-30 16:00:00,630.2957
2012-09-30 17:00:00,607.8869
2012-09-30 18:00:00,442.3992
2012-09-30 19:00:00,228.01923
2012-09-30 20:00:00,129.63927
2012-09-30 21:00:00,147.77168
2012-09-30 22:00:00,90.33883
2012-09-30 23:00:00,72.91301
2012-10-20 00:00:00,165.77774
2012-10-20 01:00:00,122.590675
2012-10-20 02:00:00,66.51053
2012-10-20 03:00:00,29.840425
2012-10-20 04:00:00,9.729381
2012-10-20 05:00:00,11.197607
2012-10-20 06:00:00,41.96636
2012-10-20 07:00:00,84.04662
2012-10-20 08:00:00,185.04594
2012-10-20 09:00:00,328.2266
2012-10-20 10:00:00,504.73083
2012-10-20 11:00:00,619.87805
2012-10-20 12:00:00,630.9029
2012-10-20 13:00:00,609.21375
2012-10-20 14:00:00,585.958
2012-10-20 15:00:00,593.0995
2012-10-20 16:00:00,581.9954
2012-10-20 17:00:00,638.10956
2012-10-20 18:00:00,571.0004
2012-10-20 19:00:00,406.2746
2012-10-20 20:00:00,232.09666
2012-10-20 21:00:00,234.43488
2012-10-20 22:00:00,191.46272
2012-10-20 23:00:00,164.12485
2012-10-21 00:00:00,151.03835
2012-10-21 01:00:00,101.56292
2012-10-21 02:00:00,85.226974
2012-10-21 03:00:00,32.591206
2012-10-21 04:00:00,12.08747
2012-10-21 05:00:00,11.745775
2012-10-21 06:00:00,26.223484
2012-10-21 07:00:00,52.820366
2012-10-21 08:00:00,104.5768
2012-10-21 09:00:00,200.27339
2012-10-21 10:00:00,445.32465
2012-10-21 11:00:00,545.4923
2012-10-21 12:00:00,585.53107
2012-10-21 13:00:00,588.59
2012-10-21 14:00:00,549.67633
2012-10-21 15:00:00,546.2676
2012-10-21 16:00:00,586.51324
2012-10-21 17:00:00,535.5566
2012-10-21 18:00:00,499.22565
2012-10-21 19:00:00,378.5518
2012-10-21 20:00:00,243.74281
2012-10-21 21:00:00,155.90825
2012-10-21 22:00:00,113.985916
2012-10-21 23:00:00,71.41138
2012-10-22 00:00:00,36.38634
2012-10-22 01:00:00,13.622908
2012-10-22 02:00:00,6.793952
2012-10-22 03:00:00,4.1420035
2012-10-22 04:00:00,6.619071
2012-10-22 05:00:00,39.306065
2012-10-22 06:00:00,147.41982
2012-10-22 07:00:00,411.7456
2012-10-22 08:00:00,712.0469
2012-10-22 09:00:00,319.73618
2012-10-22 10:00:00,209.37743
2012-10-22 11:00:00,265.04333
2012-10-22 12:00:00,311.3226
2012-10-22 13:00:00,312.36118
2012-10-22 14:00:00,297.74097
2012-10-22 15:00:00,366.75232
2012-10-22 16:00:00,479.36685
2012-10-22 17:00:00,882.3828
2012-10-22 18:00:00,809.1113
2012-10-22 19:00:00,556.62573
2012-10-22 20:00:00,391.55054
2012-10-22 21:00:00,224.81528
2012-10-22 22:00:00,132.37016
2012-10-22 23:00:00,113.34107
2012-10-23 00:00:00,40.814342
2012-10-23 01:00:00,16.93605
2012-10-23 02:00:00,8.437068
2012-10-23 03:00:00,5.2660537
2012-10-23 04:00:00,9.0312605
2012-10-23 05:00:00,47.989155
2012-10-23 06:00:00,172.10779
2012-10-23 07:00:00,424.70483
2012-10-23 08:00:00,715.6375
2012-10-23 09:00:00,323.92987
2012-10-23 10:00:00,192.68294
2012-10-23 11:00:00,231.3475
2012-10-23 12:00:00,313.2566
2012-10-23 13:00:00,296.78552
2012-10-23 14:00:00,292.13354
2012-10-23 15:00:00,343.12103
2012-10-23 16:00:00,456.99017
2012-10-23 17:00:00,861.74646
2012-10-23 18:00:00,865.0554
2012-10-23 19:00:00,525.24786
2012-10-23 20:00:00,437.9378
2012-10-23 21:00:00,215.9356
2012-10-23 22:00:00,184.30568
2012-10-23 23:00:00,121.91112
2012-10-24 00:00:00,44.95212
2012-10-24 01:00:00,14.463671
2012-10-24 02:00:00,11.459107
2012-10-24 03:00:00,5.402902
2012-10-24 04:00:00,6.6564703
2012-10-24 05:00:00,44.131794
2012-10-24 06:00:00,170.972
2012-10-24 07:00:00,498.01517
2012-10-24 08:00:00,736.2301
2012-10-24 09:00:00,356.32712
2012-10-24 10:00:00,178.19655
2012-10-24 11:00:00,231.99065
2012-10-24 12:00:00,307.22696
2012-10-24 13:00:00,301.99146
2012-10-24 14:00:00,299.71283
2012-10-24 15:00:00,328.06918
2012-10-24 16:00:00,490.51834
2012-10-24 17:00:00,854.6901
2012-10-24 18:00:00,867.43866
2012-10-24 19:00:00,556.28284
2012-10-24 20:00:00,398.8326
2012-10-24 21:00:00,228.12726
2012-10-24 22:00:00,177.9677
2012-10-24 23:00:00,100.74614
2012-10-25 00:00:00,54.256435
2012-10-25 01:00:00,20.69837
2012-10-25 02:00:00,11.849929
2012-10-25 03:00:00,4.73351
2012-10-25 04:00:00,6.1069922
2012-10-25 05:00:00,39.618065
2012-10-25 06:00:00,151.86064
2012-10-25 07:00:00,470.3986
2012-10-25 08:00:00,785.46796
2012-10-25 09:00:00,353.16803
2012-10-25 10:00:00,181.9547
2012-10-25 11:00:00,186.91022
2012-10-25 12:00:00,223.74417
2012-10-25 13:00:00,194.3455
2012-10-25 14:00:00,276.75925
2012-10-25 15:00:00,345.95645
2012-10-25 16:00:00,448.23788
2012-10-25 17:00:00,621.41504
2012-10-25 18:00:00,314.46564
2012-10-25 19:00:00,313.01154
2012-10-25 20:00:00,281.7948
2012-10-25 21:00:00,223.02368
2012-10-25 22:00:00,223.44753
2012-10-25 23:00:00,101.96056
2012-10-26 00:00:00,56.100163
2012-10-26 01:00:00,23.349524
2012-10-26 02:00:00,9.882952
2012-10-26 03:00:00,4.786053
2012-10-26 04:00:00,7.3862753
2012-10-26 05:00:00,38.312664
2012-10-26 06:00:00,145.34511
2012-10-26 07:00:00,422.11002
2012-10-26 08:00:00,616.6871
2012-10-26 09:00:00,357.7898
2012-10-26 10:00:00,228.16331
2012-10-26 11:00:00,249.56201
2012-10-26 12:00:00,302.36835
2012-10-26 13:00:00,300.8158
2012-10-26 14:00:00,343.1399
2012-10-26 15:00:00,372.1594
2012-10-26 16:00:00,514.96967
2012-10-26 17:00:00,348.52814
2012-10-26 18:00:00,383.1667
2012-10-26 19:00:00,226.5179
2012-10-26 20:00:00,212.1119
2012-10-26 21:00:00,222.07379
2012-10-26 22:00:00,192.33958
2012-10-26 23:00:00,158.74692
2012-10-27 00:00:00,154.61852
2012-10-27 01:00:00,110.64023
2012-10-27 02:00:00,72.648834
2012-10-27 03:00:00,42.242798
2012-10-27 04:00:00,13.48921
2012-10-27 05:00:00,12.911352
2012-10-27 06:00:00,35.916817
2012-10-27 07:00:00,87.27756
2012-10-27 08:00:00,205.21503
2012-10-27 09:00:00,301.72574
2012-10-27 10:00:00,485.538
2012-10-27 11:00:00,599.478
2012-10-27 12:00:00,656.0027
2012-10-27 13:00:00,620.06934
2012-10-27 14:00:00,625.08466
2012-10-27 15:00:00,567.4702
2012-10-27 16:00:00,522.84717
2012-10-27 17:00:00,483.26923
2012-10-27 18:00:00,471.07275
2012-10-27 19:00:00,358.04565
2012-10-27 20:00:00,239.1209
2012-10-27 21:00:00,285.87927
2012-10-27 22:00:00,223.644
2012-10-27 23:00:00,131.13982
2012-10-28 00:00:00,102.94771
2012-10-28 01:00:00,96.57653
2012-10-28 02:00:00,96.626
2012-10-28 03:00:00,29.454094
2012-10-28 04:00:00,8.559927
2012-10-28 05:00:00,10.993258
2012-10-28 06:00:00,17.531614
2012-10-28 07:00:00,55.737343
2012-10-28 08:00:00,107.22508
2012-10-28 09:00:00,211.53506
2012-10-28 10:00:00,422.14108
2012-10-28 11:00:00,536.47455
2012-10-28 12:00:00,604.42316
2012-10-28 13:00:00,566.8666
2012-10-28 14:00:00,521.15454
2012-10-28 15:00:00,489.404
2012-10-28 16:00:00,282.31158
2012-10-28 17:00:00,184.95796
2012-10-28 18:00:00,125.77495
2012-10-28 19:00:00,138.98323
2012-10-28 20:00:00,140.05415
2012-10-28 21:00:00,99.36593
2012-10-28 22:00:00,55.04062
2012-10-28 23:00:00,56.22819
2012-10-29 00:00:00,34.645367
2012-10-30 13:00:00,127.393486
2012-10-30 14:00:00,117.852425
2012-10-30 15:00:00,87.08028
2012-10-30 16:00:00,215.41808
2012-10-30 17:00:00,377.69437
2012-10-30 18:00:00,353.7613
2012-10-30 19:00:00,536.9758
2012-10-30 20:00:00,239.82736
2012-10-30 21:00:00,156.72185
2012-10-30 22:00:00,128.42734
2012-10-30 23:00:00,84.313156
2012-10-31 00:00:00,33.551434
2012-10-31 01:00:00,11.442255
2012-10-31 02:00:00,4.7443953
2012-10-31 03:00:00,3.1018634
2012-10-31 04:00:00,5.075381
2012-10-31 05:00:00,31.011835
2012-10-31 06:00:00,151.3119
2012-10-31 07:00:00,349.58624
2012-10-31 08:00:00,686.5296
2012-10-31 09:00:00,300.88403
2012-10-31 10:00:00,165.3253
2012-10-31 11:00:00,184.63893
2012-10-31 12:00:00,264.05148
2012-10-31 13:00:00,247.45273
2012-10-31 14:00:00,209.0218
2012-10-31 15:00:00,278.0866
2012-10-31 16:00:00,366.62152
2012-10-31 17:00:00,697.08264
2012-10-31 18:00:00,696.2865
2012-10-31 19:00:00,438.75064
2012-10-31 20:00:00,306.46085
2012-10-31 21:00:00,214.44312
2012-10-31 22:00:00,144.85892
2012-10-31 23:00:00,92.31899
2012-11-20 00:00:00,35.993256
2012-11-20 01:00:00,12.716718
2012-11-20 02:00:00,4.9314
2012-11-20 03:00:00,2.5624511
2012-11-20 04:00:00,7.720995
2012-11-20 05:00:00,37.0189
2012-11-20 06:00:00,129.04709
2012-11-20 07:00:00,374.24008
2012-11-20 08:00:00,639.1725
2012-11-20 09:00:00,327.52515
2012-11-20 10:00:00,176.93875
2012-11-20 11:00:00,201.16736
2012-11-20 12:00:00,233.12505
2012-11-20 13:00:00,233.92688
2012-11-20 14:00:00,204.05406
2012-11-20 15:00:00,269.6787
2012-11-20 16:00:00,316.0113
2012-11-20 17:00:00,549.86487
2012-11-20 18:00:00,594.1341
2012-11-20 19:00:00,380.10037
2012-11-20 20:00:00,228.82295
2012-11-20 21:00:00,161.10326
2012-11-20 22:00:00,142.12166
2012-11-20 23:00:00,96.62079
2012-11-21 00:00:00,35.707798
2012-11-21 01:00:00,15.583223
2012-11-21 02:00:00,5.716201
2012-11-21 03:00:00,4.7588696
2012-11-21 04:00:00,5.234691
2012-11-21 05:00:00,32.256638
2012-11-21 06:00:00,116.96063
2012-11-21 07:00:00,338.11014
2012-11-21 08:00:00,627.8549
2012-11-21 09:00:00,287.44763
2012-11-21 10:00:00,160.64938
2012-11-21 11:00:00,190.58426
2012-11-21 12:00:00,239.91487
2012-11-21 13:00:00,232.60405
2012-11-21 14:00:00,261.65536
2012-11-21 15:00:00,278.53357
2012-11-21 16:00:00,367.83517
2012-11-21 17:00:00,571.38837
2012-11-21 18:00:00,547.6349
2012-11-21 19:00:00,343.74414
2012-11-21 20:00:00,252.88017
2012-11-21 21:00:00,171.02556
2012-11-21 22:00:00,133.39145
2012-11-21 23:00:00,108.52033
2012-11-22 00:00:00,85.86092
2012-11-22 01:00:00,35.061184
2012-11-22 02:00:00,13.720014
2012-11-22 03:00:00,9.247737
2012-11-22 04:00:00,9.658798
2012-11-22 05:00:00,17.655724
2012-11-22 06:00:00,32.29806
2012-11-22 07:00:00,173.31598
2012-11-22 08:00:00,524.7909
2012-11-22 09:00:00,317.7821
2012-11-22 10:00:00,202.94894
2012-11-22 11:00:00,346.00693
2012-11-22 12:00:00,383.91663
2012-11-22 13:00:00,419.87845
2012-11-22 14:00:00,382.3156
2012-11-22 15:00:00,374.71634
2012-11-22 16:00:00,401.3353
2012-11-22 17:00:00,506.74557
2012-11-22 18:00:00,388.62424
2012-11-22 19:00:00,359.43872
2012-11-22 20:00:00,225.33012
2012-11-22 21:00:00,136.11661
2012-11-22 22:00:00,144.85835
2012-11-22 23:00:00,123.78794
2012-11-23 00:00:00,43.732933
2012-11-23 01:00:00,25.235662
2012-11-23 02:00:00,11.094466
2012-11-23 03:00:00,5.6369395
2012-11-23 04:00:00,7.590101
2012-11-23 05:00:00,29.438473
2012-11-23 06:00:00,118.7666
2012-11-23 07:00:00,332.72763
2012-11-23 08:00:00,614.10675
2012-11-23 09:00:00,341.28046
2012-11-23 10:00:00,185.87779
2012-11-23 11:00:00,224.96436
2012-11-23 12:00:00,283.02402
2012-11-23 13:00:00,303.8556
2012-11-23 14:00:00,343.72424
2012-11-23 15:00:00,357.80246
2012-11-23 16:00:00,453.09964
2012-11-23 17:00:00,603.6148
2012-11-23 18:00:00,493.92194
2012-11-23 19:00:00,364.34207
2012-11-23 20:00:00,277.8122
2012-11-23 21:00:00,224.21149
2012-11-23 22:00:00,148.6917
2012-11-23 23:00:00,121.62649
2012-11-24 00:00:00,86.97013
2012-11-24 01:00:00,77.11052
2012-11-24 02:00:00,49.287502
2012-11-24 03:00:00,17.632896
2012-11-24 04:00:00,7.07564
2012-11-24 05:00:00,8.459127
2012-11-24 06:00:00,23.458885
2012-11-24 07:00:00,64.59105
2012-11-24 08:00:00,144.53648
2012-11-24 09:00:00,218.80289
2012-11-24 10:00:00,297.72314
2012-11-24 11:00:00,378.2902
2012-11-24 12:00:00,401.42722
2012-11-24 13:00:00,431.16672
2012-11-24 14:00:00,402.3107
2012-11-24 15:00:00,439.07874
2012-11-24 16:00:00,385.98352
2012-11-24 17:00:00,347.97256
2012-11-24 18:00:00,325.56097
2012-11-24 19:00:00,217.84023
2012-11-24 20:00:00,128.93353
2012-11-24 21:00:00,133.12328
2012-11-24 22:00:00,129.55931
2012-11-24 23:00:00,98.07732
2012-11-25 00:00:00,82.3897
2012-11-25 01:00:00,94.17969
2012-11-25 02:00:00,47.216507
2012-11-25 03:00:00,19.397709
2012-11-25 04:00:00,8.105265
2012-11-25 05:00:00,6.479704
2012-11-25 06:00:00,10.636687
2012-11-25 07:00:00,49.756413
2012-11-25 08:00:00,96.30945
2012-11-25 09:00:00,187.8842
2012-11-25 10:00:00,306.13583
2012-11-25 11:00:00,347.01938
2012-11-25 12:00:00,369.806
2012-11-25 13:00:00,351.6085
2012-11-25 14:00:00,350.63214
2012-11-25 15:00:00,334.13782
2012-11-25 16:00:00,357.2928
2012-11-25 17:00:00,326.83768
2012-11-25 18:00:00,225.02567
2012-11-25 19:00:00,194.93509
2012-11-25 20:00:00,115.35875
2012-11-25 21:00:00,101.34342
2012-11-25 22:00:00,77.89989
2012-11-25 23:00:00,56.835148
2012-11-26 00:00:00,24.852753
2012-11-26 01:00:00,14.062257
2012-11-26 02:00:00,5.614371
2012-11-26 03:00:00,4.414608
2012-11-26 04:00:00,5.8753014
2012-11-26 05:00:00,41.044506
2012-11-26 06:00:00,115.98524
2012-11-26 07:00:00,369.01276
2012-11-26 08:00:00,619.2469
2012-11-26 09:00:00,284.7491
2012-11-26 10:00:00,161.84389
2012-11-26 11:00:00,202.92647
2012-11-26 12:00:00,249.37427
2012-11-26 13:00:00,255.88863
2012-11-26 14:00:00,212.55603
2012-11-26 15:00:00,252.35628
2012-11-26 16:00:00,346.50085
2012-11-26 17:00:00,594.28906
2012-11-26 18:00:00,577.42377
2012-11-26 19:00:00,346.97327
2012-11-26 20:00:00,246.24619
2012-11-26 21:00:00,146.09825
2012-11-26 22:00:00,119.677284
2012-11-26 23:00:00,79.63945
2012-11-27 00:00:00,30.617622
2012-11-27 01:00:00,17.940777
2012-11-27 02:00:00,4.6585073
2012-11-27 03:00:00,3.3334389
2012-11-27 04:00:00,8.1393585
2012-11-27 05:00:00,31.011606
2012-11-27 06:00:00,116.41309
2012-11-27 07:00:00,123.81222
2012-11-27 08:00:00,192.27544
2012-11-27 09:00:00,283.2888
2012-11-27 10:00:00,97.33048
2012-11-27 11:00:00,109.08749
2012-11-27 12:00:00,129.62451
2012-11-27 13:00:00,123.457184
2012-11-27 14:00:00,118.92141
2012-11-27 15:00:00,178.52377
2012-11-27 16:00:00,250.75412
2012-11-27 17:00:00,489.43088
2012-11-27 18:00:00,332.87723
2012-11-27 19:00:00,359.9449
2012-11-27 20:00:00,212.81494
2012-11-27 21:00:00,166.63643
2012-11-27 22:00:00,133.20094
2012-11-27 23:00:00,72.95503
2012-11-28 00:00:00,30.587679
2012-11-28 01:00:00,17.941751
2012-11-28 02:00:00,4.980762
2012-11-28 03:00:00,3.8214097
2012-11-28 04:00:00,5.265921
2012-11-28 05:00:00,30.844685
2012-11-28 06:00:00,118.03289
2012-11-28 07:00:00,358.78757
2012-11-28 08:00:00,675.13495
2012-11-28 09:00:00,312.84506
2012-11-28 10:00:00,166.14874
2012-11-28 11:00:00,174.11559
2012-11-28 12:00:00,226.02275
2012-11-28 13:00:00,218.94402
2012-11-28 14:00:00,204.89471
2012-11-28 15:00:00,253.92366
2012-11-28 16:00:00,360.42386
2012-11-28 17:00:00,654.05133
2012-11-28 18:00:00,597.90045
2012-11-28 19:00:00,393.6146
2012-11-28 20:00:00,263.03552
2012-11-28 21:00:00,180.07161
2012-11-28 22:00:00,124.11945
2012-11-28 23:00:00,80.49555
2012-11-29 00:00:00,26.78631
2012-11-29 01:00:00,14.270831
2012-11-29 02:00:00,5.0280643
2012-11-29 04:00:00,5.876954
2012-11-29 05:00:00,29.74025
2012-11-29 06:00:00,121.13449
2012-11-29 07:00:00,381.8164
2012-11-29 08:00:00,694.6609
2012-11-29 09:00:00,336.814
2012-11-29 10:00:00,166.05042
2012-11-29 11:00:00,194.8301
2012-11-29 12:00:00,234.91035
2012-11-29 13:00:00,217.41968
2012-11-29 14:00:00,198.8045
2012-11-29 15:00:00,241.5445
2012-11-29 16:00:00,335.91733
2012-11-29 17:00:00,599.09076
2012-11-29 18:00:00,553.1948
2012-11-29 19:00:00,379.03986
2012-11-29 20:00:00,270.35706
2012-11-29 21:00:00,159.9111
2012-11-29 22:00:00,140.3742
2012-11-29 23:00:00,123.18401
2012-11-30 00:00:00,40.408115
2012-11-30 01:00:00,20.065588
2012-11-30 02:00:00,9.50712
2012-11-30 03:00:00,6.27052
2012-11-30 04:00:00,7.509938
2012-11-30 05:00:00,26.695389
2012-11-30 06:00:00,115.277
2012-11-30 07:00:00,318.98047
2012-11-30 08:00:00,592.5315
2012-11-30 09:00:00,314.715
2012-11-30 10:00:00,183.65182
2012-11-30 11:00:00,198.10281
2012-11-30 12:00:00,250.40454
2012-11-30 13:00:00,243.50626
2012-11-30 14:00:00,217.94334
2012-11-30 15:00:00,258.50015
2012-11-30 16:00:00,384.2953
2012-11-30 17:00:00,577.23016
2012-11-30 18:00:00,555.6468
2012-11-30 19:00:00,368.95718
2012-11-30 20:00:00,233.1753
2012-11-30 21:00:00,167.27402
2012-11-30 22:00:00,147.86137
2012-11-30 23:00:00,118.17487
2012-12-20 00:00:00,48.09764
2012-12-20 01:00:00,16.606699
2012-12-20 02:00:00,11.499723
2012-12-20 03:00:00,3.607608
2012-12-20 04:00:00,6.485177
2012-12-20 05:00:00,31.851315
2012-12-20 06:00:00,113.52867
2012-12-20 07:00:00,377.7301
2012-12-20 08:00:00,626.07715
2012-12-20 09:00:00,328.73593
2012-12-20 10:00:00,165.00266
2012-12-20 11:00:00,172.08467
2012-12-20 12:00:00,224.02792
2012-12-20 13:00:00,222.56844
2012-12-20 14:00:00,194.32817
2012-12-20 15:00:00,228.97171
2012-12-20 16:00:00,312.82352
2012-12-20 17:00:00,591.7187
2012-12-20 18:00:00,578.0157
2012-12-20 19:00:00,315.73795
2012-12-20 20:00:00,182.48448
2012-12-20 21:00:00,75.10665
2012-12-20 22:00:00,65.37305
2012-12-20 23:00:00,65.868805
2012-12-21 00:00:00,42.03707
2012-12-21 01:00:00,36.256947
2012-12-21 02:00:00,10.060267
2012-12-21 03:00:00,10.2080145
2012-12-21 04:00:00,9.195912
2012-12-21 05:00:00,28.45758
2012-12-21 06:00:00,99.14751
2012-12-21 07:00:00,233.4109
2012-12-21 08:00:00,493.72256
2012-12-21 09:00:00,224.31557
2012-12-21 10:00:00,123.68766
2012-12-21 11:00:00,159.07632
2012-12-21 12:00:00,160.69518
2012-12-21 13:00:00,158.67685
2012-12-21 14:00:00,158.20798
2012-12-21 15:00:00,145.07364
2012-12-21 16:00:00,198.10518
2012-12-21 17:00:00,232.16624
2012-12-21 18:00:00,233.86046
2012-12-21 19:00:00,245.27065
2012-12-21 20:00:00,169.22664
2012-12-21 21:00:00,128.82948
2012-12-21 22:00:00,85.325714
2012-12-21 23:00:00,65.60338
2012-12-22 00:00:00,88.2279
2012-12-22 01:00:00,68.512695
2012-12-22 02:00:00,46.34683
2012-12-22 03:00:00,17.980717
2012-12-22 04:00:00,8.797258
2012-12-22 05:00:00,7.013961
2012-12-22 06:00:00,10.374325
2012-12-22 07:00:00,35.48079
2012-12-22 08:00:00,88.29213
2012-12-22 09:00:00,131.40845
2012-12-22 10:00:00,192.29839
2012-12-22 11:00:00,196.77158
2012-12-22 12:00:00,205.37753
2012-12-22 13:00:00,281.7677
2012-12-22 14:00:00,268.41757
2012-12-22 15:00:00,238.58621
2012-12-22 16:00:00,204.21066
2012-12-22 17:00:00,202.09319
2012-12-22 18:00:00,167.71791
2012-12-22 19:00:00,115.69475
2012-12-22 20:00:00,102.286674
2012-12-22 21:00:00,84.48109
2012-12-22 22:00:00,70.96015
2012-12-22 23:00:00,69.332596
2012-12-23 00:00:00,92.717964
2012-12-23 01:00:00,90.94145
2012-12-23 02:00:00,54.131004
2012-12-23 03:00:00,22.434004
2012-12-23 04:00:00,7.6541653
2012-12-23 05:00:00,4.697329
2012-12-23 06:00:00,8.412432
2012-12-23 07:00:00,21.135376
2012-12-23 08:00:00,61.802513
2012-12-23 09:00:00,100.42682
2012-12-23 10:00:00,158.71652
2012-12-23 11:00:00,214.48236
2012-12-23 12:00:00,229.09138
2012-12-23 13:00:00,272.38025
2012-12-23 14:00:00,316.87604
2012-12-23 15:00:00,310.01642
2012-12-23 16:00:00,318.05887
2012-12-23 17:00:00,220.83803
2012-12-23 18:00:00,150.15248
2012-12-23 19:00:00,123.93423
2012-12-23 20:00:00,88.102646
2012-12-23 21:00:00,107.97502
2012-12-23 22:00:00,55.92259
2012-12-23 23:00:00,42.559155
2012-12-24 00:00:00,24.584848
2012-12-24 01:00:00,14.629684
2012-12-24 02:00:00,7.2466774
2012-12-24 03:00:00,5.3317575
2012-12-24 05:00:00,23.18248
2012-12-24 06:00:00,111.91028
2012-12-24 07:00:00,254.21082
2012-12-24 08:00:00,468.8085
2012-12-24 09:00:00,187.54333
2012-12-24 10:00:00,97.881165
2012-12-24 11:00:00,108.64193
2012-12-24 12:00:00,149.17049
2012-12-24 13:00:00,78.33056
2012-12-24 14:00:00,70.17934
2012-12-24 15:00:00,87.066795
2012-12-24 16:00:00,134.31865
2012-12-24 17:00:00,178.91858
2012-12-24 18:00:00,209.95242
2012-12-24 19:00:00,223.49237
2012-12-24 20:00:00,134.20436
2012-12-24 21:00:00,79.67541
2012-12-24 22:00:00,98.426926
2012-12-24 23:00:00,23.51055
2012-12-25 00:00:00,66.36704
2012-12-25 01:00:00,63.36014
2012-12-25 02:00:00,11.98679
2012-12-25 04:00:00,5.9379377
2012-12-25 05:00:00,12.726899
2012-12-25 06:00:00,12.463278
2012-12-25 07:00:00,31.373377
2012-12-25 08:00:00,109.444336
2012-12-25 09:00:00,146.54729
2012-12-25 10:00:00,191.2194
2012-12-25 11:00:00,219.32861
2012-12-25 12:00:00,178.69138
2012-12-25 13:00:00,340.46863
2012-12-25 14:00:00,351.51013
2012-12-25 15:00:00,272.2365
2012-12-25 16:00:00,242.75087
2012-12-25 17:00:00,210.04034
2012-12-25 18:00:00,231.39748
2012-12-25 19:00:00,153.11069
2012-12-25 20:00:00,121.99249
2012-12-25 21:00:00,114.572655
2012-12-25 22:00:00,87.31731
2012-12-25 23:00:00,78.40473
2012-12-26 00:00:00,24.0441
2012-12-26 01:00:00,15.378691
2012-12-26 02:00:00,5.895116
2012-12-26 03:00:00,4.015006
2012-12-26 04:00:00,4.7330055
2012-12-26 05:00:00,24.314663
2012-12-26 06:00:00,105.44062
2012-12-26 07:00:00,101.577255
2012-12-26 08:00:00,117.759796
2012-12-26 09:00:00,89.65884
2012-12-26 10:00:00,55.034153
2012-12-26 11:00:00,55.782894
2012-12-26 12:00:00,72.36121
2012-12-26 13:00:00,78.15292
2012-12-26 14:00:00,78.93465
2012-12-26 15:00:00,84.39985
2012-12-26 16:00:00,131.23083
2012-12-26 17:00:00,181.0526
2012-12-26 18:00:00,187.7623
2012-12-26 19:00:00,119.1777
2012-12-26 20:00:00,81.129486
2012-12-26 21:00:00,92.715996
2012-12-26 22:00:00,75.20993
2012-12-26 23:00:00,20.169497
2012-12-27 00:00:00,25.258572
2012-12-27 01:00:00,11.216207
2012-12-27 02:00:00,2.7223463
2012-12-27 03:00:00,3.0169516
2012-12-27 04:00:00,4.435208
2012-12-27 05:00:00,28.151272
2012-12-27 06:00:00,103.86049
2012-12-27 07:00:00,274.45978
2012-12-27 08:00:00,537.0366
2012-12-27 09:00:00,251.55562
2012-12-27 10:00:00,122.053085
2012-12-27 11:00:00,132.9062
2012-12-27 12:00:00,152.41898
2012-12-27 13:00:00,146.94908
2012-12-27 14:00:00,121.33564
2012-12-27 15:00:00,130.11687
2012-12-27 16:00:00,179.3054
2012-12-27 17:00:00,266.34006
2012-12-27 18:00:00,237.97874
2012-12-27 19:00:00,246.17229
2012-12-27 20:00:00,185.30676
2012-12-27 21:00:00,100.42818
2012-12-27 22:00:00,91.61181
2012-12-27 23:00:00,63.628277
2012-12-28 00:00:00,48.14846
2012-12-28 01:00:00,16.31333
2012-12-28 02:00:00,7.4710655
2012-12-28 03:00:00,7.14702
2012-12-28 04:00:00,6.4024925
2012-12-28 05:00:00,18.643473
2012-12-28 06:00:00,96.756294
2012-12-28 07:00:00,223.4502
2012-12-28 08:00:00,497.13458
2012-12-28 09:00:00,214.8219
2012-12-28 10:00:00,116.14198
2012-12-28 11:00:00,172.91057
2012-12-28 12:00:00,175.57718
2012-12-28 13:00:00,172.4525
2012-12-28 14:00:00,160.41638
2012-12-28 15:00:00,168.46947
2012-12-28 16:00:00,220.16048
2012-12-28 17:00:00,293.62595
2012-12-28 18:00:00,280.679
2012-12-28 19:00:00,162.3984
2012-12-28 20:00:00,128.76474
2012-12-28 21:00:00,87.42788
2012-12-28 22:00:00,89.07952
2012-12-28 23:00:00,71.03139
2012-12-29 00:00:00,101.55862
2012-12-29 01:00:00,81.51268
2012-12-29 02:00:00,45.55131
2012-12-29 03:00:00,24.114986
2012-12-29 04:00:00,6.448682
2012-12-29 05:00:00,4.007053
2012-12-29 06:00:00,10.03571
2012-12-29 07:00:00,28.579573
2012-12-29 08:00:00,82.70295
2012-12-29 09:00:00,141.05217
2012-12-29 10:00:00,107.973206
2012-12-29 11:00:00,127.79199
2012-12-29 12:00:00,132.16554
2012-12-29 13:00:00,132.1872
2012-12-29 14:00:00,194.01929
2012-12-29 15:00:00,200.46783
2012-12-29 16:00:00,264.05957
2012-12-29 17:00:00,189.93137
2012-12-29 18:00:00,196.56017
2012-12-29 19:00:00,146.17943
2012-12-29 20:00:00,92.40936
2012-12-29 21:00:00,86.576836
2012-12-29 22:00:00,81.45777
2012-12-29 23:00:00,78.10738
2012-12-30 00:00:00,126.528824
2012-12-30 01:00:00,102.2919
2012-12-30 02:00:00,65.796844
2012-12-30 03:00:00,15.0200205
2012-12-30 04:00:00,4.107348
2012-12-30 05:00:00,5.359661
2012-12-30 06:00:00,6.726548
2012-12-30 07:00:00,15.988027
2012-12-30 08:00:00,52.367462
2012-12-30 09:00:00,90.78582
2012-12-30 10:00:00,175.06859
2012-12-30 11:00:00,218.92482
2012-12-30 12:00:00,223.58167
2012-12-30 13:00:00,219.38777
2012-12-30 14:00:00,185.92084
2012-12-30 15:00:00,200.49655
2012-12-30 16:00:00,204.2004
2012-12-30 17:00:00,155.26358
2012-12-30 18:00:00,149.69757
2012-12-30 19:00:00,145.32425
2012-12-30 20:00:00,85.66321
2012-12-30 21:00:00,55.316994
2012-12-30 22:00:00,55.257195
2012-12-30 23:00:00,38.87266
2012-12-31 00:00:00,21.482418
2012-12-31 01:00:00,11.265324
2012-12-31 02:00:00,4.930932
2012-12-31 03:00:00,4.915663
2012-12-31 04:00:00,7.0500464
2012-12-31 05:00:00,23.577305
2012-12-31 06:00:00,95.35998
2012-12-31 07:00:00,245.28802
2012-12-31 08:00:00,409.07565
2012-12-31 09:00:00,196.19969
2012-12-31 10:00:00,109.23772
2012-12-31 11:00:00,117.55
2012-12-31 12:00:00,130.7199
2012-12-31 13:00:00,140.07594
2012-12-31 14:00:00,143.35014
2012-12-31 15:00:00,140.85892
2012-12-31 16:00:00,180.19098
2012-12-31 17:00:00,302.0543
2012-12-31 18:00:00,283.50644
2012-12-31 19:00:00,237.2485
2012-12-31 20:00:00,166.98972
2012-12-31 21:00:00,95.8411
2012-12-31 22:00:00,87.373375
2012-12-31 23:00:00,56.00682
