datetime,count
2011-01-20 00:00:00,11.051112
2011-01-20 01:00:00,4.30149
2011-01-20 02:00:00,1.9336281
2011-01-20 03:00:00,3.4588914
2011-01-20 04:00:00,3.004534
2011-01-20 05:00:00,5.862489
2011-01-20 06:00:00,38.94746
2011-01-20 07:00:00,94.92659
2011-01-20 08:00:00,214.50658
2011-01-20 09:00:00,130.514
2011-01-20 10:00:00,55.48999
2011-01-20 11:00:00,48.705643
2011-01-20 12:00:00,68.234375
2011-01-20 13:00:00,56.740833
2011-01-20 14:00:00,54.454468
2011-01-20 15:00:00,61.524822
2011-01-20 16:00:00,94.691124
2011-01-20 17:00:00,183.39525
2011-01-20 18:00:00,156.71352
2011-01-20 19:00:00,119.33416
2011-01-20 20:00:00,79.02238
2011-01-20 21:00:00,57.815945
2011-01-20 22:00:00,47.472824
2011-01-20 23:00:00,19.944132
2011-01-21 00:00:00,18.48034
2011-01-21 01:00:00,7.4385386
2011-01-21 02:00:00,5.2583613
2011-01-21 03:00:00,5.3198977
2011-01-21 04:00:00,1.0927421
2011-01-21 05:00:00,5.3294888
2011-01-21 06:00:00,36.384563
2011-01-21 07:00:00,80.887054
2011-01-21 08:00:00,181.47722
2011-01-21 09:00:00,123.74854
2011-01-21 10:00:00,57.143436
2011-01-21 11:00:00,63.94334
2011-01-21 12:00:00,75.70374
2011-01-21 13:00:00,75.55174
2011-01-21 14:00:00,62.570995
2011-01-21 15:00:00,70.353516
2011-01-21 16:00:00,92.654785
2011-01-21 17:00:00,150.03746
2011-01-21 18:00:00,114.09953
2011-01-21 19:00:00,86.93753
2011-01-21 20:00:00,52.782368
2011-01-21 21:00:00,43.85679
2011-01-21 22:00:00,35.868996
2011-01-21 23:00:00,18.049332
2011-01-22 00:00:00,23.802795
2011-01-22 01:00:00,14.668631
2011-01-22 02:00:00,14.293241
2011-01-22 03:00:00,8.059386
2011-01-22 04:00:00,1.4495786
2011-01-22 06:00:00,3.0871933
2011-01-22 07:00:00,5.4375615
2011-01-22 08:00:00,21.364302
2011-01-22 09:00:00,26.516369
2011-01-22 10:00:00,51.515873
2011-01-22 11:00:00,59.577408
2011-01-22 12:00:00,75.42554
2011-01-22 13:00:00,100.391846
2011-01-22 14:00:00,93.08731
2011-01-22 15:00:00,99.23997
2011-01-22 16:00:00,94.1073
2011-01-22 17:00:00,90.254906
2011-01-22 18:00:00,55.63315
2011-01-22 19:00:00,36.50941
2011-01-22 20:00:00,28.851912
2011-01-22 21:00:00,28.799894
2011-01-22 22:00:00,25.507458
2011-01-22 23:00:00,16.39782
2011-01-23 00:00:00,25.622002
2011-01-23 01:00:00,23.562674
2011-01-23 02:00:00,16.738522
2011-01-23 03:00:00,7.7432666
2011-01-23 05:00:00,2.1483355
2011-01-23 06:00:00,1.7875745
2011-01-23 07:00:00,3.2223003
2011-01-23 08:00:00,6.06653
2011-01-23 09:00:00,16.139317
2011-01-23 10:00:00,47.631077
2011-01-23 11:00:00,69.1644
2011-01-23 12:00:00,70.79859
2011-01-23 13:00:00,81.28929
2011-01-23 14:00:00,76.025024
2011-01-23 15:00:00,75.141304
2011-01-23 16:00:00,88.662674
2011-01-23 17:00:00,67.57501
2011-01-23 18:00:00,59.2349
2011-01-23 19:00:00,37.133183
2011-01-23 20:00:00,33.035217
2011-01-23 21:00:00,26.481953
2011-01-23 22:00:00,10.848985
2011-01-23 23:00:00,4.3424497
2011-01-24 00:00:00,9.087314
2011-01-24 01:00:00,2.3835433
2011-01-24 03:00:00,1.1561784
2011-01-24 04:00:00,2.7824578
2011-01-24 05:00:00,3.973967
2011-01-24 06:00:00,25.27662
2011-01-24 07:00:00,80.92544
2011-01-24 08:00:00,162.78534
2011-01-24 09:00:00,85.256996
2011-01-24 10:00:00,32.85959
2011-01-24 11:00:00,40.802715
2011-01-24 12:00:00,39.625427
2011-01-24 13:00:00,47.160343
2011-01-24 14:00:00,38.36222
2011-01-24 15:00:00,53.046745
2011-01-24 16:00:00,69.315636
2011-01-24 17:00:00,140.75237
2011-01-24 18:00:00,142.4063
2011-01-24 19:00:00,100.59156
2011-01-24 20:00:00,63.65047
2011-01-24 21:00:00,48.679462
2011-01-24 22:00:00,19.233416
2011-01-24 23:00:00,10.515904
2011-01-25 00:00:00,6.4440565
2011-01-25 01:00:00,3.2110758
2011-01-25 02:00:00,0.88448536
2011-01-25 04:00:00,1.5786632
2011-01-25 05:00:00,2.4732492
2011-01-25 06:00:00,33.593678
2011-01-25 07:00:00,89.28429
2011-01-25 08:00:00,189.5552
2011-01-25 09:00:00,111.49215
2011-01-25 10:00:00,54.539494
2011-01-25 11:00:00,38.97977
2011-01-25 12:00:00,58.48589
2011-01-25 13:00:00,55.609493
2011-01-25 14:00:00,68.76133
2011-01-25 15:00:00,75.35708
2011-01-25 16:00:00,116.249504
2011-01-25 17:00:00,210.3152
2011-01-25 18:00:00,190.93915
2011-01-25 19:00:00,127.14073
2011-01-25 20:00:00,80.54297
2011-01-25 21:00:00,50.466583
2011-01-25 22:00:00,33.74814
2011-01-25 23:00:00,14.481295
2011-01-26 00:00:00,12.388483
2011-01-26 01:00:00,7.4507236
2011-01-26 02:00:00,3.3265443
2011-01-26 05:00:00,6.1256785
2011-01-26 06:00:00,21.835506
2011-01-26 07:00:00,31.19042
2011-01-26 08:00:00,71.57752
2011-01-26 09:00:00,44.292366
2011-01-26 10:00:00,13.569729
2011-01-26 11:00:00,7.9812813
2011-01-26 12:00:00,2.6186943
2011-01-26 13:00:00,8.7900305
2011-01-26 14:00:00,5.3112674
2011-01-26 15:00:00,4.7953568
2011-01-26 16:00:00,19.775215
2011-01-26 17:00:00,18.170761
2011-01-27 16:00:00,79.18941
2011-01-27 17:00:00,169.88612
2011-01-27 18:00:00,140.64967
2011-01-27 19:00:00,110.81335
2011-01-27 20:00:00,81.345024
2011-01-27 21:00:00,60.182575
2011-01-27 22:00:00,42.511414
2011-01-27 23:00:00,23.796478
2011-01-28 00:00:00,14.031399
2011-01-28 01:00:00,5.800722
2011-01-28 02:00:00,1.648773
2011-01-28 03:00:00,1.7797071
2011-01-28 05:00:00,5.197221
2011-01-28 06:00:00,29.108303
2011-01-28 07:00:00,72.417
2011-01-28 08:00:00,158.66512
2011-01-28 09:00:00,75.71626
2011-01-28 10:00:00,23.42681
2011-01-28 11:00:00,22.374025
2011-01-28 12:00:00,16.045822
2011-01-28 13:00:00,15.699032
2011-01-28 14:00:00,16.875694
2011-01-28 15:00:00,36.75529
2011-01-28 16:00:00,70.9106
2011-01-28 17:00:00,136.92622
2011-01-28 18:00:00,121.73419
2011-01-28 19:00:00,100.475334
2011-01-28 20:00:00,58.700294
2011-01-28 21:00:00,41.38442
2011-01-28 22:00:00,52.821888
2011-01-28 23:00:00,27.523481
2011-01-29 00:00:00,24.694447
2011-01-29 01:00:00,20.900133
2011-01-29 02:00:00,17.719568
2011-01-29 03:00:00,8.456788
2011-01-29 04:00:00,0.9358728
2011-01-29 06:00:00,2.5644305
2011-01-29 07:00:00,11.9705515
2011-01-29 08:00:00,26.179424
2011-01-29 09:00:00,27.800781
2011-01-29 10:00:00,53.993767
2011-01-29 11:00:00,58.285313
2011-01-29 12:00:00,75.86694
2011-01-29 13:00:00,85.35637
2011-01-29 14:00:00,91.35053
2011-01-29 15:00:00,85.72101
2011-01-29 16:00:00,102.46019
2011-01-29 17:00:00,76.88713
2011-01-29 18:00:00,51.62071
2011-01-29 19:00:00,41.72313
2011-01-29 20:00:00,32.64811
2011-01-29 21:00:00,29.659504
2011-01-29 22:00:00,23.224745
2011-01-29 23:00:00,19.355423
2011-01-30 00:00:00,22.521212
2011-01-30 01:00:00,24.82042
2011-01-30 02:00:00,18.545395
2011-01-30 03:00:00,10.03306
2011-01-30 04:00:00,2.57885
2011-01-30 05:00:00,1.2738785
2011-01-30 07:00:00,1.7469935
2011-01-30 08:00:00,0.94608426
2011-01-30 09:00:00,14.32021
2011-01-30 10:00:00,42.762108
2011-01-30 11:00:00,63.347763
2011-01-30 12:00:00,114.36023
2011-01-30 13:00:00,86.99132
2011-01-30 14:00:00,87.889854
2011-01-30 15:00:00,104.21325
2011-01-30 16:00:00,97.36774
2011-01-30 17:00:00,73.0529
2011-01-30 18:00:00,52.460327
2011-01-30 19:00:00,29.570812
2011-01-30 20:00:00,29.804695
2011-01-30 21:00:00,26.76887
2011-01-30 22:00:00,16.843605
2011-01-30 23:00:00,8.515383
2011-01-31 00:00:00,10.4323435
2011-01-31 01:00:00,2.2635374
2011-01-31 02:00:00,1.5797691
2011-01-31 03:00:00,3.0136487
2011-01-31 04:00:00,3.6684768
2011-01-31 05:00:00,2.2243056
2011-01-31 06:00:00,28.998636
2011-01-31 07:00:00,82.32517
2011-01-31 08:00:00,177.73386
2011-01-31 09:00:00,94.6627
2011-01-31 10:00:00,37.29533
2011-01-31 11:00:00,30.80459
2011-01-31 12:00:00,51.60667
2011-01-31 13:00:00,43.965714
2011-01-31 14:00:00,48.74552
2011-01-31 15:00:00,43.079514
2011-01-31 16:00:00,67.47928
2011-01-31 17:00:00,138.82
2011-01-31 18:00:00,142.6633
2011-01-31 19:00:00,131.36572
2011-01-31 20:00:00,54.618935
2011-01-31 21:00:00,28.215
2011-01-31 22:00:00,21.555552
2011-01-31 23:00:00,13.699767
2011-02-20 00:00:00,28.140984
2011-02-20 01:00:00,17.166319
2011-02-20 02:00:00,13.782125
2011-02-20 03:00:00,6.671048
2011-02-20 04:00:00,0.66906255
2011-02-20 06:00:00,0.6593073
2011-02-20 07:00:00,3.1106803
2011-02-20 08:00:00,19.396572
2011-02-20 09:00:00,36.777287
2011-02-20 10:00:00,82.549515
2011-02-20 11:00:00,110.962006
2011-02-20 12:00:00,161.65677
2011-02-20 13:00:00,168.57356
2011-02-20 14:00:00,161.1079
2011-02-20 15:00:00,175.15894
2011-02-20 16:00:00,180.72745
2011-02-20 17:00:00,119.04878
2011-02-20 18:00:00,77.94435
2011-02-20 19:00:00,57.252533
2011-02-20 20:00:00,43.400337
2011-02-20 21:00:00,35.54659
2011-02-20 22:00:00,26.413465
2011-02-20 23:00:00,19.067387
2011-02-21 00:00:00,17.004898
2011-02-21 01:00:00,7.3875
2011-02-21 02:00:00,4.389682
2011-02-21 03:00:00,0.86018497
2011-02-21 04:00:00,1.7587769
2011-02-21 05:00:00,1.1542093
2011-02-21 06:00:00,1.454668
2011-02-21 07:00:00,9.645983
2011-02-21 08:00:00,61.87512
2011-02-21 09:00:00,70.631226
2011-02-21 10:00:00,77.69369
2011-02-21 11:00:00,93.788994
2011-02-21 12:00:00,128.96724
2011-02-21 13:00:00,79.076126
2011-02-21 14:00:00,89.698265
2011-02-21 15:00:00,78.68055
2011-02-21 16:00:00,41.211216
2011-02-21 17:00:00,103.24696
2011-02-21 18:00:00,77.286194
2011-02-21 19:00:00,76.74239
2011-02-21 20:00:00,31.710197
2011-02-21 21:00:00,19.704042
2011-02-21 22:00:00,9.989912
2011-02-21 23:00:00,10.829747
2011-02-22 06:00:00,23.266474
2011-02-22 07:00:00,95.34493
2011-02-22 08:00:00,233.44598
2011-02-22 09:00:00,105.370926
2011-02-22 10:00:00,42.452667
2011-02-22 11:00:00,44.86946
2011-02-22 12:00:00,53.323307
2011-02-22 13:00:00,67.5855
2011-02-22 14:00:00,54.059307
2011-02-22 15:00:00,56.067486
2011-02-22 16:00:00,81.59798
2011-02-22 17:00:00,172.95535
2011-02-22 18:00:00,169.01273
2011-02-22 19:00:00,95.91424
2011-02-22 20:00:00,73.891945
2011-02-22 21:00:00,58.177734
2011-02-22 22:00:00,30.246998
2011-02-22 23:00:00,11.680096
2011-02-23 00:00:00,12.678852
2011-02-23 01:00:00,5.695906
2011-02-23 02:00:00,2.1382449
2011-02-23 03:00:00,1.734504
2011-02-23 05:00:00,5.6106277
2011-02-23 06:00:00,35.86312
2011-02-23 07:00:00,103.18164
2011-02-23 08:00:00,227.9115
2011-02-23 09:00:00,128.88727
2011-02-23 10:00:00,53.322124
2011-02-23 11:00:00,56.490246
2011-02-23 12:00:00,70.53778
2011-02-23 13:00:00,79.9214
2011-02-23 14:00:00,75.68482
2011-02-23 15:00:00,74.71764
2011-02-23 16:00:00,106.95146
2011-02-23 17:00:00,208.58917
2011-02-23 18:00:00,187.44562
2011-02-23 19:00:00,139.02042
2011-02-23 20:00:00,104.20088
2011-02-23 21:00:00,65.412544
2011-02-23 22:00:00,55.74412
2011-02-23 23:00:00,33.116535
2011-02-24 00:00:00,13.180869
2011-02-24 01:00:00,4.948078
2011-02-24 02:00:00,1.296213
2011-02-24 03:00:00,2.693318
2011-02-24 05:00:00,8.931251
2011-02-24 06:00:00,36.77307
2011-02-24 07:00:00,125.843315
2011-02-24 08:00:00,284.00632
2011-02-24 09:00:00,148.68947
2011-02-24 10:00:00,63.96342
2011-02-24 11:00:00,65.98646
2011-02-24 12:00:00,79.09537
2011-02-24 13:00:00,85.568634
2011-02-24 14:00:00,66.079346
2011-02-24 15:00:00,38.220306
2011-02-24 16:00:00,68.55529
2011-02-24 17:00:00,161.86986
2011-02-24 18:00:00,156.87439
2011-02-24 19:00:00,64.13696
2011-02-24 20:00:00,88.08094
2011-02-24 21:00:00,76.290215
2011-02-24 22:00:00,45.3055
2011-02-24 23:00:00,31.897175
2011-02-25 00:00:00,13.536652
2011-02-25 01:00:00,7.915788
2011-02-25 02:00:00,3.5376823
2011-02-25 03:00:00,2.009391
2011-02-25 05:00:00,9.055187
2011-02-25 06:00:00,27.987001
2011-02-25 07:00:00,63.536995
2011-02-25 08:00:00,197.6481
2011-02-25 09:00:00,102.82386
2011-02-25 10:00:00,50.09015
2011-02-25 11:00:00,141.24104
2011-02-25 12:00:00,93.04691
2011-02-25 13:00:00,84.50713
2011-02-25 14:00:00,52.972195
2011-02-25 15:00:00,95.536156
2011-02-25 16:00:00,110.32901
2011-02-25 17:00:00,173.48943
2011-02-25 18:00:00,149.15399
2011-02-25 19:00:00,104.61001
2011-02-25 20:00:00,71.03792
2011-02-25 21:00:00,61.093975
2011-02-25 22:00:00,54.288177
2011-02-25 23:00:00,38.79606
2011-02-26 00:00:00,35.645348
2011-02-26 01:00:00,20.695534
2011-02-26 02:00:00,21.028202
2011-02-26 03:00:00,9.9131775
2011-02-26 04:00:00,3.690956
2011-02-26 05:00:00,1.1046666
2011-02-26 06:00:00,1.9615152
2011-02-26 07:00:00,13.629656
2011-02-26 08:00:00,30.687067
2011-02-26 09:00:00,58.492004
2011-02-26 10:00:00,88.37696
2011-02-26 11:00:00,125.40995
2011-02-26 12:00:00,123.385574
2011-02-26 13:00:00,128.55281
2011-02-26 14:00:00,111.57951
2011-02-26 15:00:00,117.813126
2011-02-26 16:00:00,148.1946
2011-02-26 17:00:00,121.133545
2011-02-26 18:00:00,84.9172
2011-02-26 19:00:00,50.334778
2011-02-26 20:00:00,48.902016
2011-02-26 21:00:00,47.35438
2011-02-26 22:00:00,48.43019
2011-02-26 23:00:00,47.6565
2011-02-27 00:00:00,46.321613
2011-02-27 01:00:00,41.44951
2011-02-27 02:00:00,33.208996
2011-02-27 03:00:00,17.696074
2011-02-27 04:00:00,7.3529396
2011-02-27 06:00:00,1.4406065
2011-02-27 07:00:00,7.180844
2011-02-27 08:00:00,16.108883
2011-02-27 09:00:00,47.41629
2011-02-27 10:00:00,101.293945
2011-02-27 11:00:00,146.41779
2011-02-27 12:00:00,198.21748
2011-02-27 13:00:00,206.72044
2011-02-27 14:00:00,211.38548
2011-02-27 15:00:00,212.81535
2011-02-27 16:00:00,231.20593
2011-02-27 17:00:00,142.70892
2011-02-27 18:00:00,96.6259
2011-02-27 19:00:00,57.26382
2011-02-27 20:00:00,49.662617
2011-02-27 21:00:00,49.983948
2011-02-27 22:00:00,33.79748
2011-02-27 23:00:00,20.430182
2011-02-28 00:00:00,11.869418
2011-02-28 01:00:00,1.1052254
2011-02-28 03:00:00,2.5485933
2011-02-28 05:00:00,8.727525
2011-02-28 06:00:00,37.84951
2011-02-28 07:00:00,120.0062
2011-02-28 08:00:00,254.36906
2011-02-28 09:00:00,161.46046
2011-02-28 10:00:00,61.611835
2011-02-28 11:00:00,77.85834
2011-02-28 12:00:00,97.02381
2011-02-28 13:00:00,39.28386
2011-02-28 14:00:00,17.617805
2011-02-28 15:00:00,15.722486
2011-02-28 16:00:00,40.021656
2011-02-28 17:00:00,78.774254
2011-02-28 18:00:00,124.59159
2011-02-28 19:00:00,37.533512
2011-02-28 20:00:00,27.179018
2011-02-28 21:00:00,63.669144
2011-02-28 22:00:00,18.771309
2011-02-28 23:00:00,21.91582
2011-03-20 00:00:00,33.73799
2011-03-20 01:00:00,30.380709
2011-03-20 02:00:00,25.92156
2011-03-20 03:00:00,15.958612
2011-03-20 04:00:00,6.735144
2011-03-20 05:00:00,2.960507
2011-03-20 06:00:00,6.0729628
2011-03-20 07:00:00,8.589156
2011-03-20 08:00:00,28.3477
2011-03-20 09:00:00,48.912228
2011-03-20 10:00:00,104.4072
2011-03-20 11:00:00,150.00185
2011-03-20 12:00:00,209.83752
2011-03-20 13:00:00,201.85304
2011-03-20 14:00:00,201.42896
2011-03-20 15:00:00,208.52023
2011-03-20 16:00:00,214.52238
2011-03-20 17:00:00,182.8234
2011-03-20 18:00:00,128.27034
2011-03-20 19:00:00,83.280945
2011-03-20 20:00:00,70.3848
2011-03-20 21:00:00,35.52441
2011-03-20 22:00:00,22.726912
2011-03-20 23:00:00,14.123846
2011-03-21 00:00:00,11.201757
2011-03-21 01:00:00,3.25867
2011-03-21 02:00:00,3.5520337
2011-03-21 03:00:00,2.106891
2011-03-21 05:00:00,14.495689
2011-03-21 06:00:00,36.79843
2011-03-21 07:00:00,48.092403
2011-03-21 08:00:00,250.51689
2011-03-21 09:00:00,127.82751
2011-03-21 10:00:00,59.71471
2011-03-21 11:00:00,85.873764
2011-03-21 12:00:00,105.869896
2011-03-21 13:00:00,140.59848
2011-03-21 14:00:00,138.7853
2011-03-21 15:00:00,129.93805
2011-03-21 16:00:00,183.60107
2011-03-21 17:00:00,432.06738
2011-03-21 18:00:00,390.9187
2011-03-21 19:00:00,330.34277
2011-03-21 20:00:00,267.91803
2011-03-21 21:00:00,112.93928
2011-03-21 22:00:00,90.23754
2011-03-21 23:00:00,41.356396
2011-03-22 00:00:00,20.509274
2011-03-22 01:00:00,8.261208
2011-03-22 02:00:00,6.284444
2011-03-22 03:00:00,3.294281
2011-03-22 04:00:00,2.6336386
2011-03-22 05:00:00,11.766441
2011-03-22 06:00:00,73.722786
2011-03-22 07:00:00,220.62425
2011-03-22 08:00:00,385.7498
2011-03-22 09:00:00,148.90106
2011-03-22 10:00:00,87.20911
2011-03-22 11:00:00,117.980675
2011-03-22 12:00:00,167.50453
2011-03-22 13:00:00,170.63504
2011-03-22 14:00:00,146.7234
2011-03-22 15:00:00,156.46288
2011-03-22 16:00:00,263.9079
2011-03-22 17:00:00,528.2987
2011-03-22 18:00:00,506.5721
2011-03-22 19:00:00,280.65536
2011-03-22 20:00:00,157.90196
2011-03-22 21:00:00,119.16196
2011-03-22 22:00:00,84.57416
2011-03-22 23:00:00,42.808353
2011-03-23 00:00:00,12.253816
2011-03-23 01:00:00,7.1221757
2011-03-23 02:00:00,6.407275
2011-03-23 03:00:00,3.3575442
2011-03-23 05:00:00,8.802951
2011-03-23 06:00:00,58.259365
2011-03-23 07:00:00,138.80943
2011-03-23 08:00:00,345.6146
2011-03-23 09:00:00,148.72643
2011-03-23 10:00:00,56.848457
2011-03-23 11:00:00,46.913517
2011-03-23 12:00:00,55.643562
2011-03-23 13:00:00,18.088476
2011-03-23 14:00:00,47.702362
2011-03-23 15:00:00,73.10343
2011-03-23 16:00:00,105.76492
2011-03-23 17:00:00,306.28308
2011-03-23 18:00:00,132.64713
2011-03-23 19:00:00,101.30084
2011-03-23 20:00:00,23.234783
2011-03-23 21:00:00,14.639006
2011-03-23 22:00:00,46.44953
2011-03-23 23:00:00,20.90868
2011-03-24 00:00:00,12.585309
2011-03-24 01:00:00,5.2038755
2011-03-24 02:00:00,7.273656
2011-03-24 03:00:00,3.0518
2011-03-24 04:00:00,2.5406034
2011-03-24 05:00:00,7.654426
2011-03-24 06:00:00,50.36581
2011-03-24 07:00:00,42.206806
2011-03-24 08:00:00,102.050934
2011-03-24 09:00:00,112.75306
2011-03-24 10:00:00,30.82038
2011-03-24 11:00:00,55.65964
2011-03-24 12:00:00,78.38433
2011-03-24 13:00:00,107.014084
2011-03-24 14:00:00,79.43449
2011-03-24 15:00:00,72.65213
2011-03-24 16:00:00,112.27503
2011-03-24 17:00:00,293.59055
2011-03-24 18:00:00,237.90417
2011-03-24 19:00:00,178.74207
2011-03-24 20:00:00,132.48877
2011-03-24 21:00:00,95.63613
2011-03-24 22:00:00,76.08825
2011-03-24 23:00:00,40.295662
2011-03-25 00:00:00,21.206347
2011-03-25 01:00:00,10.488474
2011-03-25 02:00:00,7.789984
2011-03-25 03:00:00,3.2570584
2011-03-25 04:00:00,1.976574
2011-03-25 05:00:00,9.383841
2011-03-25 06:00:00,49.590046
2011-03-25 07:00:00,147.40564
2011-03-25 08:00:00,290.7778
2011-03-25 09:00:00,157.45877
2011-03-25 10:00:00,79.49778
2011-03-25 11:00:00,100.336174
2011-03-25 12:00:00,133.0419
2011-03-25 13:00:00,139.04178
2011-03-25 14:00:00,123.269646
2011-03-25 15:00:00,120.38096
2011-03-25 16:00:00,152.62547
2011-03-25 17:00:00,260.23035
2011-03-25 18:00:00,237.69719
2011-03-25 19:00:00,151.27365
2011-03-25 20:00:00,101.19636
2011-03-25 21:00:00,77.55581
2011-03-25 22:00:00,60.233845
2011-03-25 23:00:00,41.174953
2011-03-26 00:00:00,37.420063
2011-03-26 01:00:00,26.97649
2011-03-26 02:00:00,20.810572
2011-03-26 03:00:00,7.6146574
2011-03-26 04:00:00,2.9176927
2011-03-26 05:00:00,5.8528576
2011-03-26 06:00:00,9.136468
2011-03-26 07:00:00,23.236893
2011-03-26 08:00:00,64.02464
2011-03-26 09:00:00,89.13249
2011-03-26 10:00:00,145.72421
2011-03-26 11:00:00,194.31487
2011-03-26 12:00:00,262.11218
2011-03-26 13:00:00,266.5915
2011-03-26 14:00:00,274.88763
2011-03-26 15:00:00,290.44592
2011-03-26 16:00:00,270.46945
2011-03-26 17:00:00,242.85712
2011-03-26 18:00:00,177.37738
2011-03-26 19:00:00,127.860374
2011-03-26 20:00:00,86.41146
2011-03-26 21:00:00,68.37875
2011-03-26 22:00:00,59.74368
2011-03-26 23:00:00,46.0587
2011-03-27 00:00:00,45.092556
2011-03-27 01:00:00,37.590378
2011-03-27 02:00:00,19.945017
2011-03-27 03:00:00,8.539806
2011-03-27 04:00:00,3.9383247
2011-03-27 06:00:00,6.7605176
2011-03-27 07:00:00,9.882407
2011-03-27 08:00:00,36.895096
2011-03-27 09:00:00,70.95273
2011-03-27 10:00:00,124.1034
2011-03-27 11:00:00,150.3438
2011-03-27 12:00:00,214.08307
2011-03-27 13:00:00,230.2295
2011-03-27 14:00:00,245.30626
2011-03-27 15:00:00,239.99901
2011-03-27 16:00:00,282.87857
2011-03-27 17:00:00,229.82253
2011-03-27 18:00:00,174.2418
2011-03-27 19:00:00,138.69873
2011-03-27 20:00:00,94.13092
2011-03-27 21:00:00,69.73381
2011-03-27 22:00:00,46.423744
2011-03-27 23:00:00,23.066355
2011-03-28 00:00:00,9.946151
2011-03-28 01:00:00,5.818868
2011-03-28 02:00:00,2.3799493
2011-03-28 03:00:00,2.2026713
2011-03-28 05:00:00,8.949408
2011-03-28 06:00:00,55.091476
2011-03-28 07:00:00,133.34581
2011-03-28 08:00:00,274.06766
2011-03-28 09:00:00,130.23146
2011-03-28 10:00:00,85.41556
2011-03-28 11:00:00,82.11643
2011-03-28 12:00:00,112.85427
2011-03-28 13:00:00,111.842125
2011-03-28 14:00:00,113.928474
2011-03-28 15:00:00,132.08238
2011-03-28 16:00:00,173.33356
2011-03-28 17:00:00,367.39444
2011-03-28 18:00:00,329.36987
2011-03-28 19:00:00,233.55814
2011-03-28 20:00:00,164.35007
2011-03-28 21:00:00,102.158066
2011-03-28 22:00:00,81.42834
2011-03-28 23:00:00,26.546995
2011-03-29 00:00:00,13.57327
2011-03-29 01:00:00,3.830062
2011-03-29 02:00:00,3.8138452
2011-03-29 03:00:00,1.6633903
2011-03-29 04:00:00,2.5111082
2011-03-29 05:00:00,9.047923
2011-03-29 06:00:00,54.764988
2011-03-29 07:00:00,167.50275
2011-03-29 08:00:00,314.66302
2011-03-29 09:00:00,154.55653
2011-03-29 10:00:00,91.8054
2011-03-29 11:00:00,79.86927
2011-03-29 12:00:00,123.79989
2011-03-29 13:00:00,125.23282
2011-03-29 14:00:00,112.62938
2011-03-29 15:00:00,133.77412
2011-03-29 16:00:00,206.06104
2011-03-29 17:00:00,437.19717
2011-03-29 18:00:00,398.8175
2011-03-29 19:00:00,240.92726
2011-03-29 20:00:00,178.12184
2011-03-29 21:00:00,108.001785
2011-03-29 22:00:00,87.69434
2011-03-29 23:00:00,42.36814
2011-03-30 00:00:00,15.984816
2011-03-30 01:00:00,6.0470133
2011-03-30 02:00:00,3.165394
2011-03-30 03:00:00,3.0618665
2011-03-30 04:00:00,2.1094043
2011-03-30 05:00:00,21.68822
2011-03-30 06:00:00,71.75313
2011-03-30 07:00:00,202.72792
2011-03-30 08:00:00,380.33136
2011-03-30 09:00:00,175.18068
2011-03-30 10:00:00,94.27585
2011-03-30 11:00:00,88.32538
2011-03-30 12:00:00,115.46392
2011-03-30 13:00:00,114.62317
2011-03-30 14:00:00,96.7408
2011-03-30 15:00:00,25.30653
2011-03-30 16:00:00,23.289772
2011-03-30 17:00:00,102.65217
2011-03-30 18:00:00,186.95445
2011-03-30 19:00:00,149.23605
2011-03-30 20:00:00,35.807026
2011-03-30 21:00:00,64.99096
2011-03-30 22:00:00,19.033922
2011-03-30 23:00:00,15.535049
2011-03-31 00:00:00,8.205844
2011-03-31 01:00:00,6.7576814
2011-03-31 02:00:00,6.486421
2011-03-31 03:00:00,4.0247087
2011-03-31 04:00:00,3.3250163
2011-03-31 05:00:00,5.950422
2011-03-31 06:00:00,24.915667
2011-03-31 07:00:00,49.826942
2011-03-31 08:00:00,244.64189
2011-03-31 09:00:00,53.66938
2011-03-31 10:00:00,19.36849
2011-03-31 11:00:00,19.544386
2011-03-31 12:00:00,31.45644
2011-03-31 13:00:00,27.888168
2011-03-31 14:00:00,19.564856
2011-03-31 15:00:00,19.59069
2011-03-31 16:00:00,66.47014
2011-03-31 17:00:00,237.32974
2011-03-31 18:00:00,227.75783
2011-03-31 19:00:00,180.36072
2011-03-31 20:00:00,31.757328
2011-03-31 21:00:00,62.814476
2011-03-31 22:00:00,21.594501
2011-03-31 23:00:00,20.7425
2011-04-20 00:00:00,19.894543
2011-04-20 01:00:00,3.8779361
2011-04-20 02:00:00,3.6061916
2011-04-20 03:00:00,3.2775092
2011-04-20 04:00:00,2.5445726
2011-04-20 05:00:00,11.283178
2011-04-20 06:00:00,62.535522
2011-04-20 07:00:00,196.55023
2011-04-20 08:00:00,350.5539
2011-04-20 09:00:00,181.1474
2011-04-20 10:00:00,115.268295
2011-04-20 11:00:00,135.0327
2011-04-20 12:00:00,145.38385
2011-04-20 13:00:00,142.48952
2011-04-20 14:00:00,129.23988
2011-04-20 15:00:00,115.65876
2011-04-20 16:00:00,161.50839
2011-04-20 17:00:00,353.26947
2011-04-20 18:00:00,360.84497
2011-04-20 19:00:00,278.35336
2011-04-20 20:00:00,204.88835
2011-04-20 21:00:00,146.4507
2011-04-20 22:00:00,102.78102
2011-04-20 23:00:00,45.99089
2011-04-21 00:00:00,29.67775
2011-04-21 01:00:00,12.228516
2011-04-21 02:00:00,7.4526405
2011-04-21 03:00:00,1.9191517
2011-04-21 04:00:00,1.6435236
2011-04-21 05:00:00,9.15855
2011-04-21 06:00:00,34.09387
2011-04-21 07:00:00,131.11552
2011-04-21 08:00:00,317.54373
2011-04-21 09:00:00,153.77551
2011-04-21 10:00:00,79.59046
2011-04-21 11:00:00,116.49073
2011-04-21 12:00:00,137.92609
2011-04-21 13:00:00,130.56107
2011-04-21 14:00:00,121.61936
2011-04-21 15:00:00,123.49166
2011-04-21 16:00:00,168.08371
2011-04-21 17:00:00,374.00824
2011-04-21 18:00:00,315.63864
2011-04-21 19:00:00,204.9248
2011-04-21 20:00:00,154.99368
2011-04-21 21:00:00,112.086235
2011-04-21 22:00:00,100.76163
2011-04-21 23:00:00,46.35899
2011-04-22 00:00:00,28.558624
2011-04-22 01:00:00,12.03692
2011-04-22 02:00:00,9.8073225
2011-04-22 03:00:00,3.6617033
2011-04-22 04:00:00,2.8088472
2011-04-22 05:00:00,8.046256
2011-04-22 06:00:00,45.816315
2011-04-22 07:00:00,117.229836
2011-04-22 08:00:00,298.37827
2011-04-22 09:00:00,115.08399
2011-04-22 10:00:00,78.21978
2011-04-22 11:00:00,52.172466
2011-04-22 12:00:00,73.9757
2011-04-22 13:00:00,27.770832
2011-04-22 14:00:00,15.583443
2011-04-22 15:00:00,28.027946
2011-04-22 16:00:00,48.242485
2011-04-22 17:00:00,133.91698
2011-04-22 18:00:00,104.73557
2011-04-22 19:00:00,86.16896
2011-04-22 20:00:00,48.346798
2011-04-22 21:00:00,37.954197
2011-04-22 22:00:00,34.0175
2011-04-22 23:00:00,40.783924
2011-04-23 00:00:00,23.701403
2011-04-23 01:00:00,18.223839
2011-04-23 02:00:00,19.919498
2011-04-23 03:00:00,17.20861
2011-04-23 04:00:00,8.737485
2011-04-23 05:00:00,6.8601093
2011-04-23 06:00:00,10.805358
2011-04-23 07:00:00,12.854469
2011-04-23 08:00:00,61.28888
2011-04-23 09:00:00,58.18846
2011-04-23 10:00:00,117.63195
2011-04-23 11:00:00,168.13577
2011-04-23 12:00:00,170.29903
2011-04-23 13:00:00,247.98766
2011-04-23 14:00:00,278.59143
2011-04-23 15:00:00,300.4295
2011-04-23 16:00:00,282.77264
2011-04-23 17:00:00,275.1631
2011-04-23 18:00:00,229.45792
2011-04-23 19:00:00,191.04715
2011-04-23 20:00:00,88.41092
2011-04-23 21:00:00,77.89705
2011-04-23 22:00:00,76.075325
2011-04-23 23:00:00,66.83692
2011-04-24 00:00:00,56.760094
2011-04-24 01:00:00,41.6359
2011-04-24 02:00:00,39.95153
2011-04-24 03:00:00,12.740907
2011-04-24 04:00:00,5.8118343
2011-04-24 05:00:00,3.1379683
2011-04-24 06:00:00,3.7438178
2011-04-24 07:00:00,10.298214
2011-04-24 08:00:00,65.47933
2011-04-24 09:00:00,147.83286
2011-04-24 10:00:00,229.79407
2011-04-24 11:00:00,329.63803
2011-04-24 12:00:00,355.49237
2011-04-24 13:00:00,349.7346
2011-04-24 14:00:00,337.04614
2011-04-24 15:00:00,334.0277
2011-04-24 16:00:00,331.3262
2011-04-24 17:00:00,322.43417
2011-04-24 18:00:00,247.66469
2011-04-24 19:00:00,122.14466
2011-04-24 20:00:00,68.519196
2011-04-24 21:00:00,39.685337
2011-04-24 22:00:00,15.420481
2011-04-24 23:00:00,21.728392
2011-04-25 00:00:00,8.850298
2011-04-25 01:00:00,4.7976675
2011-04-25 02:00:00,4.6480203
2011-04-25 03:00:00,4.7205215
2011-04-25 04:00:00,6.8837743
2011-04-25 05:00:00,9.685074
2011-04-25 06:00:00,56.31235
2011-04-25 07:00:00,132.0671
2011-04-25 08:00:00,324.37808
2011-04-25 09:00:00,174.63582
2011-04-25 10:00:00,109.30535
2011-04-25 11:00:00,135.01701
2011-04-25 12:00:00,154.72363
2011-04-25 13:00:00,164.20572
2011-04-25 14:00:00,132.13522
2011-04-25 15:00:00,146.9169
2011-04-25 16:00:00,215.20229
2011-04-25 17:00:00,412.3946
2011-04-25 18:00:00,381.1232
2011-04-25 19:00:00,295.5075
2011-04-25 20:00:00,208.0133
2011-04-25 21:00:00,147.96439
2011-04-25 22:00:00,98.284386
2011-04-25 23:00:00,53.86199
2011-04-26 00:00:00,34.679188
2011-04-26 01:00:00,18.303026
2011-04-26 02:00:00,12.18181
2011-04-26 03:00:00,4.055946
2011-04-26 04:00:00,4.997083
2011-04-26 05:00:00,19.701385
2011-04-26 06:00:00,61.708523
2011-04-26 07:00:00,202.13512
2011-04-26 08:00:00,368.7989
2011-04-26 09:00:00,192.49036
2011-04-26 10:00:00,112.024185
2011-04-26 11:00:00,145.63937
2011-04-26 12:00:00,149.71727
2011-04-26 13:00:00,153.35289
2011-04-26 14:00:00,129.8633
2011-04-26 15:00:00,137.79895
2011-04-26 16:00:00,224.13287
2011-04-26 17:00:00,456.152
2011-04-26 18:00:00,400.07034
2011-04-26 19:00:00,260.0753
2011-04-26 20:00:00,202.30286
2011-04-26 21:00:00,149.64447
2011-04-26 22:00:00,81.15703
2011-04-26 23:00:00,51.57859
2011-04-27 00:00:00,33.137512
2011-04-27 01:00:00,12.884983
2011-04-27 02:00:00,6.3105783
2011-04-27 03:00:00,2.9146316
2011-04-27 04:00:00,2.9646466
2011-04-27 05:00:00,8.718884
2011-04-27 06:00:00,68.49338
2011-04-27 07:00:00,135.96227
2011-04-27 08:00:00,318.0281
2011-04-27 09:00:00,142.62476
2011-04-27 10:00:00,85.2234
2011-04-27 11:00:00,93.720276
2011-04-27 12:00:00,126.45881
2011-04-27 13:00:00,123.369804
2011-04-27 14:00:00,128.18175
2011-04-27 15:00:00,138.63074
2011-04-27 16:00:00,198.51941
2011-04-27 17:00:00,210.2362
2011-04-27 18:00:00,186.34682
2011-04-27 19:00:00,259.3187
2011-04-27 20:00:00,168.0032
2011-04-27 21:00:00,134.77657
2011-04-27 22:00:00,75.94686
2011-04-27 23:00:00,54.769493
2011-04-28 00:00:00,46.522724
2011-04-28 01:00:00,10.982389
2011-04-28 02:00:00,2.637401
2011-04-28 03:00:00,2.7938516
2011-04-28 04:00:00,1.7743423
2011-04-28 05:00:00,15.733935
2011-04-28 06:00:00,68.0475
2011-04-28 07:00:00,163.36415
2011-04-28 08:00:00,321.67474
2011-04-28 09:00:00,110.66354
2011-04-28 10:00:00,63.883842
2011-04-28 11:00:00,89.797516
2011-04-28 12:00:00,109.912834
2011-04-28 13:00:00,117.87463
2011-04-28 14:00:00,123.093575
2011-04-28 15:00:00,151.65498
2011-04-28 16:00:00,201.56328
2011-04-28 17:00:00,399.2936
2011-04-28 18:00:00,357.8491
2011-04-28 19:00:00,258.4501
2011-04-28 20:00:00,204.29082
2011-04-28 21:00:00,157.71907
2011-04-28 22:00:00,122.74919
2011-04-28 23:00:00,61.001743
2011-04-29 00:00:00,40.915264
2011-04-29 01:00:00,18.765285
2011-04-29 02:00:00,13.787937
2011-04-29 03:00:00,5.452433
2011-04-29 04:00:00,2.334104
2011-04-29 05:00:00,17.035162
2011-04-29 06:00:00,52.03042
2011-04-29 07:00:00,172.45744
2011-04-29 08:00:00,348.2956
2011-04-29 09:00:00,202.3706
2011-04-29 10:00:00,125.91251
2011-04-29 11:00:00,171.13165
2011-04-29 12:00:00,196.41194
2011-04-29 13:00:00,184.0043
2011-04-29 14:00:00,174.729
2011-04-29 15:00:00,173.0395
2011-04-29 16:00:00,213.29314
2011-04-29 17:00:00,302.14914
2011-04-29 18:00:00,302.981
2011-04-29 19:00:00,189.31165
2011-04-29 20:00:00,108.9756
2011-04-29 21:00:00,107.57359
2011-04-29 22:00:00,94.34513
2011-04-29 23:00:00,52.728577
2011-04-30 00:00:00,41.2786
2011-04-30 01:00:00,37.97899
2011-04-30 02:00:00,24.922142
2011-04-30 03:00:00,12.881536
2011-04-30 04:00:00,3.6907227
2011-04-30 05:00:00,0.64435184
2011-04-30 06:00:00,6.894307
2011-04-30 07:00:00,15.592422
2011-04-30 08:00:00,73.74237
2011-04-30 09:00:00,138.10756
2011-04-30 10:00:00,173.63623
2011-04-30 11:00:00,259.2948
2011-04-30 12:00:00,291.38013
2011-04-30 13:00:00,361.74283
2011-04-30 14:00:00,357.61755
2011-04-30 15:00:00,371.8752
2011-04-30 16:00:00,317.05804
2011-04-30 17:00:00,310.7791
2011-04-30 18:00:00,248.65443
2011-04-30 19:00:00,233.22974
2011-04-30 20:00:00,132.33174
2011-04-30 21:00:00,101.61097
2011-04-30 22:00:00,73.12826
2011-04-30 23:00:00,71.97939
2011-05-20 00:00:00,52.845276
2011-05-20 01:00:00,17.240862
2011-05-20 02:00:00,13.261864
2011-05-20 03:00:00,5.7510014
2011-05-20 04:00:00,4.3825045
2011-05-20 05:00:00,20.054047
2011-05-20 06:00:00,112.75679
2011-05-20 07:00:00,300.25674
2011-05-20 08:00:00,436.8259
2011-05-20 09:00:00,266.27725
2011-05-20 10:00:00,189.29247
2011-05-20 11:00:00,189.36479
2011-05-20 12:00:00,257.19955
2011-05-20 13:00:00,267.79486
2011-05-20 14:00:00,249.99895
2011-05-20 15:00:00,248.32803
2011-05-20 16:00:00,340.5824
2011-05-20 17:00:00,528.2831
2011-05-20 18:00:00,511.99725
2011-05-20 19:00:00,382.64505
2011-05-20 20:00:00,247.25972
2011-05-20 21:00:00,185.17323
2011-05-20 22:00:00,188.58054
2011-05-20 23:00:00,150.41241
2011-05-21 00:00:00,110.2922
2011-05-21 01:00:00,80.17392
2011-05-21 02:00:00,53.32911
2011-05-21 03:00:00,23.214329
2011-05-21 04:00:00,7.692259
2011-05-21 05:00:00,16.333302
2011-05-21 06:00:00,15.236305
2011-05-21 07:00:00,53.23793
2011-05-21 08:00:00,138.39732
2011-05-21 09:00:00,198.35724
2011-05-21 10:00:00,286.86154
2011-05-21 11:00:00,379.72147
2011-05-21 12:00:00,378.5321
2011-05-21 13:00:00,405.77737
2011-05-21 14:00:00,373.80518
2011-05-21 15:00:00,430.3251
2011-05-21 16:00:00,355.1305
2011-05-21 17:00:00,360.1981
2011-05-21 18:00:00,309.45486
2011-05-21 19:00:00,319.64612
2011-05-21 20:00:00,231.14464
2011-05-21 21:00:00,203.63948
2011-05-21 22:00:00,193.86897
2011-05-21 23:00:00,158.90892
2011-05-22 00:00:00,98.65567
2011-05-22 01:00:00,62.674683
2011-05-22 02:00:00,58.202496
2011-05-22 03:00:00,27.16163
2011-05-22 04:00:00,12.07556
2011-05-22 05:00:00,12.887504
2011-05-22 06:00:00,13.015494
2011-05-22 07:00:00,42.657597
2011-05-22 08:00:00,104.251236
2011-05-22 09:00:00,161.4583
2011-05-22 10:00:00,292.51837
2011-05-22 11:00:00,361.3198
2011-05-22 12:00:00,352.92776
2011-05-22 13:00:00,402.78964
2011-05-22 14:00:00,324.2805
2011-05-22 15:00:00,356.52185
2011-05-22 16:00:00,410.1558
2011-05-22 17:00:00,422.7353
2011-05-22 18:00:00,317.92255
2011-05-22 19:00:00,337.1457
2011-05-22 20:00:00,264.4499
2011-05-22 21:00:00,178.67178
2011-05-22 22:00:00,128.35298
2011-05-22 23:00:00,72.83172
2011-05-23 00:00:00,39.187138
2011-05-23 01:00:00,30.409071
2011-05-23 02:00:00,14.081594
2011-05-23 03:00:00,4.6187606
2011-05-23 04:00:00,7.1044054
2011-05-23 05:00:00,19.552685
2011-05-23 06:00:00,82.81828
2011-05-23 07:00:00,250.20088
2011-05-23 08:00:00,385.07355
2011-05-23 09:00:00,209.24158
2011-05-23 10:00:00,127.42063
2011-05-23 11:00:00,178.75714
2011-05-23 12:00:00,201.40118
2011-05-23 13:00:00,187.07018
2011-05-23 14:00:00,143.88625
2011-05-23 15:00:00,138.91673
2011-05-23 16:00:00,245.65213
2011-05-23 17:00:00,444.55252
2011-05-23 18:00:00,489.267
2011-05-23 19:00:00,383.51767
2011-05-23 20:00:00,243.02328
2011-05-23 21:00:00,170.08864
2011-05-23 22:00:00,129.41434
2011-05-23 23:00:00,55.849342
2011-05-24 00:00:00,18.746008
2011-05-24 01:00:00,11.885683
2011-05-24 02:00:00,4.930949
2011-05-24 03:00:00,6.884187
2011-05-24 04:00:00,6.4234304
2011-05-24 05:00:00,14.817509
2011-05-24 06:00:00,90.778114
2011-05-24 07:00:00,251.40445
2011-05-24 08:00:00,320.15164
2011-05-24 09:00:00,212.70816
2011-05-24 10:00:00,126.70143
2011-05-24 11:00:00,149.74226
2011-05-24 12:00:00,180.7511
2011-05-24 13:00:00,196.01527
2011-05-24 14:00:00,160.97836
2011-05-24 15:00:00,151.6985
2011-05-24 16:00:00,317.82748
2011-05-24 17:00:00,574.15607
2011-05-24 18:00:00,576.07874
2011-05-24 19:00:00,403.2985
2011-05-24 20:00:00,296.52457
2011-05-24 21:00:00,202.67714
2011-05-24 22:00:00,122.8451
2011-05-24 23:00:00,103.65524
2011-05-25 00:00:00,28.865192
2011-05-25 01:00:00,14.314271
2011-05-25 02:00:00,11.702861
2011-05-25 03:00:00,4.8667464
2011-05-25 04:00:00,4.646333
2011-05-25 05:00:00,27.882267
2011-05-25 06:00:00,110.420845
2011-05-25 07:00:00,339.2116
2011-05-25 08:00:00,453.0803
2011-05-25 09:00:00,187.33598
2011-05-25 10:00:00,109.554756
2011-05-25 11:00:00,123.76652
2011-05-25 12:00:00,180.7676
2011-05-25 13:00:00,174.93102
2011-05-25 14:00:00,146.01768
2011-05-25 15:00:00,154.83902
2011-05-25 16:00:00,265.97403
2011-05-25 17:00:00,523.35785
2011-05-25 18:00:00,503.71686
2011-05-25 19:00:00,397.906
2011-05-25 20:00:00,296.64108
2011-05-25 21:00:00,205.55917
2011-05-25 22:00:00,181.53569
2011-05-25 23:00:00,100.28871
2011-05-26 00:00:00,69.28062
2011-05-26 01:00:00,24.298597
2011-05-26 02:00:00,15.268258
2011-05-26 03:00:00,6.1557345
2011-05-26 04:00:00,9.395387
2011-05-26 05:00:00,21.589548
2011-05-26 06:00:00,104.057915
2011-05-26 07:00:00,264.83826
2011-05-26 08:00:00,441.19476
2011-05-26 09:00:00,207.69688
2011-05-26 10:00:00,135.80986
2011-05-26 11:00:00,171.1631
2011-05-26 12:00:00,201.52643
2011-05-26 13:00:00,193.81595
2011-05-26 14:00:00,163.25595
2011-05-26 15:00:00,159.55563
2011-05-26 16:00:00,261.70953
2011-05-26 17:00:00,496.36646
2011-05-26 18:00:00,454.77454
2011-05-26 19:00:00,366.73926
2011-05-26 20:00:00,305.69342
2011-05-26 21:00:00,234.25656
2011-05-26 22:00:00,178.57397
2011-05-26 23:00:00,125.48954
2011-05-27 00:00:00,95.75744
2011-05-27 01:00:00,39.556026
2011-05-27 02:00:00,25.061403
2011-05-27 03:00:00,10.778839
2011-05-27 04:00:00,6.6406765
2011-05-27 05:00:00,37.01695
2011-05-27 06:00:00,121.04068
2011-05-27 07:00:00,310.6732
2011-05-27 08:00:00,468.45245
2011-05-27 09:00:00,246.16873
2011-05-27 10:00:00,171.67657
2011-05-27 11:00:00,216.89175
2011-05-27 12:00:00,264.14343
2011-05-27 13:00:00,297.49997
2011-05-27 14:00:00,247.59926
2011-05-27 15:00:00,252.94005
2011-05-27 16:00:00,333.21747
2011-05-27 17:00:00,514.2478
2011-05-27 18:00:00,472.8227
2011-05-27 19:00:00,321.61765
2011-05-27 20:00:00,221.59598
2011-05-27 21:00:00,189.76128
2011-05-27 22:00:00,194.58383
2011-05-27 23:00:00,140.90193
2011-05-28 00:00:00,115.0668
2011-05-28 01:00:00,72.081116
2011-05-28 02:00:00,52.040646
2011-05-28 03:00:00,21.393377
2011-05-28 04:00:00,4.053338
2011-05-28 05:00:00,15.473423
2011-05-28 06:00:00,19.744053
2011-05-28 07:00:00,62.55021
2011-05-28 08:00:00,149.4277
2011-05-28 09:00:00,205.54553
2011-05-28 10:00:00,285.29352
2011-05-28 11:00:00,386.5097
2011-05-28 12:00:00,390.76294
2011-05-28 13:00:00,455.08514
2011-05-28 14:00:00,420.05182
2011-05-28 15:00:00,424.63907
2011-05-28 16:00:00,394.80197
2011-05-28 17:00:00,421.48886
2011-05-28 18:00:00,360.18204
2011-05-28 19:00:00,337.4484
2011-05-28 20:00:00,278.02435
2011-05-28 21:00:00,203.69276
2011-05-28 22:00:00,186.24207
2011-05-28 23:00:00,151.62224
2011-05-29 00:00:00,111.183525
2011-05-29 01:00:00,73.00362
2011-05-29 02:00:00,63.76197
2011-05-29 03:00:00,29.25587
2011-05-29 04:00:00,14.434884
2011-05-29 05:00:00,14.641769
2011-05-29 06:00:00,10.110669
2011-05-29 07:00:00,31.09
2011-05-29 08:00:00,85.00624
2011-05-29 09:00:00,119.31944
2011-05-29 10:00:00,228.8814
2011-05-29 11:00:00,257.20956
2011-05-29 12:00:00,342.39166
2011-05-29 13:00:00,421.43088
2011-05-29 14:00:00,370.32028
2011-05-29 15:00:00,366.9991
2011-05-29 16:00:00,407.11282
2011-05-29 17:00:00,418.46237
2011-05-29 18:00:00,321.33487
2011-05-29 19:00:00,334.84308
2011-05-29 20:00:00,266.06903
2011-05-29 21:00:00,196.0484
2011-05-29 22:00:00,135.24469
2011-05-29 23:00:00,92.302925
2011-05-30 00:00:00,84.2988
2011-05-30 01:00:00,46.275352
2011-05-30 02:00:00,37.115967
2011-05-30 03:00:00,14.191195
2011-05-30 04:00:00,9.673884
2011-05-30 05:00:00,14.336797
2011-05-30 06:00:00,44.535156
2011-05-30 07:00:00,98.70254
2011-05-30 08:00:00,167.00487
2011-05-30 09:00:00,175.2224
2011-05-30 10:00:00,218.10274
2011-05-30 11:00:00,261.97345
2011-05-30 12:00:00,314.65332
2011-05-30 13:00:00,328.11337
2011-05-30 14:00:00,281.15982
2011-05-30 15:00:00,283.8466
2011-05-30 16:00:00,364.78714
2011-05-30 17:00:00,467.42603
2011-05-30 18:00:00,439.50397
2011-05-30 19:00:00,345.08075
2011-05-30 20:00:00,280.5414
2011-05-30 21:00:00,213.02652
2011-05-30 22:00:00,195.6033
2011-05-30 23:00:00,84.0181
2011-05-31 00:00:00,50.4564
2011-05-31 01:00:00,15.085953
2011-05-31 02:00:00,5.546173
2011-05-31 03:00:00,7.634755
2011-05-31 04:00:00,7.7888446
2011-05-31 05:00:00,22.301558
2011-05-31 06:00:00,116.896454
2011-05-31 07:00:00,305.42142
2011-05-31 08:00:00,380.1805
2011-05-31 09:00:00,161.58151
2011-05-31 10:00:00,108.434044
2011-05-31 11:00:00,127.68122
2011-05-31 12:00:00,177.21172
2011-05-31 13:00:00,177.68553
2011-05-31 14:00:00,149.36511
2011-05-31 15:00:00,146.15146
2011-05-31 16:00:00,289.90295
2011-05-31 17:00:00,534.78424
2011-05-31 18:00:00,510.4439
2011-05-31 19:00:00,392.1237
2011-05-31 20:00:00,297.4875
2011-05-31 21:00:00,206.69083
2011-05-31 22:00:00,168.11237
2011-05-31 23:00:00,94.77163
2011-06-20 00:00:00,37.195747
2011-06-20 01:00:00,13.646788
2011-06-20 02:00:00,10.385102
2011-06-20 03:00:00,3.6799564
2011-06-20 04:00:00,8.453
2011-06-20 05:00:00,26.641253
2011-06-20 06:00:00,89.14396
2011-06-20 07:00:00,161.15639
2011-06-20 08:00:00,303.88254
2011-06-20 09:00:00,209.16869
2011-06-20 10:00:00,107.97756
2011-06-20 11:00:00,105.91404
2011-06-20 12:00:00,183.6958
2011-06-20 13:00:00,192.20926
2011-06-20 14:00:00,187.98404
2011-06-20 15:00:00,186.34125
2011-06-20 16:00:00,276.746
2011-06-20 17:00:00,562.33014
2011-06-20 18:00:00,549.3396
2011-06-20 19:00:00,404.8954
2011-06-20 20:00:00,306.74777
2011-06-20 21:00:00,210.23618
2011-06-20 22:00:00,140.60667
2011-06-20 23:00:00,76.16755
2011-06-21 00:00:00,28.22197
2011-06-21 01:00:00,5.945808
2011-06-21 02:00:00,6.044298
2011-06-21 03:00:00,2.4340258
2011-06-21 04:00:00,6.8610983
2011-06-21 05:00:00,21.711695
2011-06-21 06:00:00,113.05157
2011-06-21 07:00:00,268.83713
2011-06-21 08:00:00,417.5509
2011-06-21 09:00:00,169.35129
2011-06-21 10:00:00,101.14357
2011-06-21 11:00:00,103.72977
2011-06-21 12:00:00,145.35233
2011-06-21 13:00:00,161.26204
2011-06-21 14:00:00,137.81728
2011-06-21 15:00:00,139.32785
2011-06-21 16:00:00,257.96536
2011-06-21 17:00:00,529.51385
2011-06-21 18:00:00,450.69757
2011-06-21 19:00:00,329.83228
2011-06-21 20:00:00,239.87689
2011-06-21 21:00:00,198.05554
2011-06-21 22:00:00,147.79759
2011-06-21 23:00:00,83.03189
2011-06-22 00:00:00,35.919525
2011-06-22 01:00:00,12.065039
2011-06-22 02:00:00,4.0618253
2011-06-22 03:00:00,7.10773
2011-06-22 04:00:00,8.121426
2011-06-22 05:00:00,33.07886
2011-06-22 06:00:00,118.786545
2011-06-22 07:00:00,336.6441
2011-06-22 08:00:00,446.04422
2011-06-22 09:00:00,209.53044
2011-06-22 10:00:00,120.1394
2011-06-22 11:00:00,133.88132
2011-06-22 12:00:00,147.80267
2011-06-22 13:00:00,137.73503
2011-06-22 14:00:00,132.93767
2011-06-22 15:00:00,147.76976
2011-06-22 16:00:00,215.52112
2011-06-22 17:00:00,479.91776
2011-06-22 18:00:00,457.25613
2011-06-22 19:00:00,396.48694
2011-06-22 20:00:00,294.15665
2011-06-22 21:00:00,218.31944
2011-06-22 22:00:00,136.97667
2011-06-22 23:00:00,65.25981
2011-06-23 00:00:00,45.122005
2011-06-23 01:00:00,18.638372
2011-06-23 02:00:00,5.3096495
2011-06-23 03:00:00,5.114974
2011-06-23 04:00:00,4.8316917
2011-06-23 05:00:00,27.297186
2011-06-23 06:00:00,114.60193
2011-06-23 07:00:00,305.1042
2011-06-23 08:00:00,431.0611
2011-06-23 09:00:00,193.74857
2011-06-23 10:00:00,100.584
2011-06-23 11:00:00,100.13564
2011-06-23 12:00:00,156.22562
2011-06-23 13:00:00,158.08534
2011-06-23 14:00:00,114.87914
2011-06-23 15:00:00,147.01845
2011-06-23 16:00:00,237.03267
2011-06-23 17:00:00,433.16367
2011-06-23 18:00:00,447.9531
2011-06-23 19:00:00,334.47446
2011-06-23 20:00:00,262.35898
2011-06-23 21:00:00,201.63748
2011-06-23 22:00:00,147.07654
2011-06-23 23:00:00,113.60569
2011-06-24 00:00:00,59.523586
2011-06-24 01:00:00,23.059607
2011-06-24 02:00:00,13.777262
2011-06-24 03:00:00,9.82257
2011-06-24 04:00:00,7.8861065
2011-06-24 05:00:00,23.95711
2011-06-24 06:00:00,92.51789
2011-06-24 07:00:00,257.87347
2011-06-24 08:00:00,467.52283
2011-06-24 09:00:00,215.70627
2011-06-24 10:00:00,140.97804
2011-06-24 11:00:00,189.1746
2011-06-24 12:00:00,206.45447
2011-06-24 13:00:00,218.72446
2011-06-24 14:00:00,201.90967
2011-06-24 15:00:00,221.25223
2011-06-24 16:00:00,335.93652
2011-06-24 17:00:00,530.1256
2011-06-24 18:00:00,468.82523
2011-06-24 19:00:00,370.2666
2011-06-24 20:00:00,270.08304
2011-06-24 21:00:00,184.31134
2011-06-24 22:00:00,184.3485
2011-06-24 23:00:00,132.41293
2011-06-25 00:00:00,101.490944
2011-06-25 01:00:00,69.9345
2011-06-25 02:00:00,54.56011
2011-06-25 03:00:00,27.871937
2011-06-25 04:00:00,7.6290617
2011-06-25 05:00:00,11.321043
2011-06-25 06:00:00,23.550896
2011-06-25 07:00:00,48.11577
2011-06-25 08:00:00,106.74766
2011-06-25 09:00:00,193.61002
2011-06-25 10:00:00,283.35764
2011-06-25 11:00:00,338.75558
2011-06-25 12:00:00,350.05487
2011-06-25 13:00:00,390.51114
2011-06-25 14:00:00,389.52982
2011-06-25 15:00:00,372.4158
2011-06-25 16:00:00,392.3508
2011-06-25 17:00:00,372.75034
2011-06-25 18:00:00,325.2203
2011-06-25 19:00:00,319.4597
2011-06-25 20:00:00,257.49927
2011-06-25 21:00:00,205.77861
2011-06-25 22:00:00,172.56331
2011-06-25 23:00:00,93.6845
2011-06-26 00:00:00,107.008446
2011-06-26 01:00:00,85.777405
2011-06-26 02:00:00,69.899826
2011-06-26 03:00:00,46.469776
2011-06-26 04:00:00,13.597329
2011-06-26 05:00:00,15.029106
2011-06-26 06:00:00,17.819223
2011-06-26 07:00:00,47.700897
2011-06-26 08:00:00,91.417885
2011-06-26 09:00:00,151.67662
2011-06-26 10:00:00,268.10962
2011-06-26 11:00:00,355.64987
2011-06-26 12:00:00,368.4403
2011-06-26 13:00:00,318.91434
2011-06-26 14:00:00,356.07135
2011-06-26 15:00:00,356.82852
2011-06-26 16:00:00,394.04382
2011-06-26 17:00:00,355.62323
2011-06-26 18:00:00,324.24875
2011-06-26 19:00:00,318.80612
2011-06-26 20:00:00,257.711
2011-06-26 21:00:00,169.18733
2011-06-26 22:00:00,128.43419
2011-06-26 23:00:00,79.11533
2011-06-27 00:00:00,23.591288
2011-06-27 01:00:00,6.908284
2011-06-27 02:00:00,8.784116
2011-06-27 03:00:00,3.2669272
2011-06-27 04:00:00,7.8822527
2011-06-27 05:00:00,20.285702
2011-06-27 06:00:00,91.36985
2011-06-27 07:00:00,287.50003
2011-06-27 08:00:00,457.34033
2011-06-27 09:00:00,188.5829
2011-06-27 10:00:00,107.990906
2011-06-27 11:00:00,136.00905
2011-06-27 12:00:00,194.36617
2011-06-27 13:00:00,159.94038
2011-06-27 14:00:00,149.3125
2011-06-27 15:00:00,167.04372
2011-06-27 16:00:00,247.18954
2011-06-27 17:00:00,546.8755
2011-06-27 18:00:00,520.188
2011-06-27 19:00:00,429.70108
2011-06-27 20:00:00,302.3201
2011-06-27 21:00:00,189.98116
2011-06-27 22:00:00,144.44757
2011-06-27 23:00:00,70.819855
2011-06-28 00:00:00,17.506145
2011-06-28 01:00:00,8.937459
2011-06-28 02:00:00,2.5045779
2011-06-28 03:00:00,3.2164025
2011-06-28 04:00:00,6.2098336
2011-06-28 05:00:00,23.959991
2011-06-28 06:00:00,111.61743
2011-06-28 07:00:00,332.74396
2011-06-28 08:00:00,443.66162
2011-06-28 09:00:00,163.75781
2011-06-28 10:00:00,94.03117
2011-06-28 11:00:00,112.198296
2011-06-28 12:00:00,159.13487
2011-06-28 13:00:00,160.47902
2011-06-28 14:00:00,120.78243
2011-06-28 15:00:00,145.43806
2011-06-28 16:00:00,262.2268
2011-06-28 17:00:00,416.31326
2011-06-28 18:00:00,405.52356
2011-06-28 19:00:00,339.80753
2011-06-28 20:00:00,308.8639
2011-06-28 21:00:00,202.49986
2011-06-28 22:00:00,141.28114
2011-06-28 23:00:00,79.14603
2011-06-29 00:00:00,22.752432
2011-06-29 01:00:00,13.149266
2011-06-29 02:00:00,9.181089
2011-06-29 03:00:00,4.976538
2011-06-29 04:00:00,7.9118595
2011-06-29 05:00:00,38.175728
2011-06-29 06:00:00,143.02637
2011-06-29 07:00:00,351.8887
2011-06-29 08:00:00,463.44614
2011-06-29 09:00:00,211.60088
2011-06-29 10:00:00,124.80855
2011-06-29 11:00:00,140.05188
2011-06-29 12:00:00,174.61087
2011-06-29 13:00:00,157.49408
2011-06-29 14:00:00,150.63615
2011-06-29 15:00:00,159.36107
2011-06-29 16:00:00,275.15134
2011-06-29 17:00:00,552.69415
2011-06-29 18:00:00,534.6725
2011-06-29 19:00:00,425.07916
2011-06-29 20:00:00,324.66492
2011-06-29 21:00:00,227.54001
2011-06-29 22:00:00,158.15576
2011-06-29 23:00:00,84.81749
2011-06-30 00:00:00,44.118507
2011-06-30 01:00:00,19.075089
2011-06-30 02:00:00,6.494683
2011-06-30 03:00:00,8.122865
2011-06-30 04:00:00,5.646655
2011-06-30 05:00:00,30.094738
2011-06-30 06:00:00,120.2681
2011-06-30 07:00:00,386.1135
2011-06-30 08:00:00,460.3085
2011-06-30 09:00:00,193.46501
2011-06-30 10:00:00,115.54072
2011-06-30 11:00:00,133.89423
2011-06-30 12:00:00,160.0053
2011-06-30 13:00:00,161.11748
2011-06-30 14:00:00,138.9479
2011-06-30 15:00:00,159.75598
2011-06-30 16:00:00,259.8465
2011-06-30 17:00:00,506.4514
2011-06-30 18:00:00,487.28488
2011-06-30 19:00:00,385.50616
2011-06-30 20:00:00,296.1976
2011-06-30 21:00:00,206.62582
2011-06-30 22:00:00,160.69688
2011-06-30 23:00:00,102.7626
2011-07-20 00:00:00,37.57231
2011-07-20 01:00:00,11.9487095
2011-07-20 02:00:00,3.482746
2011-07-20 03:00:00,3.853233
2011-07-20 04:00:00,5.514418
2011-07-20 05:00:00,32.869614
2011-07-20 06:00:00,105.61386
2011-07-20 07:00:00,268.0644
2011-07-20 08:00:00,408.40762
2011-07-20 09:00:00,202.61931
2011-07-20 10:00:00,103.35002
2011-07-20 11:00:00,142.61584
2011-07-20 12:00:00,143.39165
2011-07-20 13:00:00,161.29242
2011-07-20 14:00:00,139.22244
2011-07-20 15:00:00,150.64511
2011-07-20 16:00:00,213.6591
2011-07-20 17:00:00,474.39655
2011-07-20 18:00:00,473.233
2011-07-20 19:00:00,382.4456
2011-07-20 20:00:00,287.49313
2011-07-20 21:00:00,224.3367
2011-07-20 22:00:00,160.7986
2011-07-20 23:00:00,92.1788
2011-07-21 00:00:00,47.025024
2011-07-21 01:00:00,13.695623
2011-07-21 02:00:00,4.8262296
2011-07-21 03:00:00,5.1497564
2011-07-21 04:00:00,6.039377
2011-07-21 05:00:00,20.620785
2011-07-21 06:00:00,107.19577
2011-07-21 07:00:00,301.49918
2011-07-21 08:00:00,387.81042
2011-07-21 09:00:00,197.63147
2011-07-21 10:00:00,104.28723
2011-07-21 11:00:00,141.79042
2011-07-21 12:00:00,152.63275
2011-07-21 13:00:00,155.88005
2011-07-21 14:00:00,143.80019
2011-07-21 15:00:00,135.57889
2011-07-21 16:00:00,233.31396
2011-07-21 17:00:00,426.26044
2011-07-21 18:00:00,453.1612
2011-07-21 19:00:00,325.55875
2011-07-21 20:00:00,250.0812
2011-07-21 21:00:00,208.69548
2011-07-21 22:00:00,164.86752
2011-07-21 23:00:00,96.12936
2011-07-22 00:00:00,72.9896
2011-07-22 01:00:00,38.986298
2011-07-22 02:00:00,25.534494
2011-07-22 03:00:00,7.7985077
2011-07-22 04:00:00,7.86257
2011-07-22 05:00:00,24.69113
2011-07-22 06:00:00,104.58249
2011-07-22 07:00:00,268.01572
2011-07-22 08:00:00,386.8973
2011-07-22 09:00:00,193.8935
2011-07-22 10:00:00,127.795586
2011-07-22 11:00:00,161.42368
2011-07-22 12:00:00,193.22803
2011-07-22 13:00:00,189.55118
2011-07-22 14:00:00,184.71248
2011-07-22 15:00:00,184.03355
2011-07-22 16:00:00,250.39984
2011-07-22 17:00:00,466.60052
2011-07-22 18:00:00,451.01898
2011-07-22 19:00:00,406.24442
2011-07-22 20:00:00,268.259
2011-07-22 21:00:00,207.57898
2011-07-22 22:00:00,179.4585
2011-07-22 23:00:00,132.60521
2011-07-23 00:00:00,114.97812
2011-07-23 01:00:00,79.56206
2011-07-23 02:00:00,57.379845
2011-07-23 03:00:00,28.242249
2011-07-23 04:00:00,11.6984005
2011-07-23 05:00:00,15.128174
2011-07-23 06:00:00,30.979593
2011-07-23 07:00:00,62.9649
2011-07-23 08:00:00,132.37732
2011-07-23 09:00:00,196.96642
2011-07-23 10:00:00,270.46643
2011-07-23 11:00:00,355.35037
2011-07-23 12:00:00,341.69107
2011-07-23 13:00:00,358.1078
2011-07-23 14:00:00,332.95145
2011-07-23 15:00:00,337.68298
2011-07-23 16:00:00,358.76617
2011-07-23 17:00:00,350.69754
2011-07-23 18:00:00,326.1122
2011-07-23 19:00:00,336.5569
2011-07-23 20:00:00,284.57452
2011-07-23 21:00:00,235.1552
2011-07-23 22:00:00,195.5822
2011-07-23 23:00:00,140.23087
2011-07-24 00:00:00,117.74215
2011-07-24 01:00:00,78.47564
2011-07-24 02:00:00,64.97973
2011-07-24 03:00:00,24.048595
2011-07-24 04:00:00,5.742129
2011-07-24 05:00:00,10.973131
2011-07-24 06:00:00,16.913649
2011-07-24 07:00:00,52.337605
2011-07-24 08:00:00,104.70103
2011-07-24 09:00:00,170.79419
2011-07-24 10:00:00,263.05887
2011-07-24 11:00:00,349.2961
2011-07-24 12:00:00,354.06592
2011-07-24 13:00:00,371.02338
2011-07-24 14:00:00,339.152
2011-07-24 15:00:00,349.90836
2011-07-24 16:00:00,367.64557
2011-07-24 17:00:00,350.75354
2011-07-24 18:00:00,342.17957
2011-07-24 19:00:00,326.7323
2011-07-24 20:00:00,268.72354
2011-07-24 21:00:00,208.96423
2011-07-24 22:00:00,144.14613
2011-07-24 23:00:00,97.64537
2011-07-25 00:00:00,44.38167
2011-07-25 01:00:00,12.842304
2011-07-25 02:00:00,10.36031
2011-07-25 03:00:00,5.866303
2011-07-25 04:00:00,5.195085
2011-07-25 05:00:00,19.548685
2011-07-25 06:00:00,80.57414
2011-07-25 07:00:00,248.38821
2011-07-25 08:00:00,339.4889
2011-07-25 09:00:00,169.3398
2011-07-25 10:00:00,96.3117
2011-07-25 11:00:00,136.2306
2011-07-25 12:00:00,168.97672
2011-07-25 13:00:00,153.63103
2011-07-25 14:00:00,134.32193
2011-07-25 15:00:00,136.15384
2011-07-25 16:00:00,224.28932
2011-07-25 17:00:00,454.13107
2011-07-25 18:00:00,501.89297
2011-07-25 19:00:00,416.03677
2011-07-25 20:00:00,302.896
2011-07-25 21:00:00,215.02684
2011-07-25 22:00:00,137.30125
2011-07-25 23:00:00,77.40979
2011-07-26 00:00:00,48.77932
2011-07-26 01:00:00,16.80272
2011-07-26 02:00:00,10.842808
2011-07-26 03:00:00,5.087753
2011-07-26 04:00:00,5.340002
2011-07-26 05:00:00,23.815317
2011-07-26 06:00:00,127.65741
2011-07-26 07:00:00,311.68494
2011-07-26 08:00:00,417.2683
2011-07-26 09:00:00,197.65868
2011-07-26 10:00:00,108.67244
2011-07-26 11:00:00,142.31598
2011-07-26 12:00:00,189.55858
2011-07-26 13:00:00,167.11012
2011-07-26 14:00:00,158.82578
2011-07-26 15:00:00,156.40779
2011-07-26 16:00:00,268.72598
2011-07-26 17:00:00,505.593
2011-07-26 18:00:00,508.7435
2011-07-26 19:00:00,394.1835
2011-07-26 20:00:00,308.21494
2011-07-26 21:00:00,228.4804
2011-07-26 22:00:00,158.62903
2011-07-26 23:00:00,78.73703
2011-07-27 00:00:00,44.610497
2011-07-27 01:00:00,12.336306
2011-07-27 02:00:00,6.4491835
2011-07-27 03:00:00,4.66836
2011-07-27 04:00:00,3.8566024
2011-07-27 05:00:00,29.58873
2011-07-27 06:00:00,119.11136
2011-07-27 07:00:00,291.3627
2011-07-27 08:00:00,426.22784
2011-07-27 09:00:00,203.7255
2011-07-27 10:00:00,125.97749
2011-07-27 11:00:00,155.19254
2011-07-27 12:00:00,180.46196
2011-07-27 13:00:00,180.90584
2011-07-27 14:00:00,157.85593
2011-07-27 15:00:00,180.39908
2011-07-27 16:00:00,262.11435
2011-07-27 17:00:00,514.7009
2011-07-27 18:00:00,508.78397
2011-07-27 19:00:00,402.098
2011-07-27 20:00:00,328.25806
2011-07-27 21:00:00,236.98886
2011-07-27 22:00:00,168.5525
2011-07-27 23:00:00,79.72885
2011-07-28 00:00:00,49.232304
2011-07-28 01:00:00,24.975794
2011-07-28 02:00:00,12.602665
2011-07-28 03:00:00,9.255972
2011-07-28 04:00:00,6.188493
2011-07-28 05:00:00,30.250305
2011-07-28 06:00:00,116.89158
2011-07-28 07:00:00,319.86942
2011-07-28 08:00:00,416.6067
2011-07-28 09:00:00,197.81325
2011-07-28 10:00:00,110.56414
2011-07-28 11:00:00,146.35722
2011-07-28 12:00:00,163.40572
2011-07-28 13:00:00,170.49149
2011-07-28 14:00:00,161.85893
2011-07-28 15:00:00,144.69666
2011-07-28 16:00:00,238.53001
2011-07-28 17:00:00,450.82794
2011-07-28 18:00:00,463.36023
2011-07-28 19:00:00,355.41162
2011-07-28 20:00:00,271.3512
2011-07-28 21:00:00,233.77328
2011-07-28 22:00:00,173.37315
2011-07-28 23:00:00,109.39045
2011-07-29 00:00:00,78.64774
2011-07-29 01:00:00,31.005428
2011-07-29 02:00:00,21.968782
2011-07-29 03:00:00,8.331816
2011-07-29 04:00:00,7.31569
2011-07-29 05:00:00,22.333054
2011-07-29 06:00:00,85.11177
2011-07-29 07:00:00,272.0053
2011-07-29 08:00:00,406.98172
2011-07-29 09:00:00,204.1896
2011-07-29 10:00:00,138.04536
2011-07-29 11:00:00,174.90034
2011-07-29 12:00:00,209.50575
2011-07-29 13:00:00,216.7845
2011-07-29 14:00:00,205.02965
2011-07-29 15:00:00,204.48293
2011-07-29 16:00:00,310.68896
2011-07-29 17:00:00,465.80283
2011-07-29 18:00:00,439.48242
2011-07-29 19:00:00,349.22418
2011-07-29 20:00:00,256.71164
2011-07-29 21:00:00,217.92664
2011-07-29 22:00:00,183.20706
2011-07-29 23:00:00,133.41359
2011-07-30 00:00:00,129.9691
2011-07-30 01:00:00,83.35155
2011-07-30 02:00:00,66.72162
2011-07-30 03:00:00,33.664146
2011-07-30 04:00:00,11.586505
2011-07-30 05:00:00,16.871925
2011-07-30 06:00:00,37.25321
2011-07-30 07:00:00,63.988037
2011-07-30 08:00:00,137.38878
2011-07-30 09:00:00,207.03749
2011-07-30 10:00:00,273.02502
2011-07-30 11:00:00,363.5178
2011-07-30 12:00:00,369.03253
2011-07-30 13:00:00,347.13998
2011-07-30 14:00:00,332.83963
2011-07-30 15:00:00,363.52695
2011-07-30 16:00:00,370.13766
2011-07-30 17:00:00,343.9151
2011-07-30 18:00:00,318.9726
2011-07-30 19:00:00,320.5365
2011-07-30 20:00:00,272.84238
2011-07-30 21:00:00,224.01192
2011-07-30 22:00:00,196.09274
2011-07-30 23:00:00,142.43356
2011-07-31 00:00:00,119.43889
2011-07-31 01:00:00,85.31565
2011-07-31 02:00:00,71.599434
2011-07-31 03:00:00,26.394796
2011-07-31 04:00:00,6.385572
2011-07-31 05:00:00,12.522155
2011-07-31 06:00:00,20.41344
2011-07-31 07:00:00,49.027153
2011-07-31 08:00:00,110.09405
2011-07-31 09:00:00,157.59268
2011-07-31 10:00:00,262.32632
2011-07-31 11:00:00,334.38748
2011-07-31 12:00:00,375.39804
2011-07-31 13:00:00,358.7138
2011-07-31 14:00:00,353.10974
2011-07-31 15:00:00,351.0622
2011-07-31 16:00:00,367.5021
2011-07-31 17:00:00,352.32785
2011-07-31 18:00:00,340.86426
2011-07-31 19:00:00,315.9484
2011-07-31 20:00:00,269.72684
2011-07-31 21:00:00,218.06729
2011-07-31 22:00:00,148.54439
2011-07-31 23:00:00,93.98981
2011-08-20 00:00:00,78.81673
2011-08-20 01:00:00,60.279373
2011-08-20 02:00:00,53.282097
2011-08-20 03:00:00,20.93234
2011-08-20 04:00:00,8.602301
2011-08-20 05:00:00,5.6540704
2011-08-20 06:00:00,11.562976
2011-08-20 07:00:00,37.40664
2011-08-20 08:00:00,110.28733
2011-08-20 09:00:00,156.00624
2011-08-20 10:00:00,267.09274
2011-08-20 11:00:00,341.87155
2011-08-20 12:00:00,361.96
2011-08-20 13:00:00,387.42123
2011-08-20 14:00:00,377.9412
2011-08-20 15:00:00,374.5052
2011-08-20 16:00:00,381.47125
2011-08-20 17:00:00,382.47162
2011-08-20 18:00:00,351.51297
2011-08-20 19:00:00,330.9189
2011-08-20 20:00:00,290.35953
2011-08-20 21:00:00,240.38339
2011-08-20 22:00:00,161.16489
2011-08-20 23:00:00,142.08762
2011-08-21 00:00:00,122.24829
2011-08-21 01:00:00,78.49662
2011-08-21 02:00:00,61.482662
2011-08-21 03:00:00,26.625465
2011-08-21 04:00:00,4.358742
2011-08-21 05:00:00,3.3692746
2011-08-21 06:00:00,7.4015975
2011-08-21 07:00:00,30.350193
2011-08-21 08:00:00,72.67269
2011-08-21 09:00:00,155.57762
2011-08-21 10:00:00,250.62012
2011-08-21 11:00:00,331.84833
2011-08-21 12:00:00,349.4767
2011-08-21 13:00:00,379.9599
2011-08-21 14:00:00,227.1659
2011-08-21 15:00:00,279.34595
2011-08-21 16:00:00,337.54666
2011-08-21 17:00:00,284.73474
2011-08-21 18:00:00,256.8927
2011-08-21 19:00:00,266.02197
2011-08-21 20:00:00,200.46202
2011-08-21 21:00:00,164.23961
2011-08-21 22:00:00,94.35657
2011-08-21 23:00:00,72.82991
2011-08-22 00:00:00,39.4532
2011-08-22 01:00:00,15.868104
2011-08-22 02:00:00,11.539122
2011-08-22 03:00:00,5.7473254
2011-08-22 04:00:00,8.035339
2011-08-22 05:00:00,32.194904
2011-08-22 06:00:00,110.908806
2011-08-22 07:00:00,278.85455
2011-08-22 08:00:00,441.1802
2011-08-22 09:00:00,199.41296
2011-08-22 10:00:00,127.640755
2011-08-22 11:00:00,152.84654
2011-08-22 12:00:00,185.37114
2011-08-22 13:00:00,158.74176
2011-08-22 14:00:00,160.15698
2011-08-22 15:00:00,169.6134
2011-08-22 16:00:00,267.36053
2011-08-22 17:00:00,558.67194
2011-08-22 18:00:00,541.93524
2011-08-22 19:00:00,421.7884
2011-08-22 20:00:00,308.15558
2011-08-22 21:00:00,199.76566
2011-08-22 22:00:00,144.0273
2011-08-22 23:00:00,77.02486
2011-08-23 00:00:00,29.50542
2011-08-23 01:00:00,14.014533
2011-08-23 02:00:00,7.168744
2011-08-23 03:00:00,5.4170175
2011-08-23 04:00:00,5.5564013
2011-08-23 05:00:00,23.65919
2011-08-23 06:00:00,103.193054
2011-08-23 07:00:00,319.0864
2011-08-23 08:00:00,405.87302
2011-08-23 09:00:00,198.90636
2011-08-23 10:00:00,124.70508
2011-08-23 11:00:00,132.72052
2011-08-23 12:00:00,185.10846
2011-08-23 13:00:00,188.14198
2011-08-23 14:00:00,149.93094
2011-08-23 15:00:00,173.66913
2011-08-23 16:00:00,298.78088
2011-08-23 17:00:00,589.3041
2011-08-23 18:00:00,550.0466
2011-08-23 19:00:00,413.37567
2011-08-23 20:00:00,311.03485
2011-08-23 21:00:00,193.88559
2011-08-23 22:00:00,148.64989
2011-08-23 23:00:00,111.91278
2011-08-24 00:00:00,33.935257
2011-08-24 01:00:00,15.769506
2011-08-24 02:00:00,9.950682
2011-08-24 03:00:00,7.7938557
2011-08-24 04:00:00,6.507333
2011-08-24 05:00:00,34.531704
2011-08-24 06:00:00,99.14902
2011-08-24 07:00:00,326.7871
2011-08-24 08:00:00,481.57535
2011-08-24 09:00:00,245.68921
2011-08-24 10:00:00,145.20297
2011-08-24 11:00:00,166.94626
2011-08-24 12:00:00,192.70401
2011-08-24 13:00:00,177.7145
2011-08-24 14:00:00,177.74576
2011-08-24 15:00:00,178.518
2011-08-24 16:00:00,272.91327
2011-08-24 17:00:00,565.76685
2011-08-24 18:00:00,536.3217
2011-08-24 19:00:00,410.44022
2011-08-24 20:00:00,327.3239
2011-08-24 21:00:00,237.78067
2011-08-24 22:00:00,178.64182
2011-08-24 23:00:00,112.92246
2011-08-25 00:00:00,49.63082
2011-08-25 01:00:00,30.169622
2011-08-25 02:00:00,9.263805
2011-08-25 03:00:00,7.178941
2011-08-25 04:00:00,5.5792093
2011-08-25 05:00:00,34.34759
2011-08-25 06:00:00,100.581535
2011-08-25 07:00:00,295.69992
2011-08-25 08:00:00,416.9241
2011-08-25 09:00:00,213.50662
2011-08-25 10:00:00,115.67523
2011-08-25 11:00:00,65.6908
2011-08-25 12:00:00,108.24053
2011-08-25 13:00:00,164.90364
2011-08-25 14:00:00,106.257935
2011-08-25 15:00:00,120.21937
2011-08-25 16:00:00,209.71072
2011-08-25 17:00:00,415.422
2011-08-25 18:00:00,391.1075
2011-08-25 19:00:00,262.93057
2011-08-25 20:00:00,233.58102
2011-08-25 21:00:00,184.25778
2011-08-25 22:00:00,138.13202
2011-08-25 23:00:00,82.18502
2011-08-26 00:00:00,50.455486
2011-08-26 01:00:00,20.975649
2011-08-26 02:00:00,12.1890545
2011-08-26 03:00:00,4.5882196
2011-08-26 04:00:00,6.2682166
2011-08-26 05:00:00,9.108283
2011-08-26 06:00:00,79.41134
2011-08-26 07:00:00,252.15901
2011-08-26 08:00:00,398.30368
2011-08-26 09:00:00,237.35858
2011-08-26 10:00:00,154.64883
2011-08-26 11:00:00,147.19376
2011-08-26 12:00:00,207.32301
2011-08-26 13:00:00,217.94469
2011-08-26 14:00:00,197.94989
2011-08-26 15:00:00,191.45978
2011-08-26 16:00:00,281.99124
2011-08-26 17:00:00,461.12836
2011-08-26 18:00:00,394.23434
2011-08-26 19:00:00,290.92664
2011-08-26 20:00:00,211.41402
2011-08-26 21:00:00,183.4749
2011-08-26 22:00:00,190.08128
2011-08-26 23:00:00,122.33772
2011-08-27 00:00:00,108.03468
2011-08-27 01:00:00,67.182785
2011-08-27 02:00:00,60.032345
2011-08-27 03:00:00,29.264143
2011-08-27 04:00:00,10.009202
2011-08-27 05:00:00,11.137436
2011-08-27 06:00:00,25.632895
2011-08-27 07:00:00,37.349064
2011-08-27 08:00:00,107.481834
2011-08-27 09:00:00,178.97516
2011-08-27 10:00:00,221.08781
2011-08-27 11:00:00,182.73631
2011-08-27 12:00:00,206.98415
2011-08-27 13:00:00,234.70372
2011-08-27 14:00:00,167.17426
2011-08-27 15:00:00,166.06732
2011-08-27 16:00:00,168.68288
2011-08-27 17:00:00,115.43789
2011-08-28 07:00:00,8.668532
2011-08-28 08:00:00,25.326223
2011-08-28 09:00:00,148.59125
2011-08-28 10:00:00,213.88237
2011-08-28 11:00:00,359.73007
2011-08-28 12:00:00,384.7078
2011-08-28 13:00:00,382.11996
2011-08-28 14:00:00,358.8028
2011-08-28 15:00:00,361.16904
2011-08-28 16:00:00,387.75095
2011-08-28 17:00:00,388.987
2011-08-28 18:00:00,326.6011
2011-08-28 19:00:00,304.3694
2011-08-28 20:00:00,251.3753
2011-08-28 21:00:00,172.02516
2011-08-28 22:00:00,119.68516
2011-08-28 23:00:00,60.444733
2011-08-29 00:00:00,33.475758
2011-08-29 01:00:00,17.105888
2011-08-29 02:00:00,16.384998
2011-08-29 03:00:00,8.640171
2011-08-29 04:00:00,7.9130516
2011-08-29 05:00:00,27.871405
2011-08-29 06:00:00,92.48544
2011-08-29 07:00:00,280.36923
2011-08-29 08:00:00,426.14468
2011-08-29 09:00:00,201.30766
2011-08-29 10:00:00,125.09236
2011-08-29 11:00:00,156.61899
2011-08-29 12:00:00,191.28543
2011-08-29 13:00:00,181.40077
2011-08-29 14:00:00,159.89276
2011-08-29 15:00:00,178.85432
2011-08-29 16:00:00,272.74942
2011-08-29 17:00:00,556.1424
2011-08-29 18:00:00,558.55084
2011-08-29 19:00:00,425.25925
2011-08-29 20:00:00,314.35104
2011-08-29 21:00:00,203.28923
2011-08-29 22:00:00,137.55492
2011-08-29 23:00:00,77.79376
2011-08-30 00:00:00,28.459108
2011-08-30 01:00:00,12.157559
2011-08-30 02:00:00,5.794403
2011-08-30 03:00:00,6.639598
2011-08-30 04:00:00,6.6400123
2011-08-30 05:00:00,20.605892
2011-08-30 06:00:00,91.63794
2011-08-30 07:00:00,326.64008
2011-08-30 08:00:00,465.19644
2011-08-30 09:00:00,216.09773
2011-08-30 10:00:00,122.06168
2011-08-30 11:00:00,136.3963
2011-08-30 12:00:00,184.79729
2011-08-30 13:00:00,191.35207
2011-08-30 14:00:00,153.9481
2011-08-30 15:00:00,175.20448
2011-08-30 16:00:00,297.13718
2011-08-30 17:00:00,595.1305
2011-08-30 18:00:00,559.81006
2011-08-30 19:00:00,410.7304
2011-08-30 20:00:00,310.1767
2011-08-30 21:00:00,209.15112
2011-08-30 22:00:00,144.743
2011-08-30 23:00:00,101.07577
2011-08-31 00:00:00,27.28292
2011-08-31 01:00:00,11.940166
2011-08-31 02:00:00,7.2881684
2011-08-31 03:00:00,4.9446087
2011-08-31 04:00:00,6.18365
2011-08-31 05:00:00,29.652254
2011-08-31 06:00:00,93.294716
2011-08-31 07:00:00,276.5091
2011-08-31 08:00:00,451.64954
2011-08-31 09:00:00,230.52582
2011-08-31 10:00:00,129.683
2011-08-31 11:00:00,147.0311
2011-08-31 12:00:00,183.66049
2011-08-31 13:00:00,174.39272
2011-08-31 14:00:00,166.14722
2011-08-31 15:00:00,180.047
2011-08-31 16:00:00,280.1152
2011-08-31 17:00:00,563.29114
2011-08-31 18:00:00,546.4794
2011-08-31 19:00:00,405.32767
2011-08-31 20:00:00,323.816
2011-08-31 21:00:00,217.20822
2011-08-31 22:00:00,156.53094
2011-08-31 23:00:00,87.39127
2011-09-20 00:00:00,17.455061
2011-09-20 01:00:00,6.240737
2011-09-20 02:00:00,4.0505238
2011-09-20 03:00:00,3.5151308
2011-09-20 04:00:00,6.0221176
2011-09-20 05:00:00,19.81242
2011-09-20 06:00:00,104.8199
2011-09-20 07:00:00,253.18274
2011-09-20 08:00:00,249.40396
2011-09-20 09:00:00,96.74895
2011-09-20 10:00:00,73.35384
2011-09-20 11:00:00,49.965275
2011-09-20 12:00:00,55.121727
2011-09-20 13:00:00,50.15624
2011-09-20 14:00:00,61.334805
2011-09-20 15:00:00,111.53363
2011-09-20 16:00:00,168.38647
2011-09-20 17:00:00,453.8473
2011-09-20 18:00:00,426.09732
2011-09-20 19:00:00,315.9136
2011-09-20 20:00:00,197.83588
2011-09-20 21:00:00,147.74364
2011-09-20 22:00:00,95.9162
2011-09-20 23:00:00,58.282665
2011-09-21 00:00:00,15.100881
2011-09-21 01:00:00,7.7842956
2011-09-21 02:00:00,5.996603
2011-09-21 03:00:00,5.502499
2011-09-21 04:00:00,4.883527
2011-09-21 05:00:00,15.860995
2011-09-21 06:00:00,78.39608
2011-09-21 07:00:00,197.62827
2011-09-21 08:00:00,347.84256
2011-09-21 09:00:00,134.53821
2011-09-21 10:00:00,64.261185
2011-09-21 11:00:00,78.43885
2011-09-21 12:00:00,107.73725
2011-09-21 13:00:00,98.693054
2011-09-21 14:00:00,113.976524
2011-09-21 15:00:00,130.60057
2011-09-21 16:00:00,191.28542
2011-09-21 17:00:00,293.32648
2011-09-21 18:00:00,227.99283
2011-09-21 19:00:00,166.80453
2011-09-21 20:00:00,67.66726
2011-09-21 21:00:00,91.92882
2011-09-21 22:00:00,80.30273
2011-09-21 23:00:00,60.146706
2011-09-22 00:00:00,31.42584
2011-09-22 01:00:00,7.622735
2011-09-22 02:00:00,6.942477
2011-09-22 03:00:00,4.292406
2011-09-22 04:00:00,3.3366175
2011-09-22 05:00:00,17.610985
2011-09-22 06:00:00,75.41395
2011-09-22 07:00:00,221.70117
2011-09-22 08:00:00,356.51068
2011-09-22 09:00:00,167.1896
2011-09-22 10:00:00,75.291405
2011-09-22 11:00:00,86.40336
2011-09-22 12:00:00,120.753525
2011-09-22 13:00:00,112.99175
2011-09-22 14:00:00,106.2015
2011-09-22 15:00:00,117.853714
2011-09-22 16:00:00,215.979
2011-09-22 17:00:00,378.93042
2011-09-22 18:00:00,343.5004
2011-09-22 19:00:00,243.26926
2011-09-22 20:00:00,135.07268
2011-09-22 21:00:00,135.19914
2011-09-22 22:00:00,77.19633
2011-09-22 23:00:00,61.3525
2011-09-23 00:00:00,25.569382
2011-09-23 01:00:00,11.551098
2011-09-23 02:00:00,7.9860344
2011-09-23 03:00:00,2.5998144
2011-09-23 04:00:00,3.1389441
2011-09-23 05:00:00,13.0842285
2011-09-23 06:00:00,77.63229
2011-09-23 07:00:00,156.51079
2011-09-23 08:00:00,261.0191
2011-09-23 09:00:00,147.53377
2011-09-23 10:00:00,65.83269
2011-09-23 11:00:00,77.07821
2011-09-23 12:00:00,107.92735
2011-09-23 13:00:00,78.98126
2011-09-23 14:00:00,75.431046
2011-09-23 15:00:00,88.565895
2011-09-23 16:00:00,167.82753
2011-09-23 17:00:00,293.17996
2011-09-23 18:00:00,297.17276
2011-09-23 19:00:00,265.20792
2011-09-23 20:00:00,174.22705
2011-09-23 21:00:00,161.38719
2011-09-23 22:00:00,150.73466
2011-09-23 23:00:00,73.01317
2011-09-24 00:00:00,133.56264
2011-09-24 01:00:00,78.64873
2011-09-24 02:00:00,64.34337
2011-09-24 03:00:00,31.193275
2011-09-24 04:00:00,9.245089
2011-09-24 05:00:00,10.416736
2011-09-24 06:00:00,21.362175
2011-09-24 07:00:00,35.05467
2011-09-24 08:00:00,121.0244
2011-09-24 09:00:00,190.69609
2011-09-24 10:00:00,264.40567
2011-09-24 11:00:00,340.07718
2011-09-24 12:00:00,345.52927
2011-09-24 13:00:00,447.10605
2011-09-24 14:00:00,378.29968
2011-09-24 15:00:00,382.85925
2011-09-24 16:00:00,396.381
2011-09-24 17:00:00,418.97412
2011-09-24 18:00:00,335.2638
2011-09-24 19:00:00,280.48172
2011-09-24 20:00:00,250.26056
2011-09-24 21:00:00,218.26633
2011-09-24 22:00:00,161.14891
2011-09-24 23:00:00,151.28282
2011-09-25 00:00:00,110.13495
2011-09-25 01:00:00,80.938354
2011-09-25 02:00:00,52.723927
2011-09-25 03:00:00,24.101877
2011-09-25 04:00:00,4.6107006
2011-09-25 05:00:00,18.692816
2011-09-25 06:00:00,7.2524366
2011-09-25 07:00:00,16.17879
2011-09-25 08:00:00,79.92672
2011-09-25 09:00:00,179.41687
2011-09-25 10:00:00,284.0157
2011-09-25 11:00:00,361.31927
2011-09-25 12:00:00,393.0242
2011-09-25 13:00:00,367.43832
2011-09-25 14:00:00,356.3481
2011-09-25 15:00:00,367.59854
2011-09-25 16:00:00,459.84943
2011-09-25 17:00:00,391.84805
2011-09-25 18:00:00,338.22797
2011-09-25 19:00:00,268.96884
2011-09-25 20:00:00,225.39365
2011-09-25 21:00:00,148.69296
2011-09-25 22:00:00,146.63211
2011-09-25 23:00:00,63.877777
2011-09-26 00:00:00,18.060526
2011-09-26 01:00:00,6.2942586
2011-09-26 02:00:00,6.78133
2011-09-26 03:00:00,2.6245992
2011-09-26 04:00:00,6.7123218
2011-09-26 05:00:00,18.300186
2011-09-26 06:00:00,95.586525
2011-09-26 07:00:00,233.64442
2011-09-26 08:00:00,345.6167
2011-09-26 09:00:00,169.47194
2011-09-26 10:00:00,83.34206
2011-09-26 11:00:00,165.49663
2011-09-26 12:00:00,150.48402
2011-09-26 13:00:00,140.19627
2011-09-26 14:00:00,185.75554
2011-09-26 15:00:00,186.95497
2011-09-26 16:00:00,294.20975
2011-09-26 17:00:00,518.2838
2011-09-26 18:00:00,444.91348
2011-09-26 19:00:00,317.32132
2011-09-26 20:00:00,219.536
2011-09-26 21:00:00,168.21942
2011-09-26 22:00:00,112.45985
2011-09-26 23:00:00,67.267815
2011-09-27 00:00:00,28.17313
2011-09-27 01:00:00,13.077465
2011-09-27 02:00:00,3.940771
2011-09-27 03:00:00,2.7830465
2011-09-27 04:00:00,3.956777
2011-09-27 05:00:00,17.522783
2011-09-27 06:00:00,97.14364
2011-09-27 07:00:00,242.10345
2011-09-27 08:00:00,369.9306
2011-09-27 09:00:00,142.98471
2011-09-27 10:00:00,76.043106
2011-09-27 11:00:00,68.31117
2011-09-27 12:00:00,107.429504
2011-09-27 13:00:00,128.80754
2011-09-27 14:00:00,117.283226
2011-09-27 15:00:00,103.779015
2011-09-27 16:00:00,193.66351
2011-09-27 17:00:00,365.34528
2011-09-27 18:00:00,321.5239
2011-09-27 19:00:00,254.13934
2011-09-27 20:00:00,237.24313
2011-09-27 21:00:00,175.67377
2011-09-27 22:00:00,130.8867
2011-09-27 23:00:00,76.91804
2011-09-28 00:00:00,29.211912
2011-09-28 01:00:00,11.028742
2011-09-28 02:00:00,9.248349
2011-09-28 03:00:00,3.0977511
2011-09-28 04:00:00,5.021591
2011-09-28 05:00:00,12.93517
2011-09-28 06:00:00,42.752514
2011-09-28 07:00:00,94.626305
2011-09-28 08:00:00,213.97493
2011-09-28 09:00:00,122.96597
2011-09-28 10:00:00,63.13053
2011-09-28 11:00:00,92.872025
2011-09-28 12:00:00,124.06003
2011-09-28 13:00:00,151.22743
2011-09-28 14:00:00,189.20432
2011-09-28 15:00:00,154.47514
2011-09-28 16:00:00,248.8576
2011-09-28 17:00:00,502.49707
2011-09-28 18:00:00,240.02931
2011-09-28 19:00:00,196.7548
2011-09-28 20:00:00,111.28286
2011-09-28 21:00:00,71.84208
2011-09-28 22:00:00,120.61812
2011-09-28 23:00:00,61.332775
2011-09-29 00:00:00,38.391617
2011-09-29 01:00:00,4.363005
2011-09-29 02:00:00,3.7973435
2011-09-29 03:00:00,2.2621593
2011-09-29 04:00:00,2.4228127
2011-09-29 05:00:00,18.462517
2011-09-29 06:00:00,102.916176
2011-09-29 07:00:00,331.46664
2011-09-29 08:00:00,457.764
2011-09-29 09:00:00,237.24794
2011-09-29 10:00:00,136.62546
2011-09-29 11:00:00,168.62163
2011-09-29 12:00:00,191.41747
2011-09-29 13:00:00,178.96214
2011-09-29 14:00:00,196.45586
2011-09-29 15:00:00,203.73056
2011-09-29 16:00:00,306.04172
2011-09-29 17:00:00,517.6469
2011-09-29 18:00:00,477.75864
2011-09-29 19:00:00,317.5948
2011-09-29 20:00:00,234.35344
2011-09-29 21:00:00,175.51886
2011-09-29 22:00:00,139.2896
2011-09-29 23:00:00,97.769005
2011-09-30 00:00:00,69.18115
2011-09-30 01:00:00,29.049381
2011-09-30 02:00:00,19.28658
2011-09-30 03:00:00,6.060341
2011-09-30 04:00:00,3.665158
2011-09-30 05:00:00,29.90571
2011-09-30 06:00:00,120.85294
2011-09-30 07:00:00,301.0859
2011-09-30 08:00:00,488.65253
2011-09-30 09:00:00,271.83563
2011-09-30 10:00:00,168.40631
2011-09-30 11:00:00,198.12442
2011-09-30 12:00:00,247.72069
2011-09-30 13:00:00,233.39308
2011-09-30 14:00:00,235.54099
2011-09-30 15:00:00,250.08847
2011-09-30 16:00:00,345.01334
2011-09-30 17:00:00,527.9794
2011-09-30 18:00:00,462.1154
2011-09-30 19:00:00,322.7854
2011-09-30 20:00:00,214.26521
2011-09-30 21:00:00,166.95639
2011-09-30 22:00:00,146.5043
2011-09-30 23:00:00,122.61492
2011-10-20 00:00:00,47.016926
2011-10-20 01:00:00,26.278446
2011-10-20 02:00:00,12.152693
2011-10-20 03:00:00,4.5948033
2011-10-20 04:00:00,7.2428603
2011-10-20 05:00:00,27.89946
2011-10-20 06:00:00,92.96533
2011-10-20 07:00:00,241.31822
2011-10-20 08:00:00,447.8465
2011-10-20 09:00:00,191.63953
2011-10-20 10:00:00,113.748764
2011-10-20 11:00:00,146.35408
2011-10-20 12:00:00,158.13289
2011-10-20 13:00:00,158.17398
2011-10-20 14:00:00,117.3057
2011-10-20 15:00:00,130.70592
2011-10-20 16:00:00,187.68192
2011-10-20 17:00:00,412.2761
2011-10-20 18:00:00,379.69598
2011-10-20 19:00:00,257.38785
2011-10-20 20:00:00,163.31404
2011-10-20 21:00:00,140.69525
2011-10-20 22:00:00,113.132454
2011-10-20 23:00:00,77.47288
2011-10-21 00:00:00,51.819103
2011-10-21 01:00:00,19.45207
2011-10-21 02:00:00,7.5518413
2011-10-21 03:00:00,5.679575
2011-10-21 04:00:00,5.643964
2011-10-21 05:00:00,25.14786
2011-10-21 06:00:00,88.742004
2011-10-21 07:00:00,249.65697
2011-10-21 08:00:00,450.32333
2011-10-21 09:00:00,197.99161
2011-10-21 10:00:00,146.56693
2011-10-21 11:00:00,168.4453
2011-10-21 12:00:00,197.93158
2011-10-21 13:00:00,189.23161
2011-10-21 14:00:00,180.2802
2011-10-21 15:00:00,185.89789
2011-10-21 16:00:00,279.07703
2011-10-21 17:00:00,412.8561
2011-10-21 18:00:00,324.0826
2011-10-21 19:00:00,219.0683
2011-10-21 20:00:00,148.68011
2011-10-21 21:00:00,131.52928
2011-10-21 22:00:00,122.11521
2011-10-21 23:00:00,100.11768
2011-10-22 00:00:00,97.37203
2011-10-22 01:00:00,69.35069
2011-10-22 02:00:00,56.479305
2011-10-22 03:00:00,19.215864
2011-10-22 04:00:00,5.476392
2011-10-22 05:00:00,4.230828
2011-10-22 06:00:00,14.618978
2011-10-22 07:00:00,46.769333
2011-10-22 08:00:00,89.71263
2011-10-22 09:00:00,181.52303
2011-10-22 10:00:00,210.41931
2011-10-22 11:00:00,257.1946
2011-10-22 12:00:00,406.80173
2011-10-22 13:00:00,411.95868
2011-10-22 14:00:00,316.44824
2011-10-22 15:00:00,404.8293
2011-10-22 16:00:00,403.75146
2011-10-22 17:00:00,315.71487
2011-10-22 18:00:00,254.17448
2011-10-22 19:00:00,229.37503
2011-10-22 20:00:00,164.3446
2011-10-22 21:00:00,127.70717
2011-10-22 22:00:00,117.14676
2011-10-22 23:00:00,106.6694
2011-10-23 00:00:00,88.66064
2011-10-23 01:00:00,62.690823
2011-10-23 02:00:00,53.62883
2011-10-23 03:00:00,24.589342
2011-10-23 04:00:00,11.245283
2011-10-23 05:00:00,8.17955
2011-10-23 06:00:00,9.327535
2011-10-23 07:00:00,23.898401
2011-10-23 08:00:00,64.01947
2011-10-23 09:00:00,130.63104
2011-10-23 10:00:00,267.50314
2011-10-23 11:00:00,325.18832
2011-10-23 12:00:00,410.03436
2011-10-23 13:00:00,387.7865
2011-10-23 14:00:00,403.61337
2011-10-23 15:00:00,382.50693
2011-10-23 16:00:00,402.25217
2011-10-23 17:00:00,332.33652
2011-10-23 18:00:00,265.92776
2011-10-23 19:00:00,199.24248
2011-10-23 20:00:00,149.0925
2011-10-23 21:00:00,111.46981
2011-10-23 22:00:00,81.39132
2011-10-23 23:00:00,64.20648
2011-10-24 00:00:00,27.809116
2011-10-24 01:00:00,7.9318686
2011-10-24 02:00:00,1.8288437
2011-10-24 03:00:00,5.9256763
2011-10-24 04:00:00,6.9062166
2011-10-24 05:00:00,28.494596
2011-10-24 06:00:00,96.37577
2011-10-24 07:00:00,215.06865
2011-10-24 08:00:00,345.8819
2011-10-24 09:00:00,167.62491
2011-10-24 10:00:00,94.766464
2011-10-24 11:00:00,111.87192
2011-10-24 12:00:00,159.16423
2011-10-24 13:00:00,151.55464
2011-10-24 14:00:00,152.79507
2011-10-24 15:00:00,170.21404
2011-10-24 16:00:00,283.34015
2011-10-24 17:00:00,542.0455
2011-10-24 18:00:00,502.13187
2011-10-24 19:00:00,282.57382
2011-10-24 20:00:00,224.43958
2011-10-24 21:00:00,147.38045
2011-10-24 22:00:00,109.17536
2011-10-24 23:00:00,67.505936
2011-10-25 00:00:00,28.078337
2011-10-25 01:00:00,11.897547
2011-10-25 02:00:00,1.4981
2011-10-25 03:00:00,6.6547475
2011-10-25 04:00:00,5.8635144
2011-10-25 05:00:00,24.047134
2011-10-25 06:00:00,107.3147
2011-10-25 07:00:00,333.5624
2011-10-25 08:00:00,478.82794
2011-10-25 09:00:00,216.67442
2011-10-25 10:00:00,133.46565
2011-10-25 11:00:00,150.76044
2011-10-25 12:00:00,183.34367
2011-10-25 13:00:00,181.17935
2011-10-25 14:00:00,171.69273
2011-10-25 15:00:00,188.05185
2011-10-25 16:00:00,322.74857
2011-10-25 17:00:00,620.9066
2011-10-25 18:00:00,540.1844
2011-10-25 19:00:00,373.83298
2011-10-25 20:00:00,265.0419
2011-10-25 21:00:00,160.91919
2011-10-25 22:00:00,139.18982
2011-10-25 23:00:00,77.29878
2011-10-26 00:00:00,47.504173
2011-10-26 01:00:00,16.55909
2011-10-26 02:00:00,3.5619385
2011-10-26 03:00:00,3.0843706
2011-10-26 04:00:00,5.695091
2011-10-26 05:00:00,32.795036
2011-10-26 06:00:00,112.42297
2011-10-26 07:00:00,330.6637
2011-10-26 08:00:00,458.09448
2011-10-26 09:00:00,201.74826
2011-10-26 10:00:00,133.39905
2011-10-26 11:00:00,170.09032
2011-10-26 12:00:00,197.60788
2011-10-26 13:00:00,147.25246
2011-10-26 14:00:00,120.97161
2011-10-26 15:00:00,124.00532
2011-10-26 16:00:00,176.53784
2011-10-26 17:00:00,422.08798
2011-10-26 18:00:00,434.84222
2011-10-26 19:00:00,336.2669
2011-10-26 20:00:00,228.43304
2011-10-26 21:00:00,147.58076
2011-10-26 22:00:00,92.55808
2011-10-26 23:00:00,50.91457
2011-10-27 00:00:00,45.689472
2011-10-27 01:00:00,17.436249
2011-10-27 02:00:00,1.5029484
2011-10-27 03:00:00,2.7247336
2011-10-27 04:00:00,3.2070477
2011-10-27 05:00:00,10.432017
2011-10-27 06:00:00,70.59891
2011-10-27 07:00:00,233.33206
2011-10-27 08:00:00,243.91983
2011-10-27 09:00:00,177.47798
2011-10-27 10:00:00,76.89446
2011-10-27 11:00:00,68.09648
2011-10-27 12:00:00,90.72699
2011-10-27 13:00:00,104.35288
2011-10-27 14:00:00,104.62753
2011-10-27 15:00:00,88.753006
2011-10-27 16:00:00,213.24438
2011-10-27 17:00:00,314.3697
2011-10-27 18:00:00,276.7266
2011-10-27 19:00:00,178.25337
2011-10-27 20:00:00,160.64427
2011-10-27 21:00:00,114.71776
2011-10-27 22:00:00,93.37827
2011-10-27 23:00:00,54.51549
2011-10-28 00:00:00,40.839844
2011-10-28 01:00:00,11.737741
2011-10-28 02:00:00,5.6408544
2011-10-28 03:00:00,2.5119445
2011-10-28 04:00:00,5.205594
2011-10-28 05:00:00,13.669954
2011-10-28 06:00:00,68.20951
2011-10-28 07:00:00,222.13919
2011-10-28 08:00:00,403.64862
2011-10-28 09:00:00,216.01752
2011-10-28 10:00:00,133.78784
2011-10-28 11:00:00,148.44106
2011-10-28 12:00:00,163.25667
2011-10-28 13:00:00,157.395
2011-10-28 14:00:00,129.59584
2011-10-28 15:00:00,148.89261
2011-10-28 16:00:00,212.16052
2011-10-28 17:00:00,365.1847
2011-10-28 18:00:00,294.05066
2011-10-28 19:00:00,220.41856
2011-10-28 20:00:00,107.75752
2011-10-28 21:00:00,72.12664
2011-10-28 22:00:00,63.705547
2011-10-28 23:00:00,40.66976
2011-10-29 00:00:00,51.72352
2011-10-29 01:00:00,23.39814
2011-10-29 02:00:00,21.582264
2011-10-29 03:00:00,4.6547337
2011-10-29 04:00:00,2.16448
2011-10-29 05:00:00,2.0579822
2011-10-29 06:00:00,10.276133
2011-10-29 07:00:00,16.861887
2011-10-29 08:00:00,36.740417
2011-10-29 09:00:00,62.653652
2011-10-29 10:00:00,80.009415
2011-10-29 11:00:00,80.46629
2011-10-29 12:00:00,85.531425
2011-10-29 13:00:00,81.25494
2011-10-29 14:00:00,100.53315
2011-10-29 15:00:00,94.05804
2011-10-29 16:00:00,102.21222
2011-10-29 17:00:00,87.09115
2011-10-29 18:00:00,76.16057
2011-10-29 19:00:00,90.69717
2011-10-29 20:00:00,91.13676
2011-10-29 21:00:00,73.263916
2011-10-29 22:00:00,61.922916
2011-10-29 23:00:00,64.70698
2011-10-30 00:00:00,59.41849
2011-10-30 01:00:00,41.332695
2011-10-30 02:00:00,41.51673
2011-10-30 03:00:00,16.454447
2011-10-30 04:00:00,4.0961213
2011-10-30 05:00:00,3.8478723
2011-10-30 06:00:00,7.93893
2011-10-30 07:00:00,25.868027
2011-10-30 08:00:00,58.702534
2011-10-30 09:00:00,111.04774
2011-10-30 10:00:00,215.93292
2011-10-30 11:00:00,274.63916
2011-10-30 12:00:00,347.1014
2011-10-30 13:00:00,331.24493
2011-10-30 14:00:00,335.32523
2011-10-30 15:00:00,326.2228
2011-10-30 16:00:00,347.69284
2011-10-30 17:00:00,305.83173
2011-10-30 18:00:00,194.95993
2011-10-30 19:00:00,287.76822
2011-10-30 20:00:00,117.1859
2011-10-30 21:00:00,83.40019
2011-10-30 22:00:00,59.16133
2011-10-30 23:00:00,36.454205
2011-10-31 00:00:00,12.7076
2011-10-31 01:00:00,2.9036274
2011-10-31 02:00:00,1.0767089
2011-10-31 03:00:00,2.7554462
2011-10-31 04:00:00,6.497234
2011-10-31 05:00:00,26.813412
2011-10-31 06:00:00,83.26917
2011-10-31 07:00:00,253.24817
2011-10-31 08:00:00,338.80798
2011-10-31 09:00:00,178.55104
2011-10-31 10:00:00,111.408485
2011-10-31 11:00:00,142.96236
2011-10-31 12:00:00,176.25117
2011-10-31 13:00:00,150.0914
2011-10-31 14:00:00,158.32777
2011-10-31 15:00:00,170.20831
2011-10-31 16:00:00,267.25415
2011-10-31 17:00:00,529.7861
2011-10-31 18:00:00,430.50946
2011-10-31 19:00:00,310.22937
2011-10-31 20:00:00,214.7683
2011-10-31 21:00:00,127.96486
2011-10-31 22:00:00,78.271324
2011-10-31 23:00:00,41.928993
2011-11-20 00:00:00,82.5035
2011-11-20 01:00:00,80.30742
2011-11-20 02:00:00,59.465725
2011-11-20 03:00:00,23.145658
2011-11-20 04:00:00,3.7954679
2011-11-20 05:00:00,4.669542
2011-11-20 06:00:00,7.789284
2011-11-20 07:00:00,39.578175
2011-11-20 08:00:00,81.516624
2011-11-20 09:00:00,182.40965
2011-11-20 10:00:00,225.18103
2011-11-20 11:00:00,280.39203
2011-11-20 12:00:00,326.76132
2011-11-20 13:00:00,347.46558
2011-11-20 14:00:00,385.59143
2011-11-20 15:00:00,309.8939
2011-11-20 16:00:00,363.2707
2011-11-20 17:00:00,275.83054
2011-11-20 18:00:00,213.6702
2011-11-20 19:00:00,177.91187
2011-11-20 20:00:00,151.2651
2011-11-20 21:00:00,93.53171
2011-11-20 22:00:00,67.94315
2011-11-20 23:00:00,45.433327
2011-11-21 00:00:00,17.272243
2011-11-21 01:00:00,7.5936337
2011-11-21 02:00:00,7.0711336
2011-11-21 03:00:00,5.32801
2011-11-21 04:00:00,5.7875733
2011-11-21 05:00:00,21.433382
2011-11-21 06:00:00,96.476
2011-11-21 07:00:00,251.16383
2011-11-21 08:00:00,388.38477
2011-11-21 09:00:00,186.55936
2011-11-21 10:00:00,93.18221
2011-11-21 11:00:00,113.23485
2011-11-21 12:00:00,150.1438
2011-11-21 13:00:00,150.06795
2011-11-21 14:00:00,125.332504
2011-11-21 15:00:00,63.73785
2011-11-21 16:00:00,137.83229
2011-11-21 17:00:00,232.57887
2011-11-21 18:00:00,282.16672
2011-11-21 19:00:00,206.21996
2011-11-21 20:00:00,155.22183
2011-11-21 21:00:00,108.947876
2011-11-21 22:00:00,76.630554
2011-11-21 23:00:00,45.340496
2011-11-22 00:00:00,18.77844
2011-11-22 01:00:00,8.265068
2011-11-22 02:00:00,4.9349227
2011-11-22 03:00:00,5.1772614
2011-11-22 04:00:00,5.9141345
2011-11-22 05:00:00,18.80373
2011-11-22 06:00:00,112.91418
2011-11-22 07:00:00,137.8702
2011-11-22 08:00:00,242.41211
2011-11-22 09:00:00,142.16927
2011-11-22 10:00:00,85.602715
2011-11-22 11:00:00,67.38225
2011-11-22 12:00:00,69.12696
2011-11-22 13:00:00,86.488945
2011-11-22 14:00:00,65.965256
2011-11-22 15:00:00,78.44693
2011-11-22 16:00:00,170.90184
2011-11-22 17:00:00,262.64163
2011-11-22 18:00:00,271.02322
2011-11-22 19:00:00,233.64786
2011-11-22 20:00:00,149.01978
2011-11-22 21:00:00,121.25438
2011-11-22 22:00:00,110.50628
2011-11-22 23:00:00,51.91212
2011-11-23 00:00:00,21.324436
2011-11-23 01:00:00,10.239703
2011-11-23 02:00:00,6.746842
2011-11-23 03:00:00,5.4582076
2011-11-23 04:00:00,7.8481665
2011-11-23 05:00:00,20.401487
2011-11-23 06:00:00,77.025894
2011-11-23 07:00:00,238.7761
2011-11-23 08:00:00,408.8
2011-11-23 09:00:00,192.78242
2011-11-23 10:00:00,96.76219
2011-11-23 11:00:00,122.68051
2011-11-23 12:00:00,177.99011
2011-11-23 13:00:00,129.1376
2011-11-23 14:00:00,145.26834
2011-11-23 15:00:00,137.64008
2011-11-23 16:00:00,166.00818
2011-11-23 17:00:00,216.7546
2011-11-23 18:00:00,303.8291
2011-11-23 19:00:00,254.36581
2011-11-23 20:00:00,180.48535
2011-11-23 21:00:00,139.92966
2011-11-23 22:00:00,102.91993
2011-11-23 23:00:00,57.52423
2011-11-24 00:00:00,39.350266
2011-11-24 01:00:00,20.556852
2011-11-24 02:00:00,15.061323
2011-11-24 03:00:00,8.5002165
2011-11-24 04:00:00,5.8161044
2011-11-24 05:00:00,14.007245
2011-11-24 06:00:00,29.41834
2011-11-24 07:00:00,82.48221
2011-11-24 08:00:00,163.50137
2011-11-24 09:00:00,142.89487
2011-11-24 10:00:00,155.75905
2011-11-24 11:00:00,211.9015
2011-11-24 12:00:00,247.78793
2011-11-24 13:00:00,269.97253
2011-11-24 14:00:00,243.71584
2011-11-24 15:00:00,237.9839
2011-11-24 16:00:00,271.37576
2011-11-24 17:00:00,311.11154
2011-11-24 18:00:00,224.6148
2011-11-24 19:00:00,197.95609
2011-11-24 20:00:00,171.64838
2011-11-24 21:00:00,119.930954
2011-11-24 22:00:00,113.11808
2011-11-24 23:00:00,88.39863
2011-11-25 00:00:00,37.63197
2011-11-25 01:00:00,16.64787
2011-11-25 02:00:00,4.8225665
2011-11-25 03:00:00,4.5488224
2011-11-25 04:00:00,4.1487527
2011-11-25 05:00:00,26.37424
2011-11-25 06:00:00,75.87298
2011-11-25 07:00:00,235.63881
2011-11-25 08:00:00,419.41498
2011-11-25 09:00:00,234.04718
2011-11-25 10:00:00,133.74971
2011-11-25 11:00:00,172.12537
2011-11-25 12:00:00,192.3575
2011-11-25 13:00:00,203.22675
2011-11-25 14:00:00,177.2083
2011-11-25 15:00:00,193.58849
2011-11-25 16:00:00,269.94205
2011-11-25 17:00:00,406.8328
2011-11-25 18:00:00,346.37302
2011-11-25 19:00:00,246.0279
2011-11-25 20:00:00,163.30623
2011-11-25 21:00:00,130.8418
2011-11-25 22:00:00,114.998795
2011-11-25 23:00:00,89.213486
2011-11-26 00:00:00,63.654835
2011-11-26 01:00:00,61.968655
2011-11-26 02:00:00,42.58231
2011-11-26 03:00:00,15.66707
2011-11-26 04:00:00,5.5784535
2011-11-26 05:00:00,5.619296
2011-11-26 06:00:00,13.715945
2011-11-26 07:00:00,32.831535
2011-11-26 08:00:00,103.34147
2011-11-26 09:00:00,166.24016
2011-11-26 10:00:00,240.14183
2011-11-26 11:00:00,294.0515
2011-11-26 12:00:00,342.8183
2011-11-26 13:00:00,353.5021
2011-11-26 14:00:00,306.45883
2011-11-26 15:00:00,291.12003
2011-11-26 16:00:00,299.49152
2011-11-26 17:00:00,247.0823
2011-11-26 18:00:00,206.24019
2011-11-26 19:00:00,189.58154
2011-11-26 20:00:00,158.67126
2011-11-26 21:00:00,115.97116
2011-11-26 22:00:00,97.94606
2011-11-26 23:00:00,97.69451
2011-11-27 00:00:00,75.12178
2011-11-27 01:00:00,74.33528
2011-11-27 02:00:00,42.790237
2011-11-27 03:00:00,19.093353
2011-11-27 04:00:00,7.475471
2011-11-27 05:00:00,8.111367
2011-11-27 06:00:00,21.193783
2011-11-27 07:00:00,36.47003
2011-11-27 08:00:00,93.91371
2011-11-27 09:00:00,175.9108
2011-11-27 10:00:00,276.8528
2011-11-27 11:00:00,337.9724
2011-11-27 12:00:00,402.31314
2011-11-27 13:00:00,394.70135
2011-11-27 14:00:00,376.33502
2011-11-27 15:00:00,405.08347
2011-11-27 16:00:00,426.50793
2011-11-27 17:00:00,359.63434
2011-11-27 18:00:00,253.48257
2011-11-27 19:00:00,219.28082
2011-11-27 20:00:00,178.58965
2011-11-27 21:00:00,105.53778
2011-11-27 22:00:00,95.01895
2011-11-27 23:00:00,68.184044
2011-11-28 00:00:00,31.484795
2011-11-28 01:00:00,15.646857
2011-11-28 03:00:00,9.626826
2011-11-28 04:00:00,9.904082
2011-11-28 05:00:00,30.598974
2011-11-28 06:00:00,104.413895
2011-11-28 07:00:00,282.1223
2011-11-28 08:00:00,384.03674
2011-11-28 09:00:00,188.0773
2011-11-28 10:00:00,105.59169
2011-11-28 11:00:00,113.601
2011-11-28 12:00:00,180.74164
2011-11-28 13:00:00,161.8212
2011-11-28 14:00:00,158.83824
2011-11-28 15:00:00,170.52924
2011-11-28 16:00:00,267.94882
2011-11-28 17:00:00,503.05283
2011-11-28 18:00:00,458.0634
2011-11-28 19:00:00,307.98602
2011-11-28 20:00:00,203.06131
2011-11-28 21:00:00,154.42743
2011-11-28 22:00:00,100.89179
2011-11-28 23:00:00,59.803047
2011-11-29 00:00:00,22.738611
2011-11-29 01:00:00,12.035221
2011-11-29 02:00:00,2.7100663
2011-11-29 03:00:00,4.9098644
2011-11-29 04:00:00,6.631025
2011-11-29 05:00:00,32.56621
2011-11-29 06:00:00,122.6131
2011-11-29 07:00:00,345.96735
2011-11-29 08:00:00,527.53125
2011-11-29 09:00:00,178.07443
2011-11-29 10:00:00,111.088875
2011-11-29 11:00:00,90.79195
2011-11-29 12:00:00,94.13143
2011-11-29 13:00:00,110.14345
2011-11-29 14:00:00,64.78971
2011-11-29 15:00:00,62.824608
2011-11-29 16:00:00,137.97614
2011-11-29 17:00:00,303.25696
2011-11-29 18:00:00,305.4497
2011-11-29 19:00:00,201.0537
2011-11-29 20:00:00,142.17824
2011-11-29 21:00:00,122.23235
2011-11-29 22:00:00,100.76483
2011-11-29 23:00:00,48.931915
2011-11-30 00:00:00,35.188583
2011-11-30 01:00:00,16.08422
2011-11-30 02:00:00,4.1022983
2011-11-30 03:00:00,4.3952055
2011-11-30 04:00:00,5.4020667
2011-11-30 05:00:00,18.879627
2011-11-30 06:00:00,93.67321
2011-11-30 07:00:00,261.11786
2011-11-30 08:00:00,468.27707
2011-11-30 09:00:00,226.97986
2011-11-30 10:00:00,127.4407
2011-11-30 11:00:00,131.88712
2011-11-30 12:00:00,153.0996
2011-11-30 13:00:00,131.7892
2011-11-30 14:00:00,115.835754
2011-11-30 15:00:00,162.44615
2011-11-30 16:00:00,208.85121
2011-11-30 17:00:00,384.23615
2011-11-30 18:00:00,351.52844
2011-11-30 19:00:00,228.36931
2011-11-30 20:00:00,179.25124
2011-11-30 21:00:00,136.23691
2011-11-30 22:00:00,96.36189
2011-11-30 23:00:00,50.92308
2011-12-20 00:00:00,22.682863
2011-12-20 01:00:00,13.011603
2011-12-20 02:00:00,3.252837
2011-12-20 03:00:00,3.1708324
2011-12-20 04:00:00,6.46416
2011-12-20 05:00:00,20.360065
2011-12-20 06:00:00,88.318825
2011-12-20 07:00:00,281.46118
2011-12-20 08:00:00,421.3236
2011-12-20 09:00:00,205.43707
2011-12-20 10:00:00,95.767944
2011-12-20 11:00:00,100.571075
2011-12-20 12:00:00,157.35391
2011-12-20 13:00:00,139.17989
2011-12-20 14:00:00,117.88165
2011-12-20 15:00:00,131.45245
2011-12-20 16:00:00,239.41838
2011-12-20 17:00:00,446.13538
2011-12-20 18:00:00,407.12674
2011-12-20 19:00:00,296.98633
2011-12-20 20:00:00,223.61426
2011-12-20 21:00:00,133.43161
2011-12-20 22:00:00,100.06768
2011-12-20 23:00:00,66.50522
2011-12-21 00:00:00,24.906374
2011-12-21 01:00:00,11.144902
2011-12-21 02:00:00,1.50054
2011-12-21 03:00:00,2.54028
2011-12-21 04:00:00,2.02313
2011-12-21 05:00:00,12.723245
2011-12-21 06:00:00,50.585667
2011-12-21 07:00:00,145.82799
2011-12-21 08:00:00,136.46213
2011-12-21 09:00:00,149.41959
2011-12-21 10:00:00,60.87408
2011-12-21 11:00:00,72.438095
2011-12-21 12:00:00,20.666283
2011-12-21 13:00:00,19.795658
2011-12-21 14:00:00,54.655724
2011-12-21 15:00:00,44.533386
2011-12-21 16:00:00,14.741133
2011-12-21 17:00:00,48.313652
2011-12-21 18:00:00,127.08924
2011-12-21 19:00:00,114.66268
2011-12-21 20:00:00,62.94858
2011-12-21 21:00:00,113.72826
2011-12-21 22:00:00,93.95946
2011-12-21 23:00:00,46.87743
2011-12-22 00:00:00,26.496845
2011-12-22 01:00:00,16.616571
2011-12-22 02:00:00,9.138845
2011-12-22 03:00:00,7.135164
2011-12-22 04:00:00,4.716643
2011-12-22 05:00:00,25.685093
2011-12-22 06:00:00,73.97493
2011-12-22 07:00:00,199.3401
2011-12-22 08:00:00,291.60397
2011-12-22 09:00:00,159.29768
2011-12-22 10:00:00,62.756744
2011-12-22 11:00:00,74.67634
2011-12-22 12:00:00,133.0916
2011-12-22 13:00:00,118.92223
2011-12-22 14:00:00,86.7662
2011-12-22 15:00:00,82.330894
2011-12-22 16:00:00,141.65402
2011-12-22 17:00:00,274.78336
2011-12-22 18:00:00,267.22092
2011-12-22 19:00:00,197.74754
2011-12-22 20:00:00,120.16124
2011-12-22 21:00:00,87.14042
2011-12-22 22:00:00,51.18878
2011-12-22 23:00:00,32.762165
2011-12-23 00:00:00,26.868834
2011-12-23 01:00:00,12.51093
2011-12-23 02:00:00,9.090088
2011-12-23 03:00:00,3.032828
2011-12-23 04:00:00,3.6047766
2011-12-23 05:00:00,19.34406
2011-12-23 06:00:00,78.06936
2011-12-23 07:00:00,185.10223
2011-12-23 08:00:00,353.39313
2011-12-23 09:00:00,208.30458
2011-12-23 10:00:00,103.424
2011-12-23 11:00:00,117.06518
2011-12-23 12:00:00,111.87047
2011-12-23 13:00:00,98.5475
2011-12-23 14:00:00,98.67138
2011-12-23 15:00:00,110.205345
2011-12-23 16:00:00,132.07494
2011-12-23 17:00:00,254.63739
2011-12-23 18:00:00,209.30307
2011-12-23 19:00:00,163.50275
2011-12-23 20:00:00,98.41655
2011-12-23 21:00:00,99.71961
2011-12-23 22:00:00,92.30911
2011-12-23 23:00:00,71.815254
2011-12-24 00:00:00,41.47409
2011-12-24 01:00:00,24.378592
2011-12-24 02:00:00,23.889345
2011-12-24 03:00:00,7.6223044
2011-12-24 04:00:00,3.8765736
2011-12-24 05:00:00,2.2504077
2011-12-24 06:00:00,4.0950403
2011-12-24 07:00:00,15.110399
2011-12-24 08:00:00,43.77577
2011-12-24 09:00:00,63.04611
2011-12-24 10:00:00,90.986595
2011-12-24 11:00:00,133.97687
2011-12-24 12:00:00,143.38013
2011-12-24 13:00:00,156.87036
2011-12-24 14:00:00,148.14146
2011-12-24 15:00:00,144.27295
2011-12-24 16:00:00,148.0987
2011-12-24 17:00:00,108.82422
2011-12-24 18:00:00,104.39216
2011-12-24 19:00:00,80.54695
2011-12-24 20:00:00,62.62466
2011-12-24 21:00:00,59.702847
2011-12-24 22:00:00,39.66953
2011-12-24 23:00:00,29.98599
2011-12-25 00:00:00,42.83481
2011-12-25 01:00:00,39.287884
2011-12-25 02:00:00,32.761818
2011-12-25 03:00:00,20.88274
2011-12-25 05:00:00,2.624223
2011-12-25 06:00:00,2.7424552
2011-12-25 07:00:00,4.707729
2011-12-25 08:00:00,17.797108
2011-12-25 09:00:00,37.398285
2011-12-25 10:00:00,77.63212
2011-12-25 11:00:00,139.60307
2011-12-25 12:00:00,123.12073
2011-12-25 13:00:00,150.59813
2011-12-25 14:00:00,140.12204
2011-12-25 15:00:00,147.77916
2011-12-25 16:00:00,155.00461
2011-12-25 17:00:00,107.07628
2011-12-25 18:00:00,80.873924
2011-12-25 19:00:00,63.48667
2011-12-25 20:00:00,56.912567
2011-12-25 21:00:00,49.040863
2011-12-25 22:00:00,29.683699
2011-12-25 23:00:00,17.751709
2011-12-26 00:00:00,31.289524
2011-12-26 01:00:00,27.540771
2011-12-26 02:00:00,16.730516
2011-12-26 04:00:00,5.1033907
2011-12-26 05:00:00,3.9577334
2011-12-26 06:00:00,17.025225
2011-12-26 07:00:00,27.137857
2011-12-26 08:00:00,71.23354
2011-12-26 09:00:00,110.153534
2011-12-26 10:00:00,96.93054
2011-12-26 11:00:00,138.23714
2011-12-26 12:00:00,149.3216
2011-12-26 13:00:00,186.5041
2011-12-26 14:00:00,161.56158
2011-12-26 15:00:00,157.66418
2011-12-26 16:00:00,166.38347
2011-12-26 17:00:00,160.4069
2011-12-26 18:00:00,140.0396
2011-12-26 19:00:00,137.01237
2011-12-26 20:00:00,85.58383
2011-12-26 21:00:00,58.62829
2011-12-26 22:00:00,52.322037
2011-12-26 23:00:00,36.995632
2011-12-27 00:00:00,15.499807
2011-12-27 01:00:00,6.3075905
2011-12-27 02:00:00,1.8814684
2011-12-27 03:00:00,2.1655746
2011-12-27 04:00:00,2.3227515
2011-12-27 05:00:00,11.071233
2011-12-27 06:00:00,49.610565
2011-12-27 07:00:00,152.73051
2011-12-27 08:00:00,306.8076
2011-12-27 09:00:00,119.832146
2011-12-27 10:00:00,64.11138
2011-12-27 11:00:00,41.27565
2011-12-27 12:00:00,44.489807
2011-12-27 13:00:00,39.490074
2011-12-27 14:00:00,31.950903
2011-12-27 15:00:00,30.097403
2011-12-27 16:00:00,56.433243
2011-12-27 17:00:00,168.23878
2011-12-27 18:00:00,237.9341
2011-12-27 19:00:00,168.60141
2011-12-27 20:00:00,126.29216
2011-12-27 21:00:00,116.19556
2011-12-27 22:00:00,68.13961
2011-12-27 23:00:00,33.590958
2011-12-28 00:00:00,24.65982
2011-12-28 01:00:00,12.614996
2011-12-28 02:00:00,5.1625586
2011-12-28 03:00:00,3.4939048
2011-12-28 05:00:00,5.5949736
2011-12-28 06:00:00,60.505943
2011-12-28 07:00:00,143.80453
2011-12-28 08:00:00,299.80197
2011-12-28 09:00:00,157.99428
2011-12-28 10:00:00,73.57743
2011-12-28 11:00:00,76.27848
2011-12-28 12:00:00,68.873055
2011-12-28 13:00:00,62.005962
2011-12-28 14:00:00,54.891254
2011-12-28 15:00:00,62.08077
2011-12-28 16:00:00,84.790596
2011-12-28 17:00:00,205.12743
2011-12-28 18:00:00,170.0786
2011-12-28 19:00:00,120.501465
2011-12-28 20:00:00,88.60896
2011-12-28 21:00:00,67.98481
2011-12-28 22:00:00,53.920635
2011-12-28 23:00:00,26.013382
2011-12-29 00:00:00,18.617983
2011-12-29 01:00:00,6.5140758
2011-12-29 02:00:00,4.142085
2011-12-29 03:00:00,3.4813259
2011-12-29 04:00:00,3.1384761
2011-12-29 05:00:00,17.570288
2011-12-29 06:00:00,65.399506
2011-12-29 07:00:00,158.81319
2011-12-29 08:00:00,298.47052
2011-12-29 09:00:00,164.07039
2011-12-29 10:00:00,55.932514
2011-12-29 11:00:00,68.83423
2011-12-29 12:00:00,86.743324
2011-12-29 13:00:00,88.650635
2011-12-29 14:00:00,71.62901
2011-12-29 15:00:00,70.455154
2011-12-29 16:00:00,116.58703
2011-12-29 17:00:00,260.29926
2011-12-29 18:00:00,233.15707
2011-12-29 19:00:00,158.60637
2011-12-29 20:00:00,136.71849
2011-12-29 21:00:00,86.92144
2011-12-29 22:00:00,79.72507
2011-12-29 23:00:00,46.443604
2011-12-30 00:00:00,28.505577
2011-12-30 01:00:00,13.760295
2011-12-30 02:00:00,4.829355
2011-12-30 03:00:00,4.4317102
2011-12-30 04:00:00,2.2648532
2011-12-30 05:00:00,14.938178
2011-12-30 06:00:00,56.309517
2011-12-30 07:00:00,150.56961
2011-12-30 08:00:00,261.99005
2011-12-30 09:00:00,185.97621
2011-12-30 10:00:00,84.34317
2011-12-30 11:00:00,103.16662
2011-12-30 12:00:00,102.00406
2011-12-30 13:00:00,96.8515
2011-12-30 14:00:00,85.38937
2011-12-30 15:00:00,105.47427
2011-12-30 16:00:00,138.20798
2011-12-30 17:00:00,265.90637
2011-12-30 18:00:00,223.34846
2011-12-30 19:00:00,144.84045
2011-12-30 20:00:00,97.66374
2011-12-30 21:00:00,87.46653
2011-12-30 22:00:00,81.55065
2011-12-30 23:00:00,60.007347
2011-12-31 00:00:00,49.408627
2011-12-31 01:00:00,33.744923
2011-12-31 02:00:00,29.410969
2011-12-31 03:00:00,12.629382
2011-12-31 04:00:00,5.677406
2011-12-31 05:00:00,3.1070857
2011-12-31 06:00:00,4.2304296
2011-12-31 07:00:00,2.508533
2011-12-31 08:00:00,48.081345
2011-12-31 09:00:00,67.28286
2011-12-31 10:00:00,126.27861
2011-12-31 11:00:00,191.02614
2011-12-31 12:00:00,218.95813
2011-12-31 13:00:00,203.11386
2011-12-31 14:00:00,217.18864
2011-12-31 15:00:00,179.12227
2011-12-31 16:00:00,172.92215
2011-12-31 17:00:00,146.28928
2011-12-31 18:00:00,129.71269
2011-12-31 19:00:00,115.73538
2011-12-31 20:00:00,84.799126
2011-12-31 21:00:00,80.56018
2011-12-31 22:00:00,59.50667
2011-12-31 23:00:00,41.958126
2012-01-20 00:00:00,27.792715
2012-01-20 01:00:00,9.027063
2012-01-20 02:00:00,6.4970837
2012-01-20 03:00:00,4.3093147
2012-01-20 04:00:00,4.6487546
2012-01-20 05:00:00,23.306576
2012-01-20 06:00:00,82.43409
2012-01-20 07:00:00,191.25
2012-01-20 08:00:00,401.60687
2012-01-20 09:00:00,203.23302
2012-01-20 10:00:00,101.156624
2012-01-20 11:00:00,105.52308
2012-01-20 12:00:00,141.73317
2012-01-20 13:00:00,162.09352
2012-01-20 14:00:00,130.75726
2012-01-20 15:00:00,145.6149
2012-01-20 16:00:00,176.75307
2012-01-20 17:00:00,327.9642
2012-01-20 18:00:00,275.68448
2012-01-20 19:00:00,195.726
2012-01-20 20:00:00,117.980095
2012-01-20 21:00:00,77.400925
2012-01-20 22:00:00,63.749004
2012-01-20 23:00:00,37.036633
2012-01-21 00:00:00,34.504528
2012-01-21 01:00:00,37.10602
2012-01-21 02:00:00,25.015896
2012-01-21 03:00:00,11.1442585
2012-01-21 04:00:00,4.863372
2012-01-21 05:00:00,4.6534734
2012-01-21 06:00:00,4.892393
2012-01-21 07:00:00,11.781281
2012-01-21 08:00:00,70.00051
2012-01-21 09:00:00,85.60505
2012-01-21 10:00:00,79.96028
2012-01-21 11:00:00,138.78046
2012-01-21 12:00:00,176.18687
2012-01-21 13:00:00,190.14102
2012-01-21 14:00:00,123.81782
2012-01-21 15:00:00,141.40459
2012-01-21 16:00:00,158.22217
2012-01-21 17:00:00,115.909904
2012-01-21 18:00:00,116.98704
2012-01-21 19:00:00,88.1199
2012-01-21 20:00:00,62.882866
2012-01-21 21:00:00,83.938805
2012-01-21 22:00:00,54.82504
2012-01-21 23:00:00,39.379227
2012-01-22 00:00:00,49.76284
2012-01-22 01:00:00,48.163635
2012-01-22 02:00:00,41.309406
2012-01-22 03:00:00,26.406246
2012-01-22 04:00:00,3.4752765
2012-01-22 05:00:00,8.437584
2012-01-22 06:00:00,5.6679277
2012-01-22 07:00:00,18.083256
2012-01-22 08:00:00,36.227623
2012-01-22 09:00:00,77.90839
2012-01-22 10:00:00,133.46259
2012-01-22 11:00:00,113.07802
2012-01-22 12:00:00,159.91098
2012-01-22 13:00:00,165.57307
2012-01-22 14:00:00,143.99232
2012-01-22 15:00:00,141.93861
2012-01-22 16:00:00,145.22603
2012-01-22 17:00:00,104.700935
2012-01-22 18:00:00,89.16345
2012-01-22 19:00:00,75.999886
2012-01-22 20:00:00,57.36804
2012-01-22 21:00:00,43.823963
2012-01-22 22:00:00,37.33706
2012-01-22 23:00:00,18.762802
2012-01-23 00:00:00,12.848669
2012-01-23 01:00:00,5.8178573
2012-01-23 02:00:00,4.6127133
2012-01-23 03:00:00,2.7529256
2012-01-23 04:00:00,7.1650143
2012-01-23 05:00:00,25.334106
2012-01-23 06:00:00,89.73443
2012-01-23 07:00:00,135.06087
2012-01-23 08:00:00,239.6442
2012-01-23 09:00:00,221.462
2012-01-23 10:00:00,83.526726
2012-01-23 11:00:00,76.47668
2012-01-23 12:00:00,94.95705
2012-01-23 13:00:00,50.296272
2012-01-23 14:00:00,41.77216
2012-01-23 15:00:00,51.05836
2012-01-23 16:00:00,103.724434
2012-01-23 17:00:00,262.59467
2012-01-23 18:00:00,267.20306
2012-01-23 19:00:00,226.03026
2012-01-23 20:00:00,128.42088
2012-01-23 21:00:00,74.53822
2012-01-23 22:00:00,36.74153
2012-01-23 23:00:00,18.461227
2012-01-24 00:00:00,3.7148345
2012-01-24 01:00:00,2.2021682
2012-01-24 02:00:00,2.5087798
2012-01-24 03:00:00,1.5812421
2012-01-24 04:00:00,1.4353961
2012-01-24 05:00:00,14.114942
2012-01-24 06:00:00,90.1067
2012-01-24 07:00:00,234.60208
2012-01-24 08:00:00,413.1348
2012-01-24 09:00:00,219.91315
2012-01-24 10:00:00,100.25019
2012-01-24 11:00:00,109.91953
2012-01-24 12:00:00,91.95249
2012-01-24 13:00:00,110.89753
2012-01-24 14:00:00,110.55726
2012-01-24 15:00:00,110.879845
2012-01-24 16:00:00,241.18697
2012-01-24 17:00:00,491.10397
2012-01-24 18:00:00,456.49634
2012-01-24 19:00:00,340.75226
2012-01-24 20:00:00,206.66504
2012-01-24 21:00:00,129.75858
2012-01-24 22:00:00,91.89956
2012-01-24 23:00:00,46.57429
2012-01-25 00:00:00,21.019674
2012-01-25 01:00:00,7.4389014
2012-01-25 02:00:00,5.2568946
2012-01-25 03:00:00,4.839041
2012-01-25 04:00:00,3.072082
2012-01-25 05:00:00,19.890856
2012-01-25 06:00:00,118.604546
2012-01-25 07:00:00,260.94095
2012-01-25 08:00:00,468.93222
2012-01-25 09:00:00,211.20616
2012-01-25 10:00:00,92.377144
2012-01-25 11:00:00,90.145996
2012-01-25 12:00:00,134.39346
2012-01-25 13:00:00,145.12346
2012-01-25 14:00:00,126.88022
2012-01-25 15:00:00,147.68645
2012-01-25 16:00:00,177.53978
2012-01-25 17:00:00,436.58716
2012-01-25 18:00:00,395.45728
2012-01-25 19:00:00,269.67743
2012-01-25 20:00:00,204.8671
2012-01-25 21:00:00,123.784744
2012-01-25 22:00:00,104.161125
2012-01-25 23:00:00,46.458252
2012-01-26 00:00:00,27.227425
2012-01-26 01:00:00,6.469951
2012-01-26 02:00:00,8.220127
2012-01-26 03:00:00,4.4872017
2012-01-26 04:00:00,4.228283
2012-01-26 05:00:00,31.910418
2012-01-26 06:00:00,98.36127
2012-01-26 07:00:00,284.78644
2012-01-26 08:00:00,489.684
2012-01-26 09:00:00,232.6342
2012-01-26 10:00:00,107.82777
2012-01-26 11:00:00,101.63196
2012-01-26 12:00:00,120.114655
2012-01-26 13:00:00,140.60754
2012-01-26 14:00:00,125.36244
2012-01-26 15:00:00,155.44083
2012-01-26 16:00:00,242.44754
2012-01-26 17:00:00,439.1606
2012-01-26 18:00:00,427.17526
2012-01-26 19:00:00,305.36786
2012-01-26 20:00:00,217.89954
2012-01-26 21:00:00,133.60771
2012-01-26 22:00:00,132.07365
2012-01-26 23:00:00,44.92565
2012-01-27 00:00:00,26.83398
2012-01-27 01:00:00,10.679709
2012-01-27 02:00:00,6.605433
2012-01-27 03:00:00,1.8146292
2012-01-27 04:00:00,1.7040846
2012-01-27 05:00:00,15.652632
2012-01-27 06:00:00,64.78754
2012-01-27 07:00:00,166.79175
2012-01-27 08:00:00,226.2159
2012-01-27 09:00:00,143.40881
2012-01-27 10:00:00,56.569046
2012-01-27 11:00:00,116.88645
2012-01-27 12:00:00,157.61528
2012-01-27 13:00:00,205.11086
2012-01-27 14:00:00,166.46867
2012-01-27 15:00:00,213.95648
2012-01-27 16:00:00,232.8276
2012-01-27 17:00:00,330.61392
2012-01-27 18:00:00,319.9289
2012-01-27 19:00:00,228.1629
2012-01-27 20:00:00,152.5522
2012-01-27 21:00:00,128.29036
2012-01-27 22:00:00,105.55829
2012-01-27 23:00:00,71.90021
2012-01-28 00:00:00,78.7864
2012-01-28 01:00:00,70.88211
2012-01-28 02:00:00,50.130066
2012-01-28 03:00:00,29.608616
2012-01-28 04:00:00,12.124874
2012-01-28 05:00:00,10.875508
2012-01-28 06:00:00,6.5031343
2012-01-28 07:00:00,24.79117
2012-01-28 08:00:00,63.461193
2012-01-28 09:00:00,99.09695
2012-01-28 10:00:00,173.46301
2012-01-28 11:00:00,242.3029
2012-01-28 12:00:00,279.69058
2012-01-28 13:00:00,338.49945
2012-01-28 14:00:00,340.27484
2012-01-28 15:00:00,355.69547
2012-01-28 16:00:00,332.95834
2012-01-28 17:00:00,241.46109
2012-01-28 18:00:00,223.03658
2012-01-28 19:00:00,159.85468
2012-01-28 20:00:00,121.62842
2012-01-28 21:00:00,100.15697
2012-01-28 22:00:00,101.76257
2012-01-28 23:00:00,91.821075
2012-01-29 00:00:00,84.72395
2012-01-29 01:00:00,54.062645
2012-01-29 02:00:00,51.796867
2012-01-29 03:00:00,28.429451
2012-01-29 04:00:00,6.436857
2012-01-29 05:00:00,8.2013855
2012-01-29 06:00:00,7.5507426
2012-01-29 07:00:00,19.263176
2012-01-29 08:00:00,49.87587
2012-01-29 09:00:00,90.76829
2012-01-29 10:00:00,154.19424
2012-01-29 11:00:00,190.44678
2012-01-29 12:00:00,287.9961
2012-01-29 13:00:00,262.83447
2012-01-29 14:00:00,236.01042
2012-01-29 15:00:00,265.7737
2012-01-29 16:00:00,253.58066
2012-01-29 17:00:00,182.84003
2012-01-29 18:00:00,135.71019
2012-01-29 19:00:00,116.3195
2012-01-29 20:00:00,97.69499
2012-01-29 21:00:00,66.375595
2012-01-29 22:00:00,45.6693
2012-01-29 23:00:00,29.07377
2012-01-30 00:00:00,15.044041
2012-01-30 01:00:00,3.2095335
2012-01-30 02:00:00,2.8309357
2012-01-30 03:00:00,2.5376155
2012-01-30 04:00:00,5.2967515
2012-01-30 05:00:00,21.777765
2012-01-30 06:00:00,86.19263
2012-01-30 07:00:00,193.11842
2012-01-30 08:00:00,369.70135
2012-01-30 09:00:00,173.7563
2012-01-30 10:00:00,91.4838
2012-01-30 11:00:00,93.66269
2012-01-30 12:00:00,130.09502
2012-01-30 13:00:00,133.64493
2012-01-30 14:00:00,148.547
2012-01-30 15:00:00,144.43422
2012-01-30 16:00:00,198.56107
2012-01-30 17:00:00,397.20877
2012-01-30 18:00:00,360.97095
2012-01-30 19:00:00,256.13794
2012-01-30 20:00:00,165.87195
2012-01-30 21:00:00,111.63218
2012-01-30 22:00:00,68.690636
2012-01-30 23:00:00,33.88383
2012-01-31 00:00:00,17.918577
2012-01-31 01:00:00,5.144332
2012-01-31 02:00:00,3.8397427
2012-01-31 03:00:00,3.2588437
2012-01-31 04:00:00,5.682237
2012-01-31 05:00:00,24.874447
2012-01-31 06:00:00,93.27715
2012-01-31 07:00:00,210.84467
2012-01-31 08:00:00,449.13177
2012-01-31 09:00:00,208.85449
2012-01-31 10:00:00,102.35451
2012-01-31 11:00:00,118.06146
2012-01-31 12:00:00,137.19292
2012-01-31 13:00:00,150.9373
2012-01-31 14:00:00,135.38213
2012-01-31 15:00:00,150.36841
2012-01-31 16:00:00,245.04268
2012-01-31 17:00:00,496.9769
2012-01-31 18:00:00,498.6443
2012-01-31 19:00:00,322.1316
2012-01-31 20:00:00,227.61313
2012-01-31 21:00:00,131.54095
2012-01-31 22:00:00,103.45694
2012-01-31 23:00:00,56.763958
2012-02-20 00:00:00,57.953083
2012-02-20 01:00:00,38.263527
2012-02-20 02:00:00,31.15736
2012-02-20 03:00:00,7.078239
2012-02-20 05:00:00,3.0361679
2012-02-20 06:00:00,20.863386
2012-02-20 07:00:00,56.187374
2012-02-20 08:00:00,179.76218
2012-02-20 09:00:00,175.83858
2012-02-20 10:00:00,131.45045
2012-02-20 11:00:00,192.78214
2012-02-20 12:00:00,188.22128
2012-02-20 13:00:00,187.15094
2012-02-20 14:00:00,178.71486
2012-02-20 15:00:00,174.08334
2012-02-20 16:00:00,237.88109
2012-02-20 17:00:00,255.44789
2012-02-20 18:00:00,232.793
2012-02-20 19:00:00,208.70245
2012-02-20 20:00:00,125.35478
2012-02-20 21:00:00,88.778915
2012-02-20 22:00:00,55.468426
2012-02-20 23:00:00,27.131529
2012-02-21 00:00:00,21.164072
2012-02-21 01:00:00,8.172351
2012-02-21 02:00:00,2.425954
2012-02-21 04:00:00,1.73905
2012-02-21 05:00:00,20.4168
2012-02-21 06:00:00,87.91749
2012-02-21 07:00:00,285.8084
2012-02-21 08:00:00,511.89847
2012-02-21 09:00:00,272.54538
2012-02-21 10:00:00,117.513504
2012-02-21 11:00:00,115.598946
2012-02-21 12:00:00,129.35963
2012-02-21 13:00:00,136.00916
2012-02-21 14:00:00,94.38272
2012-02-21 15:00:00,132.9995
2012-02-21 16:00:00,220.36594
2012-02-21 17:00:00,467.77628
2012-02-21 18:00:00,443.77444
2012-02-21 19:00:00,281.33524
2012-02-21 20:00:00,201.68205
2012-02-21 21:00:00,176.70901
2012-02-21 22:00:00,92.66944
2012-02-21 23:00:00,54.84743
2012-02-22 00:00:00,33.229027
2012-02-22 01:00:00,14.651061
2012-02-22 02:00:00,10.247811
2012-02-22 03:00:00,1.9578031
2012-02-22 04:00:00,2.1389015
2012-02-22 05:00:00,22.99626
2012-02-22 06:00:00,137.85678
2012-02-22 07:00:00,388.7707
2012-02-22 08:00:00,603.83936
2012-02-22 09:00:00,302.85028
2012-02-22 10:00:00,145.15837
2012-02-22 11:00:00,142.3119
2012-02-22 12:00:00,170.9635
2012-02-22 13:00:00,171.2832
2012-02-22 14:00:00,143.53697
2012-02-22 15:00:00,156.61333
2012-02-22 16:00:00,254.4245
2012-02-22 17:00:00,540.7901
2012-02-22 18:00:00,492.71497
2012-02-22 19:00:00,320.89667
2012-02-22 20:00:00,222.4233
2012-02-22 21:00:00,141.52563
2012-02-22 22:00:00,118.43213
2012-02-22 23:00:00,71.81026
2012-02-23 00:00:00,25.254301
2012-02-23 01:00:00,17.197668
2012-02-23 02:00:00,8.651377
2012-02-23 03:00:00,2.8330843
2012-02-23 04:00:00,3.4537072
2012-02-23 05:00:00,25.065754
2012-02-23 06:00:00,138.8622
2012-02-23 07:00:00,416.19138
2012-02-23 08:00:00,644.127
2012-02-23 09:00:00,315.8333
2012-02-23 10:00:00,133.24718
2012-02-23 11:00:00,161.29857
2012-02-23 12:00:00,190.4936
2012-02-23 13:00:00,205.39745
2012-02-23 14:00:00,179.42006
2012-02-23 15:00:00,195.51909
2012-02-23 16:00:00,325.33026
2012-02-23 17:00:00,606.71985
2012-02-23 18:00:00,596.8662
2012-02-23 19:00:00,386.52768
2012-02-23 20:00:00,261.60226
2012-02-23 21:00:00,193.32297
2012-02-23 22:00:00,137.43227
2012-02-23 23:00:00,80.927086
2012-02-24 00:00:00,39.031223
2012-02-24 01:00:00,26.546947
2012-02-24 02:00:00,14.090527
2012-02-24 03:00:00,9.456951
2012-02-24 04:00:00,5.348747
2012-02-24 05:00:00,18.293081
2012-02-24 06:00:00,93.45397
2012-02-24 07:00:00,294.76892
2012-02-24 08:00:00,551.64514
2012-02-24 09:00:00,213.17197
2012-02-24 10:00:00,110.84748
2012-02-24 11:00:00,174.72786
2012-02-24 12:00:00,219.08006
2012-02-24 13:00:00,209.40877
2012-02-24 14:00:00,201.43971
2012-02-24 15:00:00,97.432915
2012-02-24 16:00:00,131.23593
2012-02-24 17:00:00,246.663
2012-02-24 18:00:00,372.9773
2012-02-24 19:00:00,295.33267
2012-02-24 20:00:00,205.35054
2012-02-24 21:00:00,160.00099
2012-02-24 22:00:00,129.24146
2012-02-24 23:00:00,86.478516
2012-02-25 00:00:00,80.64293
2012-02-25 01:00:00,57.81524
2012-02-25 02:00:00,46.393562
2012-02-25 03:00:00,18.156755
2012-02-25 04:00:00,6.536376
2012-02-25 05:00:00,3.7471542
2012-02-25 06:00:00,1.9750353
2012-02-25 07:00:00,27.432175
2012-02-25 08:00:00,83.00561
2012-02-25 09:00:00,90.73987
2012-02-25 10:00:00,186.89026
2012-02-25 11:00:00,217.95926
2012-02-25 12:00:00,264.45743
2012-02-25 13:00:00,303.74405
2012-02-25 14:00:00,276.72675
2012-02-25 15:00:00,292.9964
2012-02-25 16:00:00,274.8511
2012-02-25 17:00:00,208.4843
2012-02-25 18:00:00,161.60909
2012-02-25 19:00:00,110.5466
2012-02-25 20:00:00,82.46708
2012-02-25 21:00:00,77.10576
2012-02-25 22:00:00,71.75121
2012-02-25 23:00:00,61.27207
2012-02-26 00:00:00,55.525257
2012-02-26 01:00:00,44.402367
2012-02-26 02:00:00,42.352665
2012-02-26 03:00:00,16.095783
2012-02-26 04:00:00,8.381715
2012-02-26 05:00:00,3.8820243
2012-02-26 06:00:00,3.7816792
2012-02-26 07:00:00,10.154015
2012-02-26 08:00:00,42.466747
2012-02-26 09:00:00,90.89293
2012-02-26 10:00:00,173.05034
2012-02-26 11:00:00,212.91501
2012-02-26 12:00:00,326.2075
2012-02-26 13:00:00,348.7258
2012-02-26 14:00:00,328.95203
2012-02-26 15:00:00,329.71786
2012-02-26 16:00:00,294.4237
2012-02-26 17:00:00,230.95285
2012-02-26 18:00:00,165.6959
2012-02-26 19:00:00,119.953926
2012-02-26 20:00:00,79.27072
2012-02-26 21:00:00,68.48676
2012-02-26 22:00:00,56.55258
2012-02-26 23:00:00,39.20012
2012-02-27 00:00:00,26.992367
2012-02-27 01:00:00,7.668256
2012-02-27 02:00:00,4.9222846
2012-02-27 03:00:00,1.9314773
2012-02-27 04:00:00,2.6186874
2012-02-27 05:00:00,23.690731
2012-02-27 06:00:00,96.20413
2012-02-27 07:00:00,250.38535
2012-02-27 08:00:00,471.45172
2012-02-27 09:00:00,254.30098
2012-02-27 10:00:00,112.74458
2012-02-27 11:00:00,123.2068
2012-02-27 12:00:00,172.20605
2012-02-27 13:00:00,161.79779
2012-02-27 14:00:00,171.26166
2012-02-27 15:00:00,202.78998
2012-02-27 16:00:00,305.9776
2012-02-27 17:00:00,558.5739
2012-02-27 18:00:00,518.31177
2012-02-27 19:00:00,330.10107
2012-02-27 20:00:00,215.56894
2012-02-27 21:00:00,148.73354
2012-02-27 22:00:00,100.08438
2012-02-27 23:00:00,38.541687
2012-02-28 00:00:00,26.74011
2012-02-28 01:00:00,14.35068
2012-02-28 02:00:00,6.0202603
2012-02-28 03:00:00,2.0321317
2012-02-28 04:00:00,2.0069284
2012-02-28 05:00:00,14.830421
2012-02-28 06:00:00,80.30982
2012-02-28 07:00:00,257.2776
2012-02-28 08:00:00,490.6916
2012-02-28 09:00:00,232.08669
2012-02-28 10:00:00,114.408264
2012-02-28 11:00:00,120.28632
2012-02-28 12:00:00,148.42897
2012-02-28 13:00:00,149.24936
2012-02-28 14:00:00,150.77068
2012-02-28 15:00:00,164.54527
2012-02-28 16:00:00,283.18826
2012-02-28 17:00:00,531.8594
2012-02-28 18:00:00,507.8434
2012-02-28 19:00:00,340.9955
2012-02-28 20:00:00,220.17302
2012-02-28 21:00:00,155.94485
2012-02-28 22:00:00,105.345055
2012-02-28 23:00:00,51.918648
2012-02-29 00:00:00,24.659903
2012-02-29 01:00:00,6.7872844
2012-02-29 02:00:00,6.887075
2012-02-29 03:00:00,2.2581534
2012-02-29 05:00:00,24.00391
2012-02-29 06:00:00,122.64133
2012-02-29 07:00:00,337.6518
2012-02-29 08:00:00,572.48816
2012-02-29 09:00:00,173.70197
2012-02-29 10:00:00,70.78527
2012-02-29 11:00:00,71.058304
2012-02-29 12:00:00,60.593315
2012-02-29 13:00:00,121.58799
2012-02-29 14:00:00,105.57326
2012-02-29 15:00:00,115.96565
2012-02-29 16:00:00,97.12007
2012-02-29 17:00:00,428.96964
2012-02-29 18:00:00,263.3193
2012-02-29 19:00:00,338.32834
2012-02-29 20:00:00,132.22652
2012-02-29 21:00:00,92.62007
2012-02-29 22:00:00,57.662235
2012-02-29 23:00:00,45.15522
2012-03-20 00:00:00,23.148825
2012-03-20 01:00:00,28.473072
2012-03-20 02:00:00,8.854071
2012-03-20 03:00:00,1.9976416
2012-03-20 04:00:00,1.2483536
2012-03-20 05:00:00,27.37228
2012-03-20 06:00:00,126.242065
2012-03-20 07:00:00,177.01318
2012-03-20 08:00:00,565.8837
2012-03-20 09:00:00,304.11655
2012-03-20 10:00:00,174.92966
2012-03-20 11:00:00,221.61295
2012-03-20 12:00:00,233.43524
2012-03-20 13:00:00,237.62383
2012-03-20 14:00:00,205.51479
2012-03-20 15:00:00,212.74155
2012-03-20 16:00:00,383.8738
2012-03-20 17:00:00,707.8646
2012-03-20 18:00:00,728.8689
2012-03-20 19:00:00,467.1925
2012-03-20 20:00:00,356.81784
2012-03-20 21:00:00,251.33817
2012-03-20 22:00:00,181.80666
2012-03-20 23:00:00,81.82428
2012-03-21 00:00:00,44.309277
2012-03-21 01:00:00,22.81145
2012-03-21 02:00:00,11.528674
2012-03-21 03:00:00,3.6547897
2012-03-21 04:00:00,3.4348352
2012-03-21 05:00:00,30.601671
2012-03-21 06:00:00,131.44957
2012-03-21 07:00:00,165.70818
2012-03-21 08:00:00,371.36438
2012-03-21 09:00:00,304.88644
2012-03-21 10:00:00,155.06418
2012-03-21 11:00:00,167.66266
2012-03-21 12:00:00,243.48695
2012-03-21 13:00:00,190.70721
2012-03-21 14:00:00,181.84982
2012-03-21 15:00:00,206.9222
2012-03-21 16:00:00,380.27155
2012-03-21 17:00:00,796.2206
2012-03-21 18:00:00,792.1535
2012-03-21 19:00:00,611.31287
2012-03-21 20:00:00,433.09695
2012-03-21 21:00:00,287.14423
2012-03-21 22:00:00,223.97075
2012-03-21 23:00:00,146.09607
2012-03-22 00:00:00,57.26619
2012-03-22 01:00:00,33.651012
2012-03-22 02:00:00,16.170137
2012-03-22 03:00:00,7.862913
2012-03-22 04:00:00,4.5026565
2012-03-22 05:00:00,22.90243
2012-03-22 06:00:00,122.44319
2012-03-22 07:00:00,392.214
2012-03-22 08:00:00,641.7467
2012-03-22 09:00:00,280.5033
2012-03-22 10:00:00,111.42483
2012-03-22 11:00:00,149.03877
2012-03-22 12:00:00,203.88007
2012-03-22 13:00:00,296.66766
2012-03-22 14:00:00,259.2521
2012-03-22 15:00:00,293.3825
2012-03-22 16:00:00,455.15146
2012-03-22 17:00:00,830.0094
2012-03-22 18:00:00,798.36304
2012-03-22 19:00:00,572.24786
2012-03-22 20:00:00,449.749
2012-03-22 21:00:00,321.78723
2012-03-22 22:00:00,243.76561
2012-03-22 23:00:00,145.38249
2012-03-23 00:00:00,83.04601
2012-03-23 01:00:00,40.79114
2012-03-23 02:00:00,20.553299
2012-03-23 03:00:00,13.068535
2012-03-23 04:00:00,5.028871
2012-03-23 05:00:00,22.4074
2012-03-23 06:00:00,123.962906
2012-03-23 07:00:00,329.2773
2012-03-23 08:00:00,575.64825
2012-03-23 09:00:00,328.98807
2012-03-23 10:00:00,191.67278
2012-03-23 11:00:00,285.82318
2012-03-23 12:00:00,393.70184
2012-03-23 13:00:00,368.45486
2012-03-23 14:00:00,335.04922
2012-03-23 15:00:00,352.14246
2012-03-23 16:00:00,474.9962
2012-03-23 17:00:00,763.3529
2012-03-23 18:00:00,782.02795
2012-03-23 19:00:00,538.3518
2012-03-23 20:00:00,380.7231
2012-03-23 21:00:00,279.87488
2012-03-23 22:00:00,243.92908
2012-03-23 23:00:00,191.40097
2012-03-24 00:00:00,204.36215
2012-03-24 01:00:00,159.22784
2012-03-24 02:00:00,83.440285
2012-03-24 03:00:00,39.169838
2012-03-24 04:00:00,18.39455
2012-03-24 05:00:00,20.333702
2012-03-24 06:00:00,41.306145
2012-03-24 07:00:00,75.497185
2012-03-24 08:00:00,207.17441
2012-03-24 09:00:00,313.533
2012-03-24 10:00:00,324.52792
2012-03-24 11:00:00,368.96854
2012-03-24 12:00:00,278.68707
2012-03-24 13:00:00,266.42126
2012-03-24 14:00:00,243.62572
2012-03-24 15:00:00,214.83089
2012-03-24 16:00:00,200.95378
2012-03-24 17:00:00,211.46065
2012-03-24 18:00:00,144.46193
2012-03-24 19:00:00,142.25172
2012-03-24 20:00:00,65.182236
2012-03-24 21:00:00,69.87937
2012-03-24 22:00:00,46.86291
2012-03-24 23:00:00,107.7079
2012-03-25 00:00:00,62.90051
2012-03-25 01:00:00,53.454792
2012-03-25 02:00:00,31.504293
2012-03-25 03:00:00,17.243444
2012-03-25 04:00:00,7.452155
2012-03-25 05:00:00,8.731728
2012-03-25 06:00:00,12.868993
2012-03-25 07:00:00,25.614426
2012-03-25 08:00:00,82.64005
2012-03-25 09:00:00,151.5101
2012-03-25 10:00:00,199.425
2012-03-25 11:00:00,271.4822
2012-03-25 12:00:00,294.4932
2012-03-25 13:00:00,365.80914
2012-03-25 14:00:00,316.89526
2012-03-25 15:00:00,333.7488
2012-03-25 16:00:00,510.4868
2012-03-25 17:00:00,475.16342
2012-03-25 18:00:00,414.91718
2012-03-25 19:00:00,343.73856
2012-03-25 20:00:00,248.16754
2012-03-25 21:00:00,199.81502
2012-03-25 22:00:00,118.83454
2012-03-25 23:00:00,79.93318
2012-03-26 00:00:00,16.558378
2012-03-26 01:00:00,18.565762
2012-03-26 02:00:00,9.741894
2012-03-26 03:00:00,4.5973945
2012-03-26 04:00:00,5.580633
2012-03-26 05:00:00,28.77525
2012-03-26 06:00:00,143.20029
2012-03-26 07:00:00,433.92075
2012-03-26 08:00:00,688.3908
2012-03-26 09:00:00,319.46265
2012-03-26 10:00:00,191.57364
2012-03-26 11:00:00,229.49892
2012-03-26 12:00:00,288.1672
2012-03-26 13:00:00,275.01498
2012-03-26 14:00:00,241.80537
2012-03-26 15:00:00,251.08742
2012-03-26 16:00:00,407.136
2012-03-26 17:00:00,708.28766
2012-03-26 18:00:00,647.7674
2012-03-26 19:00:00,451.46317
2012-03-26 20:00:00,320.00107
2012-03-26 21:00:00,198.70386
2012-03-26 22:00:00,124.64824
2012-03-26 23:00:00,65.52752
2012-03-27 00:00:00,16.742907
2012-03-27 01:00:00,8.75675
2012-03-27 02:00:00,7.7759643
2012-03-27 03:00:00,1.7600485
2012-03-27 04:00:00,3.7532697
2012-03-27 05:00:00,25.371702
2012-03-27 06:00:00,96.55271
2012-03-27 07:00:00,315.11923
2012-03-27 08:00:00,541.4516
2012-03-27 09:00:00,252.35762
2012-03-27 10:00:00,127.48449
2012-03-27 11:00:00,154.23477
2012-03-27 12:00:00,226.85059
2012-03-27 13:00:00,224.85387
2012-03-27 14:00:00,200.99457
2012-03-27 15:00:00,271.8389
2012-03-27 16:00:00,393.0443
2012-03-27 17:00:00,759.2414
2012-03-27 18:00:00,724.8905
2012-03-27 19:00:00,476.85367
2012-03-27 20:00:00,317.22507
2012-03-27 21:00:00,196.57211
2012-03-27 22:00:00,135.18631
2012-03-27 23:00:00,79.97066
2012-03-28 00:00:00,34.470192
2012-03-28 01:00:00,14.392937
2012-03-28 02:00:00,6.515032
2012-03-28 03:00:00,2.4001985
2012-03-28 04:00:00,5.5027766
2012-03-28 05:00:00,34.808678
2012-03-28 06:00:00,133.3096
2012-03-28 07:00:00,386.4986
2012-03-28 08:00:00,692.1968
2012-03-28 09:00:00,298.1695
2012-03-28 10:00:00,185.7464
2012-03-28 11:00:00,241.66034
2012-03-28 12:00:00,268.31137
2012-03-28 13:00:00,275.17368
2012-03-28 14:00:00,273.98032
2012-03-28 15:00:00,275.97803
2012-03-28 16:00:00,273.4144
2012-03-28 17:00:00,825.8187
2012-03-28 18:00:00,821.33435
2012-03-28 19:00:00,623.9558
2012-03-28 20:00:00,444.9625
2012-03-28 21:00:00,302.48718
2012-03-28 22:00:00,243.86595
2012-03-28 23:00:00,153.05545
2012-03-29 00:00:00,68.2738
2012-03-29 01:00:00,29.18925
2012-03-29 02:00:00,9.671661
2012-03-29 03:00:00,7.133159
2012-03-29 04:00:00,8.653083
2012-03-29 05:00:00,42.65261
2012-03-29 06:00:00,164.12622
2012-03-29 07:00:00,469.96426
2012-03-29 08:00:00,730.56335
2012-03-29 09:00:00,330.7234
2012-03-29 10:00:00,184.6386
2012-03-29 11:00:00,241.10791
2012-03-29 12:00:00,290.8497
2012-03-29 13:00:00,260.66037
2012-03-29 14:00:00,241.98557
2012-03-29 15:00:00,264.61508
2012-03-29 16:00:00,398.4845
2012-03-29 17:00:00,764.9192
2012-03-29 18:00:00,718.14
2012-03-29 19:00:00,497.5268
2012-03-29 20:00:00,371.62326
2012-03-29 21:00:00,244.90898
2012-03-29 22:00:00,176.61963
2012-03-29 23:00:00,112.052155
2012-03-30 00:00:00,61.716587
2012-03-30 01:00:00,36.628807
2012-03-30 02:00:00,18.60508
2012-03-30 03:00:00,10.04829
2012-03-30 04:00:00,4.38501
2012-03-30 05:00:00,27.83371
2012-03-30 06:00:00,104.38042
2012-03-30 07:00:00,342.85593
2012-03-30 08:00:00,652.3151
2012-03-30 09:00:00,313.0354
2012-03-30 10:00:00,167.44191
2012-03-30 11:00:00,218.7868
2012-03-30 12:00:00,307.79565
2012-03-30 13:00:00,179.48326
2012-03-30 14:00:00,117.40205
2012-03-30 15:00:00,171.75406
2012-03-30 16:00:00,131.81221
2012-03-30 17:00:00,591.6884
2012-03-30 18:00:00,621.454
2012-03-30 19:00:00,404.38437
2012-03-30 20:00:00,247.12564
2012-03-30 21:00:00,196.01723
2012-03-30 22:00:00,159.76372
2012-03-30 23:00:00,126.76982
2012-03-31 00:00:00,125.798805
2012-03-31 01:00:00,91.592705
2012-03-31 02:00:00,58.71231
2012-03-31 03:00:00,28.049473
2012-03-31 04:00:00,6.8430448
2012-03-31 05:00:00,23.935493
2012-03-31 06:00:00,23.547802
2012-03-31 07:00:00,56.135384
2012-03-31 08:00:00,170.32037
2012-03-31 09:00:00,273.57526
2012-03-31 10:00:00,346.43094
2012-03-31 11:00:00,554.49725
2012-03-31 12:00:00,574.07904
2012-03-31 13:00:00,669.6386
2012-03-31 14:00:00,537.7718
2012-03-31 15:00:00,594.6312
2012-03-31 16:00:00,506.7353
2012-03-31 17:00:00,478.06927
2012-03-31 18:00:00,291.4402
2012-03-31 19:00:00,273.19067
2012-03-31 20:00:00,159.02094
2012-03-31 21:00:00,147.7392
2012-03-31 22:00:00,144.20459
2012-03-31 23:00:00,110.19959
2012-04-20 00:00:00,67.72147
2012-04-20 01:00:00,38.79242
2012-04-20 02:00:00,16.28886
2012-04-20 03:00:00,8.028108
2012-04-20 04:00:00,5.2794003
2012-04-20 05:00:00,36.308594
2012-04-20 06:00:00,132.22305
2012-04-20 07:00:00,364.52335
2012-04-20 08:00:00,599.7536
2012-04-20 09:00:00,348.85052
2012-04-20 10:00:00,220.52362
2012-04-20 11:00:00,288.93985
2012-04-20 12:00:00,358.9237
2012-04-20 13:00:00,378.63715
2012-04-20 14:00:00,327.16208
2012-04-20 15:00:00,369.8901
2012-04-20 16:00:00,494.92468
2012-04-20 17:00:00,727.61487
2012-04-20 18:00:00,684.41406
2012-04-20 19:00:00,519.15314
2012-04-20 20:00:00,331.38983
2012-04-20 21:00:00,267.01175
2012-04-20 22:00:00,210.60822
2012-04-20 23:00:00,175.03409
2012-04-21 00:00:00,111.64769
2012-04-21 01:00:00,105.698044
2012-04-21 02:00:00,70.17426
2012-04-21 03:00:00,27.094734
2012-04-21 04:00:00,12.475199
2012-04-21 05:00:00,14.7370405
2012-04-21 06:00:00,35.724255
2012-04-21 07:00:00,92.07601
2012-04-21 08:00:00,267.97278
2012-04-21 09:00:00,359.35077
2012-04-21 10:00:00,425.4792
2012-04-21 11:00:00,543.1159
2012-04-21 12:00:00,619.48193
2012-04-21 13:00:00,664.30084
2012-04-21 14:00:00,623.30334
2012-04-21 15:00:00,632.1162
2012-04-21 16:00:00,589.45325
2012-04-21 17:00:00,592.2256
2012-04-21 18:00:00,473.73645
2012-04-21 19:00:00,175.17358
2012-04-21 20:00:00,110.97324
2012-04-21 21:00:00,86.86162
2012-04-21 22:00:00,150.97961
2012-04-21 23:00:00,123.651985
2012-04-22 00:00:00,84.1744
2012-04-22 01:00:00,62.644436
2012-04-22 02:00:00,73.73574
2012-04-22 03:00:00,31.534285
2012-04-22 04:00:00,15.960245
2012-04-22 05:00:00,17.067957
2012-04-22 06:00:00,31.398733
2012-04-22 07:00:00,23.818758
2012-04-22 08:00:00,86.31135
2012-04-22 09:00:00,137.76033
2012-04-22 10:00:00,161.07233
2012-04-22 11:00:00,201.51498
2012-04-22 12:00:00,220.22185
2012-04-22 13:00:00,210.55943
2012-04-22 14:00:00,192.17764
2012-04-22 15:00:00,166.48744
2012-04-22 16:00:00,139.13138
2012-04-22 17:00:00,100.88613
2012-04-22 18:00:00,92.81399
2012-04-22 19:00:00,75.3964
2012-04-22 20:00:00,56.3949
2012-04-22 21:00:00,51.3477
2012-04-22 22:00:00,27.340158
2012-04-22 23:00:00,26.379438
2012-04-23 00:00:00,14.650068
2012-04-23 01:00:00,10.021984
2012-04-23 02:00:00,5.9064856
2012-04-23 03:00:00,3.6033509
2012-04-23 04:00:00,8.801872
2012-04-23 05:00:00,22.67707
2012-04-23 06:00:00,102.048386
2012-04-23 07:00:00,212.3853
2012-04-23 08:00:00,619.46655
2012-04-23 09:00:00,258.4623
2012-04-23 10:00:00,136.26823
2012-04-23 11:00:00,158.14847
2012-04-23 12:00:00,140.55977
2012-04-23 13:00:00,140.64806
2012-04-23 14:00:00,152.88116
2012-04-23 15:00:00,212.02141
2012-04-23 16:00:00,131.2807
2012-04-23 17:00:00,327.24448
2012-04-23 18:00:00,376.58447
2012-04-23 19:00:00,367.52774
2012-04-23 20:00:00,249.1467
2012-04-23 21:00:00,157.3032
2012-04-23 22:00:00,93.98278
2012-04-23 23:00:00,56.6432
2012-04-24 00:00:00,13.946106
2012-04-24 01:00:00,4.0280776
2012-04-24 02:00:00,2.8997235
2012-04-24 03:00:00,2.0258582
2012-04-24 04:00:00,2.1160228
2012-04-24 05:00:00,20.693794
2012-04-24 06:00:00,95.448265
2012-04-24 07:00:00,333.8467
2012-04-24 08:00:00,620.6686
2012-04-24 09:00:00,264.78784
2012-04-24 10:00:00,155.37308
2012-04-24 11:00:00,195.58817
2012-04-24 12:00:00,230.40752
2012-04-24 13:00:00,239.95836
2012-04-24 14:00:00,229.26926
2012-04-24 15:00:00,251.45425
2012-04-24 16:00:00,403.083
2012-04-24 17:00:00,712.31274
2012-04-24 18:00:00,714.9265
2012-04-24 19:00:00,470.8278
2012-04-24 20:00:00,286.91336
2012-04-24 21:00:00,157.50313
2012-04-24 22:00:00,138.68509
2012-04-24 23:00:00,75.84095
2012-04-25 00:00:00,40.075928
2012-04-25 01:00:00,13.272584
2012-04-25 02:00:00,3.053522
2012-04-25 03:00:00,2.8369207
2012-04-25 04:00:00,1.8403726
2012-04-25 05:00:00,31.825897
2012-04-25 06:00:00,123.11268
2012-04-25 07:00:00,414.85526
2012-04-25 08:00:00,675.5212
2012-04-25 09:00:00,329.57828
2012-04-25 10:00:00,215.81856
2012-04-25 11:00:00,222.3524
2012-04-25 12:00:00,264.93637
2012-04-25 13:00:00,240.63779
2012-04-25 14:00:00,231.04883
2012-04-25 15:00:00,255.68042
2012-04-25 16:00:00,367.54117
2012-04-25 17:00:00,755.0269
2012-04-25 18:00:00,703.72577
2012-04-25 19:00:00,514.2823
2012-04-25 20:00:00,355.7409
2012-04-25 21:00:00,232.96844
2012-04-25 22:00:00,175.159
2012-04-25 23:00:00,113.72448
2012-04-26 00:00:00,37.301315
2012-04-26 01:00:00,14.333602
2012-04-26 02:00:00,8.132769
2012-04-26 03:00:00,3.7694345
2012-04-26 04:00:00,6.066592
2012-04-26 05:00:00,29.82533
2012-04-26 06:00:00,131.63037
2012-04-26 07:00:00,185.25691
2012-04-26 08:00:00,427.9924
2012-04-26 09:00:00,158.2645
2012-04-26 10:00:00,105.2821
2012-04-26 11:00:00,128.81833
2012-04-26 12:00:00,188.15276
2012-04-26 13:00:00,169.84021
2012-04-26 14:00:00,180.76433
2012-04-26 15:00:00,166.63148
2012-04-26 16:00:00,290.60214
2012-04-26 17:00:00,629.2598
2012-04-26 18:00:00,546.8087
2012-04-26 19:00:00,417.03143
2012-04-26 20:00:00,369.38165
2012-04-26 21:00:00,271.16632
2012-04-26 22:00:00,210.63574
2012-04-26 23:00:00,125.66639
2012-04-27 00:00:00,63.789677
2012-04-27 01:00:00,34.959095
2012-04-27 02:00:00,18.187067
2012-04-27 03:00:00,11.401888
2012-04-27 04:00:00,7.196607
2012-04-27 05:00:00,31.936272
2012-04-27 06:00:00,104.532074
2012-04-27 07:00:00,328.7131
2012-04-27 08:00:00,634.98584
2012-04-27 09:00:00,316.02216
2012-04-27 10:00:00,211.92123
2012-04-27 11:00:00,274.5015
2012-04-27 12:00:00,324.84122
2012-04-27 13:00:00,327.97977
2012-04-27 14:00:00,286.1922
2012-04-27 15:00:00,340.5966
2012-04-27 16:00:00,459.45172
2012-04-27 17:00:00,663.0087
2012-04-27 18:00:00,599.78015
2012-04-27 19:00:00,413.08667
2012-04-27 20:00:00,250.49329
2012-04-27 21:00:00,183.0331
2012-04-27 22:00:00,170.78355
2012-04-27 23:00:00,119.78728
2012-04-28 00:00:00,84.1546
2012-04-28 01:00:00,72.76668
2012-04-28 02:00:00,47.558872
2012-04-28 03:00:00,21.459455
2012-04-28 04:00:00,12.5854225
2012-04-28 05:00:00,9.074939
2012-04-28 06:00:00,20.643568
2012-04-28 07:00:00,66.88481
2012-04-28 08:00:00,187.08813
2012-04-28 09:00:00,274.47705
2012-04-28 10:00:00,332.27994
2012-04-28 11:00:00,424.9266
2012-04-28 12:00:00,498.29892
2012-04-28 13:00:00,519.7403
2012-04-28 14:00:00,542.8349
2012-04-28 15:00:00,532.2075
2012-04-28 16:00:00,477.23245
2012-04-28 17:00:00,438.3267
2012-04-28 18:00:00,277.3753
2012-04-28 19:00:00,199.51424
2012-04-28 20:00:00,204.4031
2012-04-28 21:00:00,113.226326
2012-04-28 22:00:00,120.54958
2012-04-28 23:00:00,124.02203
2012-04-29 00:00:00,58.13944
2012-04-29 01:00:00,80.41537
2012-04-29 02:00:00,74.52443
2012-04-29 03:00:00,26.044573
2012-04-29 04:00:00,12.906213
2012-04-29 05:00:00,15.359057
2012-04-29 06:00:00,38.384514
2012-04-29 07:00:00,62.868256
2012-04-29 08:00:00,146.41635
2012-04-29 09:00:00,287.70416
2012-04-29 10:00:00,357.6693
2012-04-29 11:00:00,453.19595
2012-04-29 12:00:00,578.9017
2012-04-29 13:00:00,570.21796
2012-04-29 14:00:00,539.1436
2012-04-29 15:00:00,568.7058
2012-04-29 16:00:00,542.13873
2012-04-29 17:00:00,517.43427
2012-04-29 18:00:00,415.44656
2012-04-29 19:00:00,360.33478
2012-04-29 20:00:00,243.14098
2012-04-29 21:00:00,158.83601
2012-04-29 22:00:00,144.01309
2012-04-29 23:00:00,65.62038
2012-04-30 00:00:00,41.31301
2012-04-30 01:00:00,12.279259
2012-04-30 02:00:00,4.201269
2012-04-30 03:00:00,4.07807
2012-04-30 04:00:00,5.5692596
2012-04-30 05:00:00,24.779758
2012-04-30 06:00:00,115.0629
2012-04-30 07:00:00,359.54654
2012-04-30 08:00:00,669.34247
2012-04-30 09:00:00,330.63492
2012-04-30 10:00:00,190.74219
2012-04-30 11:00:00,202.39848
2012-04-30 12:00:00,241.6845
2012-04-30 13:00:00,220.01424
2012-04-30 14:00:00,234.82124
2012-04-30 15:00:00,263.25287
2012-04-30 16:00:00,372.92386
2012-04-30 17:00:00,686.08203
2012-04-30 18:00:00,666.4392
2012-04-30 19:00:00,449.97772
2012-04-30 20:00:00,317.25818
2012-04-30 21:00:00,205.68039
2012-04-30 22:00:00,131.06178
2012-04-30 23:00:00,84.878586
2012-05-20 00:00:00,149.85277
2012-05-20 01:00:00,100.22516
2012-05-20 02:00:00,69.413185
2012-05-20 03:00:00,36.356323
2012-05-20 04:00:00,12.413345
2012-05-20 05:00:00,13.849371
2012-05-20 06:00:00,15.108501
2012-05-20 07:00:00,47.81305
2012-05-20 08:00:00,131.2991
2012-05-20 09:00:00,239.1645
2012-05-20 10:00:00,345.42163
2012-05-20 11:00:00,500.87598
2012-05-20 12:00:00,588.1231
2012-05-20 13:00:00,616.69165
2012-05-20 14:00:00,556.9572
2012-05-20 15:00:00,519.88007
2012-05-20 16:00:00,591.4455
2012-05-20 17:00:00,552.0782
2012-05-20 18:00:00,462.20523
2012-05-20 19:00:00,375.09805
2012-05-20 20:00:00,269.41373
2012-05-20 21:00:00,213.6963
2012-05-20 22:00:00,148.28566
2012-05-20 23:00:00,61.051918
2012-05-21 00:00:00,26.004034
2012-05-21 01:00:00,8.174439
2012-05-21 02:00:00,6.637325
2012-05-21 03:00:00,5.571865
2012-05-21 04:00:00,7.43526
2012-05-21 05:00:00,17.588797
2012-05-21 06:00:00,73.33047
2012-05-21 07:00:00,162.15822
2012-05-21 08:00:00,303.67142
2012-05-21 09:00:00,155.69458
2012-05-21 10:00:00,81.68508
2012-05-21 11:00:00,140.25348
2012-05-21 12:00:00,184.50568
2012-05-21 13:00:00,147.05966
2012-05-21 14:00:00,108.563934
2012-05-21 15:00:00,198.3527
2012-05-21 16:00:00,288.6711
2012-05-21 17:00:00,638.4311
2012-05-21 18:00:00,666.6514
2012-05-21 19:00:00,480.52432
2012-05-21 20:00:00,336.18048
2012-05-21 21:00:00,222.63066
2012-05-21 22:00:00,152.20016
2012-05-21 23:00:00,90.272675
2012-05-22 00:00:00,45.977184
2012-05-22 01:00:00,16.167477
2012-05-22 02:00:00,7.89961
2012-05-22 03:00:00,7.8984156
2012-05-22 04:00:00,6.321508
2012-05-22 05:00:00,13.153349
2012-05-22 06:00:00,51.33794
2012-05-22 07:00:00,174.46404
2012-05-22 08:00:00,582.75226
2012-05-22 09:00:00,302.33197
2012-05-22 10:00:00,174.34535
2012-05-22 11:00:00,167.74167
2012-05-22 12:00:00,239.88147
2012-05-22 13:00:00,211.03156
2012-05-22 14:00:00,171.71576
2012-05-22 15:00:00,272.44022
2012-05-22 16:00:00,426.78876
2012-05-22 17:00:00,815.6694
2012-05-22 18:00:00,795.19714
2012-05-22 19:00:00,519.81616
2012-05-22 20:00:00,363.31454
2012-05-22 21:00:00,257.63748
2012-05-22 22:00:00,220.86389
2012-05-22 23:00:00,141.31009
2012-05-23 00:00:00,60.25057
2012-05-23 01:00:00,26.486397
2012-05-23 02:00:00,9.021923
2012-05-23 03:00:00,7.6942706
2012-05-23 04:00:00,6.8139043
2012-05-23 05:00:00,16.861069
2012-05-23 06:00:00,181.4538
2012-05-23 07:00:00,473.74802
2012-05-23 08:00:00,668.6592
2012-05-23 09:00:00,315.66336
2012-05-23 10:00:00,198.58286
2012-05-23 11:00:00,213.08311
2012-05-23 12:00:00,268.01422
2012-05-23 13:00:00,216.19872
2012-05-23 14:00:00,237.6504
2012-05-23 15:00:00,261.8985
2012-05-23 16:00:00,309.21576
2012-05-23 17:00:00,537.2228
2012-05-23 18:00:00,525.64636
2012-05-23 19:00:00,421.30188
2012-05-23 20:00:00,306.83545
2012-05-23 21:00:00,210.13412
2012-05-23 22:00:00,173.1568
2012-05-23 23:00:00,143.44536
2012-05-24 00:00:00,70.86759
2012-05-24 01:00:00,29.442871
2012-05-24 02:00:00,18.03837
2012-05-24 03:00:00,7.3185034
2012-05-24 04:00:00,6.883068
2012-05-24 05:00:00,34.65677
2012-05-24 06:00:00,163.34633
2012-05-24 07:00:00,480.5597
2012-05-24 08:00:00,750.5736
2012-05-24 09:00:00,355.95206
2012-05-24 10:00:00,213.79086
2012-05-24 11:00:00,281.163
2012-05-24 12:00:00,338.99753
2012-05-24 13:00:00,343.49567
2012-05-24 14:00:00,266.70822
2012-05-24 15:00:00,306.9619
2012-05-24 16:00:00,464.0006
2012-05-24 17:00:00,830.4224
2012-05-24 18:00:00,768.8523
2012-05-24 19:00:00,563.2425
2012-05-24 20:00:00,380.17975
2012-05-24 21:00:00,169.03064
2012-05-24 22:00:00,229.23239
2012-05-24 23:00:00,157.95224
2012-05-25 00:00:00,94.56006
2012-05-25 01:00:00,49.810375
2012-05-25 02:00:00,16.48615
2012-05-25 03:00:00,12.133923
2012-05-25 04:00:00,8.546698
2012-05-25 05:00:00,35.897392
2012-05-25 06:00:00,152.50212
2012-05-25 07:00:00,373.31033
2012-05-25 08:00:00,607.85284
2012-05-25 09:00:00,338.75858
2012-05-25 10:00:00,254.38873
2012-05-25 11:00:00,309.76212
2012-05-25 12:00:00,397.80905
2012-05-25 13:00:00,393.88113
2012-05-25 14:00:00,340.7572
2012-05-25 15:00:00,365.05215
2012-05-25 16:00:00,494.45358
2012-05-25 17:00:00,768.617
2012-05-25 18:00:00,746.11945
2012-05-25 19:00:00,513.1715
2012-05-25 20:00:00,357.9362
2012-05-25 21:00:00,306.10034
2012-05-25 22:00:00,279.1781
2012-05-25 23:00:00,208.70999
2012-05-26 00:00:00,187.93954
2012-05-26 01:00:00,134.45923
2012-05-26 02:00:00,81.905685
2012-05-26 03:00:00,39.36489
2012-05-26 04:00:00,13.727373
2012-05-26 05:00:00,26.551464
2012-05-26 06:00:00,51.421173
2012-05-26 07:00:00,88.38807
2012-05-26 08:00:00,244.98727
2012-05-26 09:00:00,330.1718
2012-05-26 10:00:00,430.6566
2012-05-26 11:00:00,555.03314
2012-05-26 12:00:00,585.36926
2012-05-26 13:00:00,643.47644
2012-05-26 14:00:00,596.44
2012-05-26 15:00:00,613.3225
2012-05-26 16:00:00,628.507
2012-05-26 17:00:00,583.996
2012-05-26 18:00:00,506.85986
2012-05-26 19:00:00,439.30905
2012-05-26 20:00:00,325.34268
2012-05-26 21:00:00,302.45273
2012-05-26 22:00:00,291.7557
2012-05-26 23:00:00,224.57295
2012-05-27 00:00:00,148.76181
2012-05-27 01:00:00,98.51695
2012-05-27 02:00:00,80.78754
2012-05-27 03:00:00,36.3337
2012-05-27 04:00:00,14.364153
2012-05-27 05:00:00,17.501036
2012-05-27 06:00:00,23.35914
2012-05-27 07:00:00,55.48991
2012-05-27 08:00:00,142.58678
2012-05-27 09:00:00,241.54865
2012-05-27 10:00:00,355.372
2012-05-27 11:00:00,537.89374
2012-05-27 12:00:00,582.7983
2012-05-27 13:00:00,604.4014
2012-05-27 14:00:00,544.3333
2012-05-27 15:00:00,568.0366
2012-05-27 16:00:00,617.4861
2012-05-27 17:00:00,582.5634
2012-05-27 18:00:00,482.32516
2012-05-27 19:00:00,450.65622
2012-05-27 20:00:00,326.76944
2012-05-27 21:00:00,163.5124
2012-05-27 22:00:00,111.85891
2012-05-27 23:00:00,82.404686
2012-05-28 00:00:00,81.478966
2012-05-28 01:00:00,43.47527
2012-05-28 02:00:00,29.990463
2012-05-28 03:00:00,13.456791
2012-05-28 04:00:00,14.992698
2012-05-28 05:00:00,20.933773
2012-05-28 06:00:00,95.177
2012-05-28 07:00:00,154.82811
2012-05-28 08:00:00,221.77574
2012-05-28 09:00:00,245.50024
2012-05-28 10:00:00,266.9889
2012-05-28 11:00:00,394.11447
2012-05-28 12:00:00,435.04694
2012-05-28 13:00:00,422.1716
2012-05-28 14:00:00,362.36594
2012-05-28 15:00:00,384.6234
2012-05-28 16:00:00,475.75433
2012-05-28 17:00:00,583.9067
2012-05-28 18:00:00,564.1613
2012-05-28 19:00:00,547.30066
2012-05-28 20:00:00,386.34598
2012-05-28 21:00:00,275.89066
2012-05-28 22:00:00,220.0396
2012-05-28 23:00:00,103.01957
2012-05-29 00:00:00,51.19196
2012-05-29 01:00:00,20.726141
2012-05-29 02:00:00,9.2614565
2012-05-29 03:00:00,7.4891458
2012-05-29 04:00:00,10.0545225
2012-05-29 05:00:00,32.143757
2012-05-29 06:00:00,176.40625
2012-05-29 07:00:00,420.53873
2012-05-29 08:00:00,604.2831
2012-05-29 09:00:00,309.6992
2012-05-29 10:00:00,209.20349
2012-05-29 11:00:00,269.247
2012-05-29 12:00:00,304.55606
2012-05-29 13:00:00,300.82047
2012-05-29 14:00:00,248.67155
2012-05-29 15:00:00,263.19324
2012-05-29 16:00:00,424.5023
2012-05-29 17:00:00,759.63995
2012-05-29 18:00:00,737.25574
2012-05-29 19:00:00,523.1605
2012-05-29 20:00:00,237.73929
2012-05-29 21:00:00,72.967926
2012-05-29 22:00:00,166.2972
2012-05-29 23:00:00,74.79343
2012-05-30 00:00:00,27.099363
2012-05-30 01:00:00,11.751852
2012-05-30 02:00:00,7.3461914
2012-05-30 03:00:00,3.6972344
2012-05-30 04:00:00,5.049917
2012-05-30 05:00:00,41.302032
2012-05-30 06:00:00,173.62373
2012-05-30 07:00:00,225.25824
2012-05-30 08:00:00,708.74506
2012-05-30 09:00:00,320.49216
2012-05-30 10:00:00,178.29347
2012-05-30 11:00:00,202.63803
2012-05-30 12:00:00,303.77237
2012-05-30 13:00:00,294.3985
2012-05-30 14:00:00,242.73357
2012-05-30 15:00:00,264.6159
2012-05-30 16:00:00,419.63126
2012-05-30 17:00:00,812.2598
2012-05-30 18:00:00,788.967
2012-05-30 19:00:00,584.46344
2012-05-30 20:00:00,341.53384
2012-05-30 21:00:00,300.97577
2012-05-30 22:00:00,250.94652
2012-05-30 23:00:00,176.59926
2012-05-31 00:00:00,70.63315
2012-05-31 01:00:00,26.392597
2012-05-31 02:00:00,13.090693
2012-05-31 03:00:00,8.571303
2012-05-31 04:00:00,12.240375
2012-05-31 05:00:00,42.024208
2012-05-31 06:00:00,200.48354
2012-05-31 07:00:00,496.50116
2012-05-31 08:00:00,709.2757
2012-05-31 09:00:00,309.4359
2012-05-31 10:00:00,184.94835
2012-05-31 11:00:00,262.3228
2012-05-31 12:00:00,330.2929
2012-05-31 13:00:00,344.7448
2012-05-31 14:00:00,270.55362
2012-05-31 15:00:00,307.28073
2012-05-31 16:00:00,449.92606
2012-05-31 17:00:00,807.31366
2012-05-31 18:00:00,734.7774
2012-05-31 19:00:00,536.5512
2012-05-31 20:00:00,425.27664
2012-05-31 21:00:00,315.80124
2012-05-31 22:00:00,247.15134
2012-05-31 23:00:00,198.67586
2012-06-20 00:00:00,60.09536
2012-06-20 01:00:00,27.567375
2012-06-20 02:00:00,8.835881
2012-06-20 03:00:00,8.608973
2012-06-20 04:00:00,15.015136
2012-06-20 05:00:00,56.34599
2012-06-20 06:00:00,172.17265
2012-06-20 07:00:00,457.69308
2012-06-20 08:00:00,728.7188
2012-06-20 09:00:00,312.3609
2012-06-20 10:00:00,185.82089
2012-06-20 11:00:00,242.4776
2012-06-20 12:00:00,301.06592
2012-06-20 13:00:00,248.42995
2012-06-20 14:00:00,243.54652
2012-06-20 15:00:00,275.59222
2012-06-20 16:00:00,409.79718
2012-06-20 17:00:00,776.36554
2012-06-20 18:00:00,777.0501
2012-06-20 19:00:00,582.9719
2012-06-20 20:00:00,447.90686
2012-06-20 21:00:00,319.12384
2012-06-20 22:00:00,246.79672
2012-06-20 23:00:00,162.42899
2012-06-21 00:00:00,75.727745
2012-06-21 01:00:00,31.493279
2012-06-21 02:00:00,8.158798
2012-06-21 03:00:00,10.4487705
2012-06-21 04:00:00,11.646023
2012-06-21 05:00:00,44.832253
2012-06-21 06:00:00,154.28455
2012-06-21 07:00:00,472.76703
2012-06-21 08:00:00,705.9524
2012-06-21 09:00:00,305.16052
2012-06-21 10:00:00,169.0026
2012-06-21 11:00:00,222.92374
2012-06-21 12:00:00,272.5983
2012-06-21 13:00:00,256.96524
2012-06-21 14:00:00,222.53856
2012-06-21 15:00:00,256.82693
2012-06-21 16:00:00,390.14056
2012-06-21 17:00:00,723.14014
2012-06-21 18:00:00,765.2478
2012-06-21 19:00:00,569.27295
2012-06-21 20:00:00,423.05807
2012-06-21 21:00:00,322.46588
2012-06-21 22:00:00,230.27867
2012-06-21 23:00:00,140.01874
2012-06-22 00:00:00,63.674694
2012-06-22 01:00:00,33.777683
2012-06-22 02:00:00,16.639809
2012-06-22 03:00:00,12.951011
2012-06-22 04:00:00,8.500235
2012-06-22 05:00:00,24.427994
2012-06-22 06:00:00,124.38164
2012-06-22 07:00:00,464.6199
2012-06-22 08:00:00,677.34375
2012-06-22 09:00:00,327.88004
2012-06-22 10:00:00,210.8326
2012-06-22 11:00:00,263.44745
2012-06-22 12:00:00,312.68317
2012-06-22 13:00:00,314.3605
2012-06-22 14:00:00,288.6885
2012-06-22 15:00:00,321.74042
2012-06-22 16:00:00,430.64792
2012-06-22 17:00:00,732.8103
2012-06-22 18:00:00,699.8631
2012-06-22 19:00:00,488.42383
2012-06-22 20:00:00,334.7645
2012-06-22 21:00:00,153.2694
2012-06-22 22:00:00,240.83618
2012-06-22 23:00:00,147.33714
2012-06-23 00:00:00,135.42499
2012-06-23 01:00:00,102.5951
2012-06-23 02:00:00,66.65295
2012-06-23 03:00:00,29.899357
2012-06-23 04:00:00,10.718002
2012-06-23 05:00:00,9.37311
2012-06-23 06:00:00,32.856575
2012-06-23 07:00:00,72.87181
2012-06-23 08:00:00,172.38586
2012-06-23 09:00:00,255.2792
2012-06-23 10:00:00,387.08945
2012-06-23 11:00:00,521.0133
2012-06-23 12:00:00,525.43646
2012-06-23 13:00:00,562.4757
2012-06-23 14:00:00,568.02075
2012-06-23 15:00:00,578.43243
2012-06-23 16:00:00,555.9531
2012-06-23 17:00:00,530.7959
2012-06-23 18:00:00,459.30963
2012-06-23 19:00:00,405.7308
2012-06-23 20:00:00,319.6235
2012-06-23 21:00:00,255.66518
2012-06-23 22:00:00,219.36687
2012-06-23 23:00:00,181.65773
2012-06-24 00:00:00,143.31226
2012-06-24 01:00:00,98.40971
2012-06-24 02:00:00,64.16775
2012-06-24 03:00:00,47.03072
2012-06-24 04:00:00,14.544647
2012-06-24 05:00:00,16.275368
2012-06-24 06:00:00,14.187291
2012-06-24 07:00:00,54.66511
2012-06-24 08:00:00,128.87515
2012-06-24 09:00:00,199.97115
2012-06-24 10:00:00,328.97012
2012-06-24 11:00:00,454.44073
2012-06-24 12:00:00,520.52893
2012-06-24 13:00:00,517.7359
2012-06-24 14:00:00,478.11722
2012-06-24 15:00:00,489.83286
2012-06-24 16:00:00,529.91583
2012-06-24 17:00:00,501.9384
2012-06-24 18:00:00,462.0129
2012-06-24 19:00:00,427.407
2012-06-24 20:00:00,336.30975
2012-06-24 21:00:00,265.95203
2012-06-24 22:00:00,155.70491
2012-06-24 23:00:00,103.70794
2012-06-25 00:00:00,45.790955
2012-06-25 01:00:00,17.37347
2012-06-25 02:00:00,10.595606
2012-06-25 03:00:00,11.762671
2012-06-25 04:00:00,10.889016
2012-06-25 05:00:00,44.775364
2012-06-25 06:00:00,159.99605
2012-06-25 07:00:00,459.39136
2012-06-25 08:00:00,705.71954
2012-06-25 09:00:00,301.49213
2012-06-25 10:00:00,166.35445
2012-06-25 11:00:00,215.5644
2012-06-25 12:00:00,261.02533
2012-06-25 13:00:00,228.04485
2012-06-25 14:00:00,218.43095
2012-06-25 15:00:00,263.90546
2012-06-25 16:00:00,433.90726
2012-06-25 17:00:00,806.3016
2012-06-25 18:00:00,829.6387
2012-06-25 19:00:00,609.49744
2012-06-25 20:00:00,453.4635
2012-06-25 21:00:00,315.55936
2012-06-25 22:00:00,192.97293
2012-06-25 23:00:00,94.22345
2012-06-26 00:00:00,27.356092
2012-06-26 01:00:00,8.146781
2012-06-26 02:00:00,9.655136
2012-06-26 03:00:00,7.318057
2012-06-26 04:00:00,7.7750826
2012-06-26 05:00:00,39.886124
2012-06-26 06:00:00,170.37135
2012-06-26 07:00:00,482.05652
2012-06-26 08:00:00,754.7363
2012-06-26 09:00:00,315.0389
2012-06-26 10:00:00,172.53616
2012-06-26 11:00:00,204.77168
2012-06-26 12:00:00,243.77899
2012-06-26 13:00:00,233.58188
2012-06-26 14:00:00,224.58212
2012-06-26 15:00:00,243.10138
2012-06-26 16:00:00,413.49823
2012-06-26 17:00:00,782.675
2012-06-26 18:00:00,779.6151
2012-06-26 19:00:00,587.3579
2012-06-26 20:00:00,429.25174
2012-06-26 21:00:00,288.30548
2012-06-26 22:00:00,182.51138
2012-06-26 23:00:00,116.53588
2012-06-27 00:00:00,45.785248
2012-06-27 01:00:00,10.366496
2012-06-27 02:00:00,9.6588545
2012-06-27 03:00:00,10.846042
2012-06-27 04:00:00,7.723477
2012-06-27 05:00:00,46.794437
2012-06-27 06:00:00,212.21448
2012-06-27 07:00:00,530.74884
2012-06-27 08:00:00,751.1082
2012-06-27 09:00:00,340.66345
2012-06-27 10:00:00,201.77385
2012-06-27 11:00:00,225.44868
2012-06-27 12:00:00,270.23593
2012-06-27 13:00:00,247.01546
2012-06-27 14:00:00,240.33554
2012-06-27 15:00:00,271.6096
2012-06-27 16:00:00,424.03488
2012-06-27 17:00:00,802.6574
2012-06-27 18:00:00,809.4345
2012-06-27 19:00:00,621.80304
2012-06-27 20:00:00,448.09006
2012-06-27 21:00:00,321.13672
2012-06-27 22:00:00,227.33609
2012-06-27 23:00:00,142.21675
2012-06-28 00:00:00,62.45796
2012-06-28 01:00:00,27.814848
2012-06-28 02:00:00,8.557558
2012-06-28 03:00:00,11.580419
2012-06-28 04:00:00,9.083858
2012-06-28 05:00:00,42.109436
2012-06-28 06:00:00,191.96623
2012-06-28 07:00:00,566.91064
2012-06-28 08:00:00,745.6298
2012-06-28 09:00:00,330.54343
2012-06-28 10:00:00,190.02097
2012-06-28 11:00:00,240.65651
2012-06-28 12:00:00,285.8014
2012-06-28 13:00:00,273.06897
2012-06-28 14:00:00,256.44736
2012-06-28 15:00:00,280.67905
2012-06-28 16:00:00,418.47284
2012-06-28 17:00:00,762.73346
2012-06-28 18:00:00,780.2914
2012-06-28 19:00:00,596.4649
2012-06-28 20:00:00,436.34787
2012-06-28 21:00:00,341.65308
2012-06-28 22:00:00,243.82472
2012-06-28 23:00:00,159.5938
2012-06-29 00:00:00,70.315384
2012-06-29 01:00:00,27.732216
2012-06-29 02:00:00,12.180252
2012-06-29 03:00:00,7.3961363
2012-06-29 04:00:00,8.392537
2012-06-29 05:00:00,36.149124
2012-06-29 06:00:00,138.08159
2012-06-29 07:00:00,466.8252
2012-06-29 08:00:00,666.9793
2012-06-29 09:00:00,327.78094
2012-06-29 10:00:00,208.16682
2012-06-29 11:00:00,267.25842
2012-06-29 12:00:00,332.63168
2012-06-29 13:00:00,303.9408
2012-06-29 14:00:00,286.54492
2012-06-29 15:00:00,311.58554
2012-06-29 16:00:00,410.6899
2012-06-29 17:00:00,674.9736
2012-06-29 18:00:00,688.1861
2012-06-29 19:00:00,490.92868
2012-06-29 20:00:00,354.0184
2012-06-29 21:00:00,298.91476
2012-06-29 22:00:00,149.81696
2012-06-29 23:00:00,119.95084
2012-06-30 00:00:00,78.48787
2012-06-30 01:00:00,63.6205
2012-06-30 02:00:00,57.6054
2012-06-30 03:00:00,31.31348
2012-06-30 04:00:00,11.924056
2012-06-30 05:00:00,14.537158
2012-06-30 06:00:00,29.877714
2012-06-30 07:00:00,72.81534
2012-06-30 08:00:00,153.15079
2012-06-30 09:00:00,228.83406
2012-06-30 10:00:00,366.9855
2012-06-30 11:00:00,487.55463
2012-06-30 12:00:00,513.4261
2012-06-30 13:00:00,549.75604
2012-06-30 14:00:00,516.7122
2012-06-30 15:00:00,556.4346
2012-06-30 16:00:00,512.05896
2012-06-30 17:00:00,496.52905
2012-06-30 18:00:00,407.4313
2012-06-30 19:00:00,396.7292
2012-06-30 20:00:00,308.4728
2012-06-30 21:00:00,249.35301
2012-06-30 22:00:00,219.23442
2012-06-30 23:00:00,191.55338
2012-07-20 00:00:00,50.31999
2012-07-20 01:00:00,31.252878
2012-07-20 02:00:00,7.6400137
2012-07-20 03:00:00,4.1955643
2012-07-20 04:00:00,3.685923
2012-07-20 05:00:00,24.024609
2012-07-20 06:00:00,118.55474
2012-07-20 07:00:00,403.26822
2012-07-20 08:00:00,683.7598
2012-07-20 09:00:00,350.12994
2012-07-20 10:00:00,202.96286
2012-07-20 11:00:00,182.8468
2012-07-20 12:00:00,140.55806
2012-07-20 13:00:00,155.75493
2012-07-20 14:00:00,147.38765
2012-07-20 15:00:00,192.03188
2012-07-20 16:00:00,317.30292
2012-07-20 17:00:00,470.8461
2012-07-20 18:00:00,542.27716
2012-07-20 19:00:00,387.7451
2012-07-20 20:00:00,148.61035
2012-07-20 21:00:00,143.02158
2012-07-20 22:00:00,174.8895
2012-07-20 23:00:00,124.56855
2012-07-21 00:00:00,111.91988
2012-07-21 01:00:00,95.632
2012-07-21 02:00:00,63.675507
2012-07-21 03:00:00,22.102636
2012-07-21 04:00:00,5.3388567
2012-07-21 05:00:00,5.0537233
2012-07-21 06:00:00,19.280838
2012-07-21 07:00:00,55.677246
2012-07-21 08:00:00,187.91826
2012-07-21 09:00:00,266.0403
2012-07-21 10:00:00,271.18057
2012-07-21 11:00:00,394.15417
2012-07-21 12:00:00,370.46066
2012-07-21 13:00:00,383.00748
2012-07-21 14:00:00,381.00787
2012-07-21 15:00:00,337.21567
2012-07-21 16:00:00,316.1896
2012-07-21 17:00:00,246.95198
2012-07-21 18:00:00,289.19104
2012-07-21 19:00:00,299.08746
2012-07-21 20:00:00,215.3735
2012-07-21 21:00:00,219.51111
2012-07-21 22:00:00,148.28835
2012-07-21 23:00:00,171.85008
2012-07-22 00:00:00,139.90555
2012-07-22 01:00:00,108.255714
2012-07-22 02:00:00,96.281624
2012-07-22 03:00:00,46.530354
2012-07-22 04:00:00,16.178152
2012-07-22 05:00:00,9.760287
2012-07-22 06:00:00,10.81579
2012-07-22 07:00:00,44.125717
2012-07-22 08:00:00,129.76833
2012-07-22 09:00:00,214.74388
2012-07-22 10:00:00,335.27914
2012-07-22 11:00:00,390.16165
2012-07-22 12:00:00,434.37888
2012-07-22 13:00:00,471.71503
2012-07-22 14:00:00,432.74457
2012-07-22 15:00:00,467.7428
2012-07-22 16:00:00,471.53497
2012-07-22 17:00:00,418.1172
2012-07-22 18:00:00,363.80103
2012-07-22 19:00:00,343.68958
2012-07-22 20:00:00,271.5059
2012-07-22 21:00:00,217.36278
2012-07-22 22:00:00,161.43803
2012-07-22 23:00:00,104.95777
2012-07-23 00:00:00,62.676163
2012-07-23 01:00:00,15.384775
2012-07-23 02:00:00,4.077735
2012-07-23 03:00:00,4.000981
2012-07-23 04:00:00,6.1530585
2012-07-23 05:00:00,26.625914
2012-07-23 06:00:00,134.3598
2012-07-23 07:00:00,416.6243
2012-07-23 08:00:00,608.71747
2012-07-23 09:00:00,337.1826
2012-07-23 10:00:00,196.25995
2012-07-23 11:00:00,216.84303
2012-07-23 12:00:00,253.20593
2012-07-23 13:00:00,260.36682
2012-07-23 14:00:00,218.68698
2012-07-23 15:00:00,233.72151
2012-07-23 16:00:00,365.4877
2012-07-23 17:00:00,717.4668
2012-07-23 18:00:00,759.4048
2012-07-23 19:00:00,581.0948
2012-07-23 20:00:00,458.14645
2012-07-23 21:00:00,330.3413
2012-07-23 22:00:00,204.84608
2012-07-23 23:00:00,105.29776
2012-07-24 00:00:00,65.21448
2012-07-24 01:00:00,18.458946
2012-07-24 02:00:00,10.964508
2012-07-24 03:00:00,4.7988405
2012-07-24 04:00:00,8.261708
2012-07-24 05:00:00,41.41583
2012-07-24 06:00:00,170.87233
2012-07-24 07:00:00,480.97244
2012-07-24 08:00:00,627.46094
2012-07-24 09:00:00,293.48843
2012-07-24 10:00:00,164.50533
2012-07-24 11:00:00,223.27379
2012-07-24 12:00:00,227.42476
2012-07-24 13:00:00,230.36917
2012-07-24 14:00:00,208.80699
2012-07-24 15:00:00,216.0644
2012-07-24 16:00:00,367.70303
2012-07-24 17:00:00,696.1622
2012-07-24 18:00:00,722.11053
2012-07-24 19:00:00,577.1409
2012-07-24 20:00:00,442.84238
2012-07-24 21:00:00,314.6105
2012-07-24 22:00:00,206.85034
2012-07-24 23:00:00,117.27238
2012-07-25 00:00:00,65.51416
2012-07-25 01:00:00,17.80977
2012-07-25 02:00:00,9.05459
2012-07-25 03:00:00,7.636677
2012-07-25 04:00:00,8.374029
2012-07-25 05:00:00,53.16077
2012-07-25 06:00:00,208.46288
2012-07-25 07:00:00,527.31134
2012-07-25 08:00:00,691.65765
2012-07-25 09:00:00,320.6181
2012-07-25 10:00:00,201.2913
2012-07-25 11:00:00,219.66167
2012-07-25 12:00:00,241.86998
2012-07-25 13:00:00,233.63142
2012-07-25 14:00:00,222.2496
2012-07-25 15:00:00,253.6612
2012-07-25 16:00:00,388.40237
2012-07-25 17:00:00,726.22687
2012-07-25 18:00:00,771.0815
2012-07-25 19:00:00,607.8623
2012-07-25 20:00:00,481.17136
2012-07-25 21:00:00,349.5331
2012-07-25 22:00:00,248.23021
2012-07-25 23:00:00,145.60762
2012-07-26 00:00:00,74.88739
2012-07-26 01:00:00,26.936672
2012-07-26 02:00:00,8.380679
2012-07-26 03:00:00,9.9638815
2012-07-26 04:00:00,6.932668
2012-07-26 05:00:00,44.83117
2012-07-26 06:00:00,170.86221
2012-07-26 07:00:00,537.6404
2012-07-26 08:00:00,719.95795
2012-07-26 09:00:00,355.91302
2012-07-26 10:00:00,183.23099
2012-07-26 11:00:00,224.76779
2012-07-26 12:00:00,238.69948
2012-07-26 13:00:00,236.31778
2012-07-26 14:00:00,186.73161
2012-07-26 15:00:00,218.04283
2012-07-26 16:00:00,401.228
2012-07-26 17:00:00,677.87305
2012-07-26 18:00:00,732.8309
2012-07-26 19:00:00,542.9833
2012-07-26 20:00:00,429.14798
2012-07-26 21:00:00,339.75604
2012-07-26 22:00:00,211.17062
2012-07-26 23:00:00,177.91284
2012-07-27 00:00:00,99.495636
2012-07-27 01:00:00,30.88573
2012-07-27 02:00:00,14.607157
2012-07-27 03:00:00,8.108993
2012-07-27 04:00:00,9.597247
2012-07-27 05:00:00,39.526558
2012-07-27 06:00:00,154.099
2012-07-27 07:00:00,468.7367
2012-07-27 08:00:00,658.5802
2012-07-27 09:00:00,323.0953
2012-07-27 10:00:00,212.61943
2012-07-27 11:00:00,271.61502
2012-07-27 12:00:00,278.7376
2012-07-27 13:00:00,299.04007
2012-07-27 14:00:00,262.66434
2012-07-27 15:00:00,279.04187
2012-07-27 16:00:00,396.5424
2012-07-27 17:00:00,665.6639
2012-07-27 18:00:00,681.7416
2012-07-27 19:00:00,516.85547
2012-07-27 20:00:00,381.20273
2012-07-27 21:00:00,304.26132
2012-07-27 22:00:00,247.02084
2012-07-27 23:00:00,193.93982
2012-07-28 00:00:00,171.15189
2012-07-28 01:00:00,97.597786
2012-07-28 02:00:00,82.093124
2012-07-28 03:00:00,34.283356
2012-07-28 04:00:00,13.066332
2012-07-28 05:00:00,15.911103
2012-07-28 06:00:00,36.648876
2012-07-28 07:00:00,75.18322
2012-07-28 08:00:00,167.14868
2012-07-28 09:00:00,252.39787
2012-07-28 10:00:00,318.4188
2012-07-28 11:00:00,439.00058
2012-07-28 12:00:00,425.37225
2012-07-28 13:00:00,460.53244
2012-07-28 14:00:00,454.5644
2012-07-28 15:00:00,450.1218
2012-07-28 16:00:00,459.97498
2012-07-28 17:00:00,444.22812
2012-07-28 18:00:00,413.66464
2012-07-28 19:00:00,341.03064
2012-07-28 20:00:00,285.79218
2012-07-28 21:00:00,255.40608
2012-07-28 22:00:00,226.89223
2012-07-28 23:00:00,196.3088
2012-07-29 00:00:00,148.19678
2012-07-29 01:00:00,115.75964
2012-07-29 02:00:00,102.52248
2012-07-29 03:00:00,45.230244
2012-07-29 04:00:00,13.419535
2012-07-29 05:00:00,14.224638
2012-07-29 06:00:00,20.151382
2012-07-29 07:00:00,53.937607
2012-07-29 08:00:00,132.056
2012-07-29 09:00:00,219.52359
2012-07-29 10:00:00,319.01825
2012-07-29 11:00:00,480.87732
2012-07-29 12:00:00,474.49564
2012-07-29 13:00:00,475.57822
2012-07-29 14:00:00,441.73065
2012-07-29 15:00:00,455.9163
2012-07-29 16:00:00,472.51428
2012-07-29 17:00:00,418.11295
2012-07-29 18:00:00,422.72385
2012-07-29 19:00:00,381.1988
2012-07-29 20:00:00,291.87387
2012-07-29 21:00:00,252.97324
2012-07-29 22:00:00,163.31102
2012-07-29 23:00:00,100.02624
2012-07-30 00:00:00,72.66618
2012-07-30 01:00:00,21.204042
2012-07-30 02:00:00,10.3455
2012-07-30 03:00:00,6.4380865
2012-07-30 04:00:00,10.4821825
2012-07-30 05:00:00,43.84461
2012-07-30 06:00:00,166.11047
2012-07-30 07:00:00,429.66092
2012-07-30 08:00:00,627.20056
2012-07-30 09:00:00,339.18726
2012-07-30 10:00:00,194.33548
2012-07-30 11:00:00,217.9188
2012-07-30 12:00:00,255.15967
2012-07-30 13:00:00,225.36105
2012-07-30 14:00:00,206.44504
2012-07-30 15:00:00,240.41064
2012-07-30 16:00:00,379.7012
2012-07-30 17:00:00,724.00995
2012-07-30 18:00:00,750.6782
2012-07-30 19:00:00,577.9361
2012-07-30 20:00:00,442.7613
2012-07-30 21:00:00,334.69913
2012-07-30 22:00:00,206.52771
2012-07-30 23:00:00,109.02827
2012-07-31 00:00:00,61.36527
2012-07-31 01:00:00,16.588427
2012-07-31 02:00:00,9.731441
2012-07-31 03:00:00,4.262842
2012-07-31 04:00:00,8.261708
2012-07-31 05:00:00,41.804573
2012-07-31 06:00:00,157.03069
2012-07-31 07:00:00,452.43396
2012-07-31 08:00:00,659.47015
2012-07-31 09:00:00,317.03113
2012-07-31 10:00:00,176.2873
2012-07-31 11:00:00,209.47548
2012-07-31 12:00:00,238.11176
2012-07-31 13:00:00,216.06293
2012-07-31 14:00:00,193.85501
2012-07-31 15:00:00,223.16335
2012-07-31 16:00:00,372.9207
2012-07-31 17:00:00,723.1167
2012-07-31 18:00:00,740.07556
2012-07-31 19:00:00,440.05402
2012-07-31 20:00:00,300.9756
2012-07-31 21:00:00,293.73776
2012-07-31 22:00:00,210.6359
2012-07-31 23:00:00,107.41764
2012-08-20 00:00:00,30.094772
2012-08-20 01:00:00,21.563772
2012-08-20 02:00:00,8.373251
2012-08-20 03:00:00,3.330252
2012-08-20 04:00:00,8.087204
2012-08-20 05:00:00,31.588314
2012-08-20 06:00:00,148.45486
2012-08-20 07:00:00,410.9212
2012-08-20 08:00:00,645.4293
2012-08-20 09:00:00,344.4775
2012-08-20 10:00:00,170.47145
2012-08-20 11:00:00,208.65215
2012-08-20 12:00:00,258.45856
2012-08-20 13:00:00,256.67062
2012-08-20 14:00:00,231.28403
2012-08-20 15:00:00,246.8738
2012-08-20 16:00:00,457.9735
2012-08-20 17:00:00,842.3684
2012-08-20 18:00:00,678.5138
2012-08-20 19:00:00,490.19437
2012-08-20 20:00:00,298.7644
2012-08-20 21:00:00,234.25357
2012-08-20 22:00:00,142.28374
2012-08-20 23:00:00,74.54563
2012-08-21 00:00:00,29.023731
2012-08-21 01:00:00,16.87759
2012-08-21 02:00:00,4.5706263
2012-08-21 03:00:00,2.7304118
2012-08-21 04:00:00,6.048606
2012-08-21 05:00:00,37.330223
2012-08-21 06:00:00,149.26778
2012-08-21 07:00:00,471.24832
2012-08-21 08:00:00,681.7959
2012-08-21 09:00:00,323.53607
2012-08-21 10:00:00,209.0269
2012-08-21 11:00:00,230.52498
2012-08-21 12:00:00,318.81894
2012-08-21 13:00:00,305.4634
2012-08-21 14:00:00,265.85034
2012-08-21 15:00:00,300.3752
2012-08-21 16:00:00,484.22943
2012-08-21 17:00:00,853.057
2012-08-21 18:00:00,870.1612
2012-08-21 19:00:00,421.45584
2012-08-21 20:00:00,404.56876
2012-08-21 21:00:00,270.8599
2012-08-21 22:00:00,182.99757
2012-08-21 23:00:00,110.36869
2012-08-22 00:00:00,58.095226
2012-08-22 01:00:00,28.009777
2012-08-22 02:00:00,10.147285
2012-08-22 03:00:00,7.9304576
2012-08-22 04:00:00,6.0550513
2012-08-22 05:00:00,49.70632
2012-08-22 06:00:00,181.88638
2012-08-22 07:00:00,504.61273
2012-08-22 08:00:00,756.7324
2012-08-22 09:00:00,371.59637
2012-08-22 10:00:00,230.77022
2012-08-22 11:00:00,234.71436
2012-08-22 12:00:00,304.7879
2012-08-22 13:00:00,290.05862
2012-08-22 14:00:00,261.40936
2012-08-22 15:00:00,284.22977
2012-08-22 16:00:00,371.0774
2012-08-22 17:00:00,692.0762
2012-08-22 18:00:00,665.0745
2012-08-22 19:00:00,566.8694
2012-08-22 20:00:00,456.19843
2012-08-22 21:00:00,290.50146
2012-08-22 22:00:00,218.80217
2012-08-22 23:00:00,132.53711
2012-08-23 00:00:00,71.775024
2012-08-23 01:00:00,34.291336
2012-08-23 02:00:00,9.886602
2012-08-23 03:00:00,5.5075264
2012-08-23 04:00:00,11.200688
2012-08-23 05:00:00,46.536465
2012-08-23 06:00:00,139.44716
2012-08-23 07:00:00,481.30164
2012-08-23 08:00:00,729.3417
2012-08-23 09:00:00,357.1879
2012-08-23 10:00:00,208.02908
2012-08-23 11:00:00,268.36868
2012-08-23 12:00:00,324.1845
2012-08-23 13:00:00,301.15884
2012-08-23 14:00:00,243.281
2012-08-23 15:00:00,293.66806
2012-08-23 16:00:00,452.62177
2012-08-23 17:00:00,895.9629
2012-08-23 18:00:00,908.4159
2012-08-23 19:00:00,666.5238
2012-08-23 20:00:00,501.5674
2012-08-23 21:00:00,366.29193
2012-08-23 22:00:00,267.47046
2012-08-23 23:00:00,161.29575
2012-08-24 00:00:00,61.919674
2012-08-24 01:00:00,26.92938
2012-08-24 02:00:00,17.102404
2012-08-24 03:00:00,9.433855
2012-08-24 04:00:00,10.500816
2012-08-24 05:00:00,34.383442
2012-08-24 06:00:00,124.69754
2012-08-24 07:00:00,383.68765
2012-08-24 08:00:00,623.07434
2012-08-24 09:00:00,372.46576
2012-08-24 10:00:00,238.40024
2012-08-24 11:00:00,266.152
2012-08-24 12:00:00,341.447
2012-08-24 13:00:00,356.47284
2012-08-24 14:00:00,320.23602
2012-08-24 15:00:00,303.6595
2012-08-24 16:00:00,446.03955
2012-08-24 17:00:00,754.1102
2012-08-24 18:00:00,680.67236
2012-08-24 19:00:00,501.03964
2012-08-24 20:00:00,325.89752
2012-08-24 21:00:00,271.87393
2012-08-24 22:00:00,237.26556
2012-08-24 23:00:00,181.74454
2012-08-25 00:00:00,146.62057
2012-08-25 01:00:00,103.10506
2012-08-25 02:00:00,78.58172
2012-08-25 03:00:00,37.87199
2012-08-25 04:00:00,18.456076
2012-08-25 05:00:00,9.903304
2012-08-25 06:00:00,30.214045
2012-08-25 07:00:00,64.2016
2012-08-25 08:00:00,172.49922
2012-08-25 09:00:00,279.48538
2012-08-25 10:00:00,374.86264
2012-08-25 11:00:00,481.2699
2012-08-25 12:00:00,473.53445
2012-08-25 13:00:00,565.0928
2012-08-25 14:00:00,397.8424
2012-08-25 15:00:00,428.81207
2012-08-25 16:00:00,419.68204
2012-08-25 17:00:00,366.1351
2012-08-25 18:00:00,359.08636
2012-08-25 19:00:00,260.32587
2012-08-25 20:00:00,167.18846
2012-08-25 21:00:00,233.05414
2012-08-25 22:00:00,185.25514
2012-08-25 23:00:00,151.7217
2012-08-26 00:00:00,121.54776
2012-08-26 01:00:00,107.66059
2012-08-26 02:00:00,87.49523
2012-08-26 03:00:00,43.85874
2012-08-26 04:00:00,17.791264
2012-08-26 05:00:00,14.33457
2012-08-26 06:00:00,22.231731
2012-08-26 07:00:00,48.12619
2012-08-26 08:00:00,118.927734
2012-08-26 09:00:00,219.44104
2012-08-26 10:00:00,333.65002
2012-08-26 11:00:00,484.32855
2012-08-26 12:00:00,371.02835
2012-08-26 13:00:00,290.07938
2012-08-26 14:00:00,282.1916
2012-08-26 15:00:00,213.02429
2012-08-26 16:00:00,238.31825
2012-08-26 17:00:00,324.754
2012-08-26 18:00:00,246.49841
2012-08-26 19:00:00,190.76596
2012-08-26 20:00:00,193.9176
2012-08-26 21:00:00,169.64478
2012-08-26 22:00:00,104.70997
2012-08-26 23:00:00,74.29584
2012-08-27 00:00:00,42.94828
2012-08-27 01:00:00,18.860723
2012-08-27 02:00:00,7.0323434
2012-08-27 03:00:00,3.250971
2012-08-27 04:00:00,8.486242
2012-08-27 05:00:00,35.13468
2012-08-27 06:00:00,143.9998
2012-08-27 07:00:00,410.57697
2012-08-27 08:00:00,630.9364
2012-08-27 09:00:00,329.39197
2012-08-27 10:00:00,188.90857
2012-08-27 11:00:00,231.72554
2012-08-27 12:00:00,269.53015
2012-08-27 13:00:00,268.80426
2012-08-27 14:00:00,234.4913
2012-08-27 15:00:00,249.67749
2012-08-27 16:00:00,449.03012
2012-08-27 17:00:00,868.6354
2012-08-27 18:00:00,890.4935
2012-08-27 19:00:00,625.65314
2012-08-27 20:00:00,465.0559
2012-08-27 21:00:00,338.00275
2012-08-27 22:00:00,197.36865
2012-08-27 23:00:00,105.40705
2012-08-28 00:00:00,58.075882
2012-08-28 01:00:00,29.143566
2012-08-28 02:00:00,13.136049
2012-08-28 03:00:00,5.718234
2012-08-28 04:00:00,11.196805
2012-08-28 05:00:00,36.435783
2012-08-28 06:00:00,157.1412
2012-08-28 07:00:00,420.87534
2012-08-28 08:00:00,623.1115
2012-08-28 09:00:00,324.2149
2012-08-28 10:00:00,214.58379
2012-08-28 11:00:00,255.14203
2012-08-28 12:00:00,296.26923
2012-08-28 13:00:00,288.57834
2012-08-28 14:00:00,237.73663
2012-08-28 15:00:00,268.2907
2012-08-28 16:00:00,454.32556
2012-08-28 17:00:00,846.1752
2012-08-28 18:00:00,865.55023
2012-08-28 19:00:00,642.90125
2012-08-28 20:00:00,485.0523
2012-08-28 21:00:00,337.66174
2012-08-28 22:00:00,242.57257
2012-08-28 23:00:00,161.86212
2012-08-29 00:00:00,66.47973
2012-08-29 01:00:00,27.54075
2012-08-29 02:00:00,13.375857
2012-08-29 03:00:00,9.887554
2012-08-29 04:00:00,6.906852
2012-08-29 05:00:00,49.24195
2012-08-29 06:00:00,193.70866
2012-08-29 07:00:00,544.5207
2012-08-29 08:00:00,787.173
2012-08-29 09:00:00,371.66782
2012-08-29 10:00:00,220.61917
2012-08-29 11:00:00,243.39673
2012-08-29 12:00:00,315.3372
2012-08-29 13:00:00,284.3865
2012-08-29 14:00:00,263.34497
2012-08-29 15:00:00,283.73105
2012-08-29 16:00:00,466.5379
2012-08-29 17:00:00,906.7312
2012-08-29 18:00:00,931.35834
2012-08-29 19:00:00,695.72406
2012-08-29 20:00:00,516.51746
2012-08-29 21:00:00,342.36118
2012-08-29 22:00:00,249.59703
2012-08-29 23:00:00,180.8784
2012-08-30 00:00:00,76.97208
2012-08-30 01:00:00,31.295591
2012-08-30 02:00:00,9.604595
2012-08-30 03:00:00,7.5705967
2012-08-30 04:00:00,13.172237
2012-08-30 05:00:00,47.01014
2012-08-30 06:00:00,164.42616
2012-08-30 07:00:00,535.3758
2012-08-30 08:00:00,760.3709
2012-08-30 09:00:00,357.0512
2012-08-30 10:00:00,205.18974
2012-08-30 11:00:00,265.29312
2012-08-30 12:00:00,317.0168
2012-08-30 13:00:00,291.47067
2012-08-30 14:00:00,242.4221
2012-08-30 15:00:00,287.08575
2012-08-30 16:00:00,446.22516
2012-08-30 17:00:00,864.93555
2012-08-30 18:00:00,876.7954
2012-08-30 19:00:00,684.15247
2012-08-30 20:00:00,521.5512
2012-08-30 21:00:00,368.6231
2012-08-30 22:00:00,271.76645
2012-08-30 23:00:00,176.95514
2012-08-31 00:00:00,82.345184
2012-08-31 01:00:00,43.84465
2012-08-31 02:00:00,16.225224
2012-08-31 03:00:00,9.247039
2012-08-31 04:00:00,11.274126
2012-08-31 05:00:00,36.238758
2012-08-31 06:00:00,115.69451
2012-08-31 07:00:00,367.0987
2012-08-31 08:00:00,632.8996
2012-08-31 09:00:00,373.06662
2012-08-31 10:00:00,250.22578
2012-08-31 11:00:00,303.1316
2012-08-31 12:00:00,376.5885
2012-08-31 13:00:00,374.88412
2012-08-31 14:00:00,332.2351
2012-08-31 15:00:00,354.06134
2012-08-31 16:00:00,508.11963
2012-08-31 17:00:00,801.07666
2012-08-31 18:00:00,779.87695
2012-08-31 19:00:00,547.46106
2012-08-31 20:00:00,396.01193
2012-08-31 21:00:00,300.16183
2012-08-31 22:00:00,272.3545
2012-08-31 23:00:00,232.06494
2012-09-20 00:00:00,68.671265
2012-09-20 01:00:00,28.121685
2012-09-20 02:00:00,13.012316
2012-09-20 03:00:00,10.921277
2012-09-20 04:00:00,4.864619
2012-09-20 05:00:00,50.405334
2012-09-20 06:00:00,211.54652
2012-09-20 07:00:00,551.67114
2012-09-20 08:00:00,818.60535
2012-09-20 09:00:00,390.87567
2012-09-20 10:00:00,208.1286
2012-09-20 11:00:00,245.60811
2012-09-20 12:00:00,317.24033
2012-09-20 13:00:00,287.84943
2012-09-20 14:00:00,267.69287
2012-09-20 15:00:00,291.91318
2012-09-20 16:00:00,472.02957
2012-09-20 17:00:00,866.527
2012-09-20 18:00:00,847.7243
2012-09-20 19:00:00,617.7598
2012-09-20 20:00:00,467.26843
2012-09-20 21:00:00,341.81345
2012-09-20 22:00:00,234.87051
2012-09-20 23:00:00,181.35735
2012-09-21 00:00:00,92.06127
2012-09-21 01:00:00,38.06583
2012-09-21 02:00:00,23.521263
2012-09-21 03:00:00,13.452113
2012-09-21 04:00:00,10.740753
2012-09-21 05:00:00,44.443134
2012-09-21 06:00:00,175.81436
2012-09-21 07:00:00,470.55136
2012-09-21 08:00:00,760.4122
2012-09-21 09:00:00,406.93713
2012-09-21 10:00:00,247.58414
2012-09-21 11:00:00,293.82596
2012-09-21 12:00:00,374.81494
2012-09-21 13:00:00,356.4595
2012-09-21 14:00:00,344.09033
2012-09-21 15:00:00,362.11545
2012-09-21 16:00:00,500.66678
2012-09-21 17:00:00,769.809
2012-09-21 18:00:00,714.2895
2012-09-21 19:00:00,514.7962
2012-09-21 20:00:00,362.2451
2012-09-21 21:00:00,278.11322
2012-09-21 22:00:00,252.26433
2012-09-21 23:00:00,195.50787
2012-09-22 00:00:00,192.46585
2012-09-22 01:00:00,119.97241
2012-09-22 02:00:00,91.94459
2012-09-22 03:00:00,39.513763
2012-09-22 04:00:00,11.05495
2012-09-22 05:00:00,20.251617
2012-09-22 06:00:00,32.825245
2012-09-22 07:00:00,72.28966
2012-09-22 08:00:00,197.82578
2012-09-22 09:00:00,327.44794
2012-09-22 10:00:00,456.95227
2012-09-22 11:00:00,596.12964
2012-09-22 12:00:00,646.4663
2012-09-22 13:00:00,684.72217
2012-09-22 14:00:00,672.70605
2012-09-22 15:00:00,676.862
2012-09-22 16:00:00,667.56366
2012-09-22 17:00:00,616.5232
2012-09-22 18:00:00,553.86536
2012-09-22 19:00:00,449.0135
2012-09-22 20:00:00,366.6978
2012-09-22 21:00:00,298.36697
2012-09-22 22:00:00,272.79654
2012-09-22 23:00:00,221.64235
2012-09-23 00:00:00,202.68716
2012-09-23 01:00:00,145.5111
2012-09-23 02:00:00,102.456894
2012-09-23 03:00:00,37.84639
2012-09-23 04:00:00,8.571009
2012-09-23 05:00:00,11.7665615
2012-09-23 06:00:00,26.212336
2012-09-23 07:00:00,55.92242
2012-09-23 08:00:00,183.92682
2012-09-23 09:00:00,340.09424
2012-09-23 10:00:00,538.9266
2012-09-23 11:00:00,637.7542
2012-09-23 12:00:00,718.47
2012-09-23 13:00:00,715.19434
2012-09-23 14:00:00,713.72095
2012-09-23 15:00:00,713.7356
2012-09-23 16:00:00,748.2375
2012-09-23 17:00:00,602.6369
2012-09-23 18:00:00,489.18036
2012-09-23 19:00:00,427.93723
2012-09-23 20:00:00,314.53842
2012-09-23 21:00:00,171.71516
2012-09-23 22:00:00,191.97421
2012-09-23 23:00:00,76.11625
2012-09-24 00:00:00,47.797092
2012-09-24 01:00:00,17.640976
2012-09-24 02:00:00,12.508902
2012-09-24 03:00:00,8.496371
2012-09-24 04:00:00,10.7137
2012-09-24 05:00:00,44.848614
2012-09-24 06:00:00,164.00899
2012-09-24 07:00:00,499.3722
2012-09-24 08:00:00,778.42096
2012-09-24 09:00:00,374.81235
2012-09-24 10:00:00,215.01888
2012-09-24 11:00:00,242.48006
2012-09-24 12:00:00,359.91187
2012-09-24 13:00:00,375.82156
2012-09-24 14:00:00,351.71597
2012-09-24 15:00:00,373.89554
2012-09-24 16:00:00,562.668
2012-09-24 17:00:00,879.5302
2012-09-24 18:00:00,834.42755
2012-09-24 19:00:00,560.8378
2012-09-24 20:00:00,404.43652
2012-09-24 21:00:00,253.76053
2012-09-24 22:00:00,164.0436
2012-09-24 23:00:00,96.1075
2012-09-25 00:00:00,41.71215
2012-09-25 01:00:00,15.6898155
2012-09-25 02:00:00,7.355592
2012-09-25 03:00:00,5.402758
2012-09-25 04:00:00,9.65051
2012-09-25 05:00:00,44.838608
2012-09-25 06:00:00,166.57236
2012-09-25 07:00:00,501.5202
2012-09-25 08:00:00,755.0059
2012-09-25 09:00:00,356.18253
2012-09-25 10:00:00,196.72247
2012-09-25 11:00:00,259.07364
2012-09-25 12:00:00,340.32642
2012-09-25 13:00:00,315.521
2012-09-25 14:00:00,306.78113
2012-09-25 15:00:00,345.43832
2012-09-25 16:00:00,536.9068
2012-09-25 17:00:00,923.40466
2012-09-25 18:00:00,888.0832
2012-09-25 19:00:00,599.7505
2012-09-25 20:00:00,421.64166
2012-09-25 21:00:00,274.97726
2012-09-25 22:00:00,192.24348
2012-09-25 23:00:00,125.42334
2012-09-26 00:00:00,48.93024
2012-09-26 01:00:00,13.738754
2012-09-26 02:00:00,3.866386
2012-09-26 03:00:00,2.342861
2012-09-26 04:00:00,7.056398
2012-09-26 05:00:00,52.83361
2012-09-26 06:00:00,193.715
2012-09-26 07:00:00,529.6482
2012-09-26 08:00:00,778.65924
2012-09-26 09:00:00,357.162
2012-09-26 10:00:00,180.42995
2012-09-26 11:00:00,249.59363
2012-09-26 12:00:00,309.82135
2012-09-26 13:00:00,297.83484
2012-09-26 14:00:00,296.21982
2012-09-26 15:00:00,312.8871
2012-09-26 16:00:00,547.71375
2012-09-26 17:00:00,925.06085
2012-09-26 18:00:00,917.35236
2012-09-26 19:00:00,629.32635
2012-09-26 20:00:00,452.54202
2012-09-26 21:00:00,316.33243
2012-09-26 22:00:00,143.25967
2012-09-26 23:00:00,106.58072
2012-09-27 00:00:00,69.83944
2012-09-27 01:00:00,22.71239
2012-09-27 02:00:00,10.065858
2012-09-27 03:00:00,7.985037
2012-09-27 04:00:00,4.228697
2012-09-27 05:00:00,47.199677
2012-09-27 06:00:00,186.798
2012-09-27 07:00:00,553.7492
2012-09-27 08:00:00,806.1951
2012-09-27 09:00:00,365.67798
2012-09-27 10:00:00,209.078
2012-09-27 11:00:00,242.02968
2012-09-27 12:00:00,351.51065
2012-09-27 13:00:00,315.76035
2012-09-27 14:00:00,287.08865
2012-09-27 15:00:00,325.29062
2012-09-27 16:00:00,473.7088
2012-09-27 17:00:00,773.49695
2012-09-27 18:00:00,753.7507
2012-09-27 19:00:00,581.85675
2012-09-27 20:00:00,376.79947
2012-09-27 21:00:00,178.54031
2012-09-27 22:00:00,153.05219
2012-09-27 23:00:00,93.288956
2012-09-28 00:00:00,42.141953
2012-09-28 01:00:00,26.710217
2012-09-28 02:00:00,11.393811
2012-09-28 03:00:00,5.177418
2012-09-28 04:00:00,5.9908185
2012-09-28 05:00:00,44.67183
2012-09-28 06:00:00,127.37227
2012-09-28 07:00:00,376.06427
2012-09-28 08:00:00,734.915
2012-09-28 09:00:00,356.37885
2012-09-28 10:00:00,205.64464
2012-09-28 11:00:00,264.38412
2012-09-28 12:00:00,418.68246
2012-09-28 13:00:00,408.74982
2012-09-28 14:00:00,369.28226
2012-09-28 15:00:00,379.87653
2012-09-28 16:00:00,538.6152
2012-09-28 17:00:00,843.63165
2012-09-28 18:00:00,807.353
2012-09-28 19:00:00,412.4481
2012-09-28 20:00:00,270.69193
2012-09-28 21:00:00,212.69084
2012-09-28 22:00:00,220.2527
2012-09-28 23:00:00,177.36821
2012-09-29 00:00:00,240.25935
2012-09-29 01:00:00,169.51164
2012-09-29 02:00:00,88.811424
2012-09-29 03:00:00,31.562975
2012-09-29 04:00:00,10.320249
2012-09-29 05:00:00,20.714058
2012-09-29 06:00:00,45.645596
2012-09-29 07:00:00,79.19306
2012-09-29 08:00:00,247.45775
2012-09-29 09:00:00,416.95477
2012-09-29 10:00:00,563.9859
2012-09-29 11:00:00,681.2916
2012-09-29 12:00:00,791.0271
2012-09-29 13:00:00,815.3657
2012-09-29 14:00:00,800.0095
2012-09-29 15:00:00,790.92944
2012-09-29 16:00:00,802.5358
2012-09-29 17:00:00,744.8613
2012-09-29 18:00:00,595.5665
2012-09-29 19:00:00,480.37238
2012-09-29 20:00:00,358.07343
2012-09-29 21:00:00,314.1842
2012-09-29 22:00:00,289.02408
2012-09-29 23:00:00,248.28816
2012-09-30 00:00:00,196.44182
2012-09-30 01:00:00,149.38087
2012-09-30 02:00:00,95.274605
2012-09-30 03:00:00,49.551926
2012-09-30 04:00:00,12.838904
2012-09-30 05:00:00,15.589585
2012-09-30 06:00:00,22.683407
2012-09-30 07:00:00,58.214622
2012-09-30 08:00:00,164.87549
2012-09-30 09:00:00,334.85416
2012-09-30 10:00:00,545.7392
2012-09-30 11:00:00,656.81134
2012-09-30 12:00:00,768.0252
2012-09-30 13:00:00,735.0444
2012-09-30 14:00:00,724.5993
2012-09-30 15:00:00,720.1734
2012-09-30 16:00:00,754.77765
2012-09-30 17:00:00,673.2525
2012-09-30 18:00:00,430.93643
2012-09-30 19:00:00,238.24762
2012-09-30 20:00:00,157.83293
2012-09-30 21:00:00,204.25699
2012-09-30 22:00:00,153.72896
2012-09-30 23:00:00,103.86254
2012-10-20 00:00:00,175.90923
2012-10-20 01:00:00,139.1282
2012-10-20 02:00:00,78.96396
2012-10-20 03:00:00,30.857248
2012-10-20 04:00:00,12.442114
2012-10-20 05:00:00,13.014864
2012-10-20 06:00:00,42.453995
2012-10-20 07:00:00,88.89889
2012-10-20 08:00:00,202.97481
2012-10-20 09:00:00,344.58737
2012-10-20 10:00:00,505.22443
2012-10-20 11:00:00,584.5136
2012-10-20 12:00:00,665.9354
2012-10-20 13:00:00,667.2235
2012-10-20 14:00:00,610.9666
2012-10-20 15:00:00,604.5191
2012-10-20 16:00:00,627.5124
2012-10-20 17:00:00,604.7885
2012-10-20 18:00:00,491.78207
2012-10-20 19:00:00,404.8111
2012-10-20 20:00:00,287.84604
2012-10-20 21:00:00,213.90167
2012-10-20 22:00:00,207.94774
2012-10-20 23:00:00,184.60922
2012-10-21 00:00:00,143.86089
2012-10-21 01:00:00,104.471924
2012-10-21 02:00:00,68.84314
2012-10-21 03:00:00,33.138863
2012-10-21 04:00:00,11.748937
2012-10-21 05:00:00,9.063575
2012-10-21 06:00:00,26.805489
2012-10-21 07:00:00,50.726448
2012-10-21 08:00:00,128.08238
2012-10-21 09:00:00,236.35527
2012-10-21 10:00:00,392.62143
2012-10-21 11:00:00,484.564
2012-10-21 12:00:00,629.9269
2012-10-21 13:00:00,615.24976
2012-10-21 14:00:00,578.0857
2012-10-21 15:00:00,576.0928
2012-10-21 16:00:00,587.1578
2012-10-21 17:00:00,504.99017
2012-10-21 18:00:00,407.95773
2012-10-21 19:00:00,327.01935
2012-10-21 20:00:00,206.29654
2012-10-21 21:00:00,137.36638
2012-10-21 22:00:00,127.62624
2012-10-21 23:00:00,99.29442
2012-10-22 00:00:00,53.436596
2012-10-22 01:00:00,14.223721
2012-10-22 02:00:00,10.022423
2012-10-22 03:00:00,8.852414
2012-10-22 04:00:00,8.482281
2012-10-22 05:00:00,42.084854
2012-10-22 06:00:00,168.5087
2012-10-22 07:00:00,474.56235
2012-10-22 08:00:00,678.9812
2012-10-22 09:00:00,344.08194
2012-10-22 10:00:00,197.19724
2012-10-22 11:00:00,245.2103
2012-10-22 12:00:00,357.00568
2012-10-22 13:00:00,379.58594
2012-10-22 14:00:00,329.88254
2012-10-22 15:00:00,375.75507
2012-10-22 16:00:00,548.1298
2012-10-22 17:00:00,948.99603
2012-10-22 18:00:00,776.36224
2012-10-22 19:00:00,573.0773
2012-10-22 20:00:00,425.81674
2012-10-22 21:00:00,258.8733
2012-10-22 22:00:00,152.15755
2012-10-22 23:00:00,82.94446
2012-10-23 00:00:00,44.009182
2012-10-23 01:00:00,14.9822645
2012-10-23 02:00:00,5.8816
2012-10-23 03:00:00,2.1147661
2012-10-23 04:00:00,9.403281
2012-10-23 05:00:00,50.14919
2012-10-23 06:00:00,171.08235
2012-10-23 07:00:00,446.04007
2012-10-23 08:00:00,679.2539
2012-10-23 09:00:00,328.3564
2012-10-23 10:00:00,216.10548
2012-10-23 11:00:00,265.1384
2012-10-23 12:00:00,338.17108
2012-10-23 13:00:00,324.93494
2012-10-23 14:00:00,324.61853
2012-10-23 15:00:00,351.74637
2012-10-23 16:00:00,564.492
2012-10-23 17:00:00,973.8144
2012-10-23 18:00:00,912.9393
2012-10-23 19:00:00,626.30774
2012-10-23 20:00:00,478.64017
2012-10-23 21:00:00,312.83823
2012-10-23 22:00:00,249.15173
2012-10-23 23:00:00,148.95384
2012-10-24 00:00:00,74.44473
2012-10-24 01:00:00,24.190306
2012-10-24 02:00:00,12.524815
2012-10-24 03:00:00,7.833898
2012-10-24 04:00:00,13.722286
2012-10-24 05:00:00,56.217445
2012-10-24 06:00:00,210.2328
2012-10-24 07:00:00,519.1487
2012-10-24 08:00:00,720.942
2012-10-24 09:00:00,355.35242
2012-10-24 10:00:00,194.30315
2012-10-24 11:00:00,248.43204
2012-10-24 12:00:00,348.14517
2012-10-24 13:00:00,354.9743
2012-10-24 14:00:00,334.24506
2012-10-24 15:00:00,375.66714
2012-10-24 16:00:00,553.7692
2012-10-24 17:00:00,956.4955
2012-10-24 18:00:00,906.48193
2012-10-24 19:00:00,607.66156
2012-10-24 20:00:00,428.68167
2012-10-24 21:00:00,297.52673
2012-10-24 22:00:00,238.4306
2012-10-24 23:00:00,159.10838
2012-10-25 00:00:00,54.602573
2012-10-25 01:00:00,24.766308
2012-10-25 02:00:00,11.089496
2012-10-25 03:00:00,2.9313195
2012-10-25 04:00:00,6.3994226
2012-10-25 05:00:00,33.037815
2012-10-25 06:00:00,152.97952
2012-10-25 07:00:00,475.84125
2012-10-25 08:00:00,721.5996
2012-10-25 09:00:00,321.01706
2012-10-25 10:00:00,148.17763
2012-10-25 11:00:00,146.95891
2012-10-25 12:00:00,225.60092
2012-10-25 13:00:00,213.0103
2012-10-25 14:00:00,240.53604
2012-10-25 15:00:00,299.95312
2012-10-25 16:00:00,479.6561
2012-10-25 17:00:00,848.3254
2012-10-25 18:00:00,719.3237
2012-10-25 19:00:00,504.7178
2012-10-25 20:00:00,304.894
2012-10-25 21:00:00,212.58856
2012-10-25 22:00:00,197.46718
2012-10-25 23:00:00,111.324295
2012-10-26 00:00:00,57.779953
2012-10-26 01:00:00,16.631733
2012-10-26 02:00:00,5.096834
2012-10-26 03:00:00,3.5905004
2012-10-26 04:00:00,4.902496
2012-10-26 05:00:00,30.898804
2012-10-26 06:00:00,123.64189
2012-10-26 07:00:00,367.03552
2012-10-26 08:00:00,607.9863
2012-10-26 09:00:00,318.42838
2012-10-26 10:00:00,169.38817
2012-10-26 11:00:00,228.99757
2012-10-26 12:00:00,287.3421
2012-10-26 13:00:00,294.8091
2012-10-26 14:00:00,276.12057
2012-10-26 15:00:00,331.02554
2012-10-26 16:00:00,410.5839
2012-10-26 17:00:00,610.65485
2012-10-26 18:00:00,560.296
2012-10-26 19:00:00,360.32907
2012-10-26 20:00:00,214.75069
2012-10-26 21:00:00,192.36368
2012-10-26 22:00:00,152.66278
2012-10-26 23:00:00,166.5466
2012-10-27 00:00:00,173.36563
2012-10-27 01:00:00,91.57039
2012-10-27 02:00:00,51.4789
2012-10-27 03:00:00,31.680023
2012-10-27 04:00:00,9.205419
2012-10-27 05:00:00,3.1983192
2012-10-27 06:00:00,22.497608
2012-10-27 07:00:00,88.363594
2012-10-27 08:00:00,203.0186
2012-10-27 09:00:00,288.82953
2012-10-27 10:00:00,426.46417
2012-10-27 11:00:00,563.7861
2012-10-27 12:00:00,674.4404
2012-10-27 13:00:00,698.8195
2012-10-27 14:00:00,659.1709
2012-10-27 15:00:00,541.55164
2012-10-27 16:00:00,494.51715
2012-10-27 17:00:00,464.4164
2012-10-27 18:00:00,389.17053
2012-10-27 19:00:00,272.04102
2012-10-27 20:00:00,192.55774
2012-10-27 21:00:00,171.63965
2012-10-27 22:00:00,158.55374
2012-10-27 23:00:00,124.2621
2012-10-28 00:00:00,98.80179
2012-10-28 01:00:00,77.844406
2012-10-28 02:00:00,53.866722
2012-10-28 03:00:00,19.709274
2012-10-28 04:00:00,6.1547737
2012-10-28 05:00:00,3.5544505
2012-10-28 06:00:00,15.790828
2012-10-28 07:00:00,38.18821
2012-10-28 08:00:00,122.14566
2012-10-28 09:00:00,185.57909
2012-10-28 10:00:00,287.2595
2012-10-28 11:00:00,388.35995
2012-10-28 12:00:00,396.04788
2012-10-28 13:00:00,395.97134
2012-10-28 14:00:00,376.9216
2012-10-28 15:00:00,349.09457
2012-10-28 16:00:00,321.02005
2012-10-28 17:00:00,240.29318
2012-10-28 18:00:00,125.54691
2012-10-28 19:00:00,110.76513
2012-10-28 20:00:00,75.64257
2012-10-28 21:00:00,76.096214
2012-10-28 22:00:00,65.08887
2012-10-28 23:00:00,36.517384
2012-10-29 00:00:00,40.08852
2012-10-30 13:00:00,102.961075
2012-10-30 14:00:00,82.72864
2012-10-30 15:00:00,75.7437
2012-10-30 16:00:00,164.43832
2012-10-30 17:00:00,347.6539
2012-10-30 18:00:00,349.77863
2012-10-30 19:00:00,505.8047
2012-10-30 20:00:00,243.33302
2012-10-30 21:00:00,181.61049
2012-10-30 22:00:00,130.11978
2012-10-30 23:00:00,91.382355
2012-10-31 00:00:00,43.34641
2012-10-31 01:00:00,15.725547
2012-10-31 02:00:00,7.6924186
2012-10-31 03:00:00,1.0281279
2012-10-31 04:00:00,5.415776
2012-10-31 05:00:00,30.084635
2012-10-31 06:00:00,174.14157
2012-10-31 07:00:00,419.90857
2012-10-31 08:00:00,727.0721
2012-10-31 09:00:00,358.65353
2012-10-31 10:00:00,178.35089
2012-10-31 11:00:00,186.36406
2012-10-31 12:00:00,280.5351
2012-10-31 13:00:00,293.9234
2012-10-31 14:00:00,211.15254
2012-10-31 15:00:00,279.6495
2012-10-31 16:00:00,397.34875
2012-10-31 17:00:00,741.1475
2012-10-31 18:00:00,692.62195
2012-10-31 19:00:00,518.2048
2012-10-31 20:00:00,371.4522
2012-10-31 21:00:00,215.16946
2012-10-31 22:00:00,178.04686
2012-10-31 23:00:00,121.08079
2012-11-20 00:00:00,24.280058
2012-11-20 01:00:00,9.521036
2012-11-20 02:00:00,1.2062657
2012-11-20 03:00:00,2.2677262
2012-11-20 04:00:00,8.942591
2012-11-20 05:00:00,32.009518
2012-11-20 06:00:00,129.39201
2012-11-20 07:00:00,435.5561
2012-11-20 08:00:00,673.63293
2012-11-20 09:00:00,303.40826
2012-11-20 10:00:00,145.90352
2012-11-20 11:00:00,168.61739
2012-11-20 12:00:00,217.81763
2012-11-20 13:00:00,204.96918
2012-11-20 14:00:00,162.86043
2012-11-20 15:00:00,206.43376
2012-11-20 16:00:00,345.0594
2012-11-20 17:00:00,588.52856
2012-11-20 18:00:00,570.004
2012-11-20 19:00:00,404.33755
2012-11-20 20:00:00,285.93167
2012-11-20 21:00:00,214.30602
2012-11-20 22:00:00,144.39105
2012-11-20 23:00:00,92.658936
2012-11-21 00:00:00,45.1243
2012-11-21 01:00:00,17.108725
2012-11-21 02:00:00,4.465775
2012-11-21 03:00:00,2.7386005
2012-11-21 04:00:00,6.7151184
2012-11-21 05:00:00,39.072678
2012-11-21 06:00:00,177.2075
2012-11-21 07:00:00,452.7633
2012-11-21 08:00:00,667.6483
2012-11-21 09:00:00,353.7449
2012-11-21 10:00:00,170.06442
2012-11-21 11:00:00,191.05936
2012-11-21 12:00:00,250.17628
2012-11-21 13:00:00,231.57399
2012-11-21 14:00:00,198.05048
2012-11-21 15:00:00,247.71382
2012-11-21 16:00:00,348.3052
2012-11-21 17:00:00,691.1748
2012-11-21 18:00:00,654.52686
2012-11-21 19:00:00,438.57526
2012-11-21 20:00:00,313.83096
2012-11-21 21:00:00,211.15138
2012-11-21 22:00:00,151.0417
2012-11-21 23:00:00,108.54853
2012-11-22 00:00:00,60.910282
2012-11-22 01:00:00,37.280685
2012-11-22 02:00:00,20.847088
2012-11-22 03:00:00,8.601461
2012-11-22 04:00:00,5.1385455
2012-11-22 05:00:00,21.818085
2012-11-22 06:00:00,50.10606
2012-11-22 07:00:00,141.27148
2012-11-22 08:00:00,304.79642
2012-11-22 09:00:00,252.70404
2012-11-22 10:00:00,227.03723
2012-11-22 11:00:00,317.7886
2012-11-22 12:00:00,360.3271
2012-11-22 13:00:00,331.5612
2012-11-22 14:00:00,289.41003
2012-11-22 15:00:00,317.98392
2012-11-22 16:00:00,369.58505
2012-11-22 17:00:00,432.52817
2012-11-22 18:00:00,335.0872
2012-11-22 19:00:00,306.05154
2012-11-22 20:00:00,231.46877
2012-11-22 21:00:00,152.75185
2012-11-22 22:00:00,121.58086
2012-11-22 23:00:00,89.869576
2012-11-23 00:00:00,55.825256
2012-11-23 01:00:00,24.078045
2012-11-23 02:00:00,6.088215
2012-11-23 03:00:00,5.7840366
2012-11-23 04:00:00,4.203885
2012-11-23 05:00:00,32.414978
2012-11-23 06:00:00,116.25113
2012-11-23 07:00:00,377.78964
2012-11-23 08:00:00,611.71924
2012-11-23 09:00:00,316.279
2012-11-23 10:00:00,178.36148
2012-11-23 11:00:00,234.14937
2012-11-23 12:00:00,307.00684
2012-11-23 13:00:00,299.87048
2012-11-23 14:00:00,271.25534
2012-11-23 15:00:00,298.5313
2012-11-23 16:00:00,365.6456
2012-11-23 17:00:00,604.1338
2012-11-23 18:00:00,560.34296
2012-11-23 19:00:00,363.3804
2012-11-23 20:00:00,249.59088
2012-11-23 21:00:00,214.7584
2012-11-23 22:00:00,179.78185
2012-11-23 23:00:00,140.729
2012-11-24 00:00:00,93.648056
2012-11-24 01:00:00,65.78692
2012-11-24 02:00:00,38.006706
2012-11-24 03:00:00,18.413248
2012-11-24 04:00:00,5.647512
2012-11-24 05:00:00,9.812582
2012-11-24 06:00:00,20.953444
2012-11-24 07:00:00,42.124294
2012-11-24 08:00:00,136.97171
2012-11-24 09:00:00,172.83797
2012-11-24 10:00:00,234.57907
2012-11-24 11:00:00,298.7005
2012-11-24 12:00:00,332.4681
2012-11-24 13:00:00,453.14774
2012-11-24 14:00:00,393.8435
2012-11-24 15:00:00,384.786
2012-11-24 16:00:00,344.44083
2012-11-24 17:00:00,296.92612
2012-11-24 18:00:00,243.26648
2012-11-24 19:00:00,191.17125
2012-11-24 20:00:00,145.33131
2012-11-24 21:00:00,124.157486
2012-11-24 22:00:00,115.48032
2012-11-24 23:00:00,97.74855
2012-11-25 00:00:00,81.373856
2012-11-25 01:00:00,63.476616
2012-11-25 02:00:00,43.555183
2012-11-25 03:00:00,21.288849
2012-11-25 04:00:00,4.139895
2012-11-25 05:00:00,5.7778087
2012-11-25 06:00:00,14.405739
2012-11-25 07:00:00,43.911205
2012-11-25 08:00:00,109.68763
2012-11-25 09:00:00,155.45493
2012-11-25 10:00:00,246.83354
2012-11-25 11:00:00,260.7794
2012-11-25 12:00:00,325.83258
2012-11-25 13:00:00,330.1521
2012-11-25 14:00:00,316.66818
2012-11-25 15:00:00,383.66003
2012-11-25 16:00:00,364.06348
2012-11-25 17:00:00,280.70032
2012-11-25 18:00:00,207.46892
2012-11-25 19:00:00,186.53839
2012-11-25 20:00:00,129.23888
2012-11-25 21:00:00,95.69348
2012-11-25 22:00:00,71.11346
2012-11-25 23:00:00,47.377003
2012-11-26 00:00:00,15.991217
2012-11-26 01:00:00,3.2572207
2012-11-26 02:00:00,2.1388385
2012-11-26 03:00:00,2.6953447
2012-11-26 04:00:00,4.0114403
2012-11-26 05:00:00,31.140356
2012-11-26 06:00:00,125.83862
2012-11-26 07:00:00,367.75018
2012-11-26 08:00:00,579.8142
2012-11-26 09:00:00,280.61328
2012-11-26 10:00:00,137.71037
2012-11-26 11:00:00,161.59247
2012-11-26 12:00:00,228.31749
2012-11-26 13:00:00,218.58037
2012-11-26 14:00:00,196.64366
2012-11-26 15:00:00,226.8608
2012-11-26 16:00:00,363.43564
2012-11-26 17:00:00,660.46783
2012-11-26 18:00:00,563.9767
2012-11-26 19:00:00,395.37787
2012-11-26 20:00:00,279.8662
2012-11-26 21:00:00,199.14238
2012-11-26 22:00:00,112.66085
2012-11-26 23:00:00,66.629745
2012-11-27 00:00:00,23.716074
2012-11-27 01:00:00,10.9864025
2012-11-27 02:00:00,1.8924444
2012-11-27 03:00:00,5.0854416
2012-11-27 04:00:00,6.8362722
2012-11-27 05:00:00,26.214045
2012-11-27 06:00:00,125.28781
2012-11-27 07:00:00,224.92014
2012-11-27 08:00:00,373.17792
2012-11-27 09:00:00,288.2781
2012-11-27 10:00:00,91.075096
2012-11-27 11:00:00,72.92347
2012-11-27 12:00:00,62.642284
2012-11-27 13:00:00,82.12511
2012-11-27 14:00:00,52.74489
2012-11-27 15:00:00,146.2048
2012-11-27 16:00:00,249.8962
2012-11-27 17:00:00,430.2865
2012-11-27 18:00:00,434.22397
2012-11-27 19:00:00,343.61966
2012-11-27 20:00:00,227.77414
2012-11-27 21:00:00,183.6993
2012-11-27 22:00:00,109.229546
2012-11-27 23:00:00,54.943073
2012-11-28 00:00:00,46.6226
2012-11-28 01:00:00,36.420296
2012-11-28 02:00:00,22.365229
2012-11-28 03:00:00,5.062622
2012-11-28 04:00:00,8.688642
2012-11-28 05:00:00,41.550682
2012-11-28 06:00:00,143.13837
2012-11-28 07:00:00,391.05127
2012-11-28 08:00:00,641.82104
2012-11-28 09:00:00,299.43747
2012-11-28 10:00:00,158.57367
2012-11-28 11:00:00,179.64528
2012-11-28 12:00:00,236.2074
2012-11-28 13:00:00,222.96458
2012-11-28 14:00:00,174.2537
2012-11-28 15:00:00,217.36528
2012-11-28 16:00:00,304.7105
2012-11-28 17:00:00,625.55646
2012-11-28 18:00:00,541.4276
2012-11-28 19:00:00,387.00223
2012-11-28 20:00:00,267.68695
2012-11-28 21:00:00,186.58443
2012-11-28 22:00:00,134.83559
2012-11-28 23:00:00,99.00835
2012-11-29 00:00:00,35.63165
2012-11-29 01:00:00,15.999022
2012-11-29 02:00:00,3.9434016
2012-11-29 04:00:00,3.5587342
2012-11-29 05:00:00,41.585533
2012-11-29 06:00:00,148.11002
2012-11-29 07:00:00,406.66357
2012-11-29 08:00:00,676.88947
2012-11-29 09:00:00,314.74576
2012-11-29 10:00:00,141.32974
2012-11-29 11:00:00,176.03844
2012-11-29 12:00:00,220.39879
2012-11-29 13:00:00,216.41681
2012-11-29 14:00:00,195.06152
2012-11-29 15:00:00,216.81467
2012-11-29 16:00:00,317.55438
2012-11-29 17:00:00,619.5387
2012-11-29 18:00:00,569.2183
2012-11-29 19:00:00,378.1429
2012-11-29 20:00:00,267.11597
2012-11-29 21:00:00,198.0328
2012-11-29 22:00:00,143.05276
2012-11-29 23:00:00,115.90338
2012-11-30 00:00:00,40.745056
2012-11-30 01:00:00,20.341812
2012-11-30 02:00:00,6.7124124
2012-11-30 03:00:00,3.8374484
2012-11-30 04:00:00,2.858197
2012-11-30 05:00:00,30.445057
2012-11-30 06:00:00,108.4693
2012-11-30 07:00:00,370.24258
2012-11-30 08:00:00,594.9363
2012-11-30 09:00:00,296.96594
2012-11-30 10:00:00,151.08722
2012-11-30 11:00:00,194.77975
2012-11-30 12:00:00,289.81964
2012-11-30 13:00:00,269.71573
2012-11-30 14:00:00,221.7717
2012-11-30 15:00:00,260.4249
2012-11-30 16:00:00,383.18405
2012-11-30 17:00:00,570.64386
2012-11-30 18:00:00,493.91986
2012-11-30 19:00:00,350.8739
2012-11-30 20:00:00,225.80742
2012-11-30 21:00:00,195.41138
2012-11-30 22:00:00,149.73895
2012-11-30 23:00:00,101.82048
2012-12-20 00:00:00,49.183304
2012-12-20 01:00:00,25.72113
2012-12-20 02:00:00,8.172953
2012-12-20 03:00:00,3.5941858
2012-12-20 04:00:00,6.628755
2012-12-20 05:00:00,32.966724
2012-12-20 06:00:00,144.5959
2012-12-20 07:00:00,457.166
2012-12-20 08:00:00,669.7163
2012-12-20 09:00:00,353.43185
2012-12-20 10:00:00,166.42386
2012-12-20 11:00:00,169.27963
2012-12-20 12:00:00,233.15266
2012-12-20 13:00:00,228.80849
2012-12-20 14:00:00,205.21675
2012-12-20 15:00:00,208.48373
2012-12-20 16:00:00,314.83575
2012-12-20 17:00:00,611.93335
2012-12-20 18:00:00,559.9326
2012-12-20 19:00:00,254.78731
2012-12-20 20:00:00,218.79701
2012-12-20 21:00:00,155.0685
2012-12-20 22:00:00,89.374886
2012-12-20 23:00:00,59.172127
2012-12-21 00:00:00,34.796974
2012-12-21 01:00:00,23.432793
2012-12-21 02:00:00,13.929448
2012-12-21 03:00:00,8.300702
2012-12-21 04:00:00,9.190163
2012-12-21 05:00:00,28.313364
2012-12-21 06:00:00,84.20238
2012-12-21 07:00:00,289.16458
2012-12-21 08:00:00,548.7255
2012-12-21 09:00:00,266.42584
2012-12-21 10:00:00,145.58308
2012-12-21 11:00:00,145.0749
2012-12-21 12:00:00,182.10602
2012-12-21 13:00:00,163.3379
2012-12-21 14:00:00,152.46617
2012-12-21 15:00:00,161.10234
2012-12-21 16:00:00,205.01486
2012-12-21 17:00:00,368.166
2012-12-21 18:00:00,332.77423
2012-12-21 19:00:00,247.58571
2012-12-21 20:00:00,161.10013
2012-12-21 21:00:00,136.29483
2012-12-21 22:00:00,105.32614
2012-12-21 23:00:00,82.22923
2012-12-22 00:00:00,64.79569
2012-12-22 01:00:00,48.40592
2012-12-22 02:00:00,35.70463
2012-12-22 03:00:00,14.826995
2012-12-22 04:00:00,4.8809824
2012-12-22 05:00:00,8.432304
2012-12-22 06:00:00,9.822005
2012-12-22 07:00:00,25.248177
2012-12-22 08:00:00,98.889175
2012-12-22 09:00:00,134.2499
2012-12-22 10:00:00,170.5451
2012-12-22 11:00:00,226.48224
2012-12-22 12:00:00,255.82332
2012-12-22 13:00:00,298.42233
2012-12-22 14:00:00,288.18655
2012-12-22 15:00:00,285.00235
2012-12-22 16:00:00,257.63855
2012-12-22 17:00:00,204.85065
2012-12-22 18:00:00,166.20319
2012-12-22 19:00:00,132.07104
2012-12-22 20:00:00,106.34472
2012-12-22 21:00:00,93.31673
2012-12-22 22:00:00,74.33283
2012-12-22 23:00:00,66.4714
2012-12-23 00:00:00,71.37125
2012-12-23 01:00:00,69.94901
2012-12-23 02:00:00,53.871235
2012-12-23 03:00:00,27.837826
2012-12-23 04:00:00,8.983342
2012-12-23 05:00:00,3.202917
2012-12-23 06:00:00,5.820264
2012-12-23 07:00:00,19.505232
2012-12-23 08:00:00,48.706673
2012-12-23 09:00:00,94.17815
2012-12-23 10:00:00,163.34807
2012-12-23 11:00:00,213.42679
2012-12-23 12:00:00,281.6773
2012-12-23 13:00:00,255.97192
2012-12-23 14:00:00,239.18977
2012-12-23 15:00:00,274.90137
2012-12-23 16:00:00,263.18997
2012-12-23 17:00:00,189.2439
2012-12-23 18:00:00,134.84253
2012-12-23 19:00:00,114.059
2012-12-23 20:00:00,88.52204
2012-12-23 21:00:00,72.7507
2012-12-23 22:00:00,53.16728
2012-12-23 23:00:00,29.419308
2012-12-24 00:00:00,24.420057
2012-12-24 01:00:00,9.717308
2012-12-24 02:00:00,4.1258864
2012-12-24 03:00:00,3.2855756
2012-12-24 05:00:00,30.74259
2012-12-24 06:00:00,97.02774
2012-12-24 07:00:00,289.51096
2012-12-24 08:00:00,518.0435
2012-12-24 09:00:00,278.22644
2012-12-24 10:00:00,112.305824
2012-12-24 11:00:00,119.09325
2012-12-24 12:00:00,139.7917
2012-12-24 13:00:00,110.02945
2012-12-24 14:00:00,79.73135
2012-12-24 15:00:00,78.951324
2012-12-24 16:00:00,121.636284
2012-12-24 17:00:00,231.78154
2012-12-24 18:00:00,270.83426
2012-12-24 19:00:00,283.9287
2012-12-24 20:00:00,136.73775
2012-12-24 21:00:00,85.93835
2012-12-24 22:00:00,75.98387
2012-12-24 23:00:00,36.940414
2012-12-25 00:00:00,39.629463
2012-12-25 01:00:00,51.924854
2012-12-25 02:00:00,45.53555
2012-12-25 04:00:00,10.876499
2012-12-25 05:00:00,20.099646
2012-12-25 06:00:00,48.808376
2012-12-25 07:00:00,96.50165
2012-12-25 08:00:00,179.56047
2012-12-25 09:00:00,203.79774
2012-12-25 10:00:00,218.48851
2012-12-25 11:00:00,302.8922
2012-12-25 12:00:00,303.54025
2012-12-25 13:00:00,267.7362
2012-12-25 14:00:00,233.86859
2012-12-25 15:00:00,256.97766
2012-12-25 16:00:00,278.91162
2012-12-25 17:00:00,259.0657
2012-12-25 18:00:00,265.05774
2012-12-25 19:00:00,237.65132
2012-12-25 20:00:00,177.27118
2012-12-25 21:00:00,120.8831
2012-12-25 22:00:00,104.77436
2012-12-25 23:00:00,57.09319
2012-12-26 00:00:00,29.770922
2012-12-26 01:00:00,11.931684
2012-12-26 02:00:00,3.4776528
2012-12-26 03:00:00,1.6604644
2012-12-26 04:00:00,4.527485
2012-12-26 05:00:00,25.580765
2012-12-26 06:00:00,121.81338
2012-12-26 07:00:00,119.476166
2012-12-26 08:00:00,272.18115
2012-12-26 09:00:00,112.52236
2012-12-26 10:00:00,38.91688
2012-12-26 11:00:00,26.412924
2012-12-26 12:00:00,25.410809
2012-12-26 13:00:00,36.32311
2012-12-26 14:00:00,32.602848
2012-12-26 15:00:00,28.456259
2012-12-26 16:00:00,52.7325
2012-12-26 17:00:00,141.81975
2012-12-26 18:00:00,163.69815
2012-12-26 19:00:00,133.50085
2012-12-26 20:00:00,88.04957
2012-12-26 21:00:00,135.85237
2012-12-26 22:00:00,30.463543
2012-12-26 23:00:00,19.283962
2012-12-27 00:00:00,17.121078
2012-12-27 01:00:00,3.7980678
2012-12-27 02:00:00,3.1600924
2012-12-27 03:00:00,2.5674741
2012-12-27 04:00:00,2.8452513
2012-12-27 05:00:00,35.136772
2012-12-27 06:00:00,92.84904
2012-12-27 07:00:00,370.15564
2012-12-27 08:00:00,552.7346
2012-12-27 09:00:00,245.72675
2012-12-27 10:00:00,119.04805
2012-12-27 11:00:00,130.00096
2012-12-27 12:00:00,144.41898
2012-12-27 13:00:00,147.46121
2012-12-27 14:00:00,111.58091
2012-12-27 15:00:00,129.45244
2012-12-27 16:00:00,203.05847
2012-12-27 17:00:00,423.98734
2012-12-27 18:00:00,383.60965
2012-12-27 19:00:00,265.41235
2012-12-27 20:00:00,227.94208
2012-12-27 21:00:00,140.89052
2012-12-27 22:00:00,91.1633
2012-12-27 23:00:00,59.622265
2012-12-28 00:00:00,29.943275
2012-12-28 01:00:00,18.707937
2012-12-28 02:00:00,7.7222466
2012-12-28 03:00:00,3.2182708
2012-12-28 04:00:00,4.255307
2012-12-28 05:00:00,20.760742
2012-12-28 06:00:00,91.768745
2012-12-28 07:00:00,294.08997
2012-12-28 08:00:00,521.09467
2012-12-28 09:00:00,273.16092
2012-12-28 10:00:00,129.04848
2012-12-28 11:00:00,139.1155
2012-12-28 12:00:00,195.66263
2012-12-28 13:00:00,175.57877
2012-12-28 14:00:00,152.78352
2012-12-28 15:00:00,173.82962
2012-12-28 16:00:00,234.45366
2012-12-28 17:00:00,374.01392
2012-12-28 18:00:00,336.0902
2012-12-28 19:00:00,260.74988
2012-12-28 20:00:00,159.4283
2012-12-28 21:00:00,121.58273
2012-12-28 22:00:00,90.64262
2012-12-28 23:00:00,65.644516
2012-12-29 00:00:00,56.206654
2012-12-29 01:00:00,56.877956
2012-12-29 02:00:00,37.29821
2012-12-29 03:00:00,12.933006
2012-12-29 04:00:00,3.8901768
2012-12-29 05:00:00,1.5955929
2012-12-29 06:00:00,3.102904
2012-12-29 07:00:00,19.748549
2012-12-29 08:00:00,81.00793
2012-12-29 09:00:00,124.88092
2012-12-29 10:00:00,125.9777
2012-12-29 11:00:00,127.281845
2012-12-29 12:00:00,148.35948
2012-12-29 13:00:00,151.81337
2012-12-29 14:00:00,224.05165
2012-12-29 15:00:00,217.4773
2012-12-29 16:00:00,267.67596
2012-12-29 17:00:00,178.37119
2012-12-29 18:00:00,166.03912
2012-12-29 19:00:00,139.96098
2012-12-29 20:00:00,93.281006
2012-12-29 21:00:00,79.77633
2012-12-29 22:00:00,69.777695
2012-12-29 23:00:00,53.233795
2012-12-30 00:00:00,75.360275
2012-12-30 01:00:00,58.060513
2012-12-30 02:00:00,55.310516
2012-12-30 03:00:00,29.646847
2012-12-30 04:00:00,10.745583
2012-12-30 05:00:00,3.3069432
2012-12-30 06:00:00,2.1610608
2012-12-30 07:00:00,16.22206
2012-12-30 08:00:00,58.15591
2012-12-30 09:00:00,95.46689
2012-12-30 10:00:00,135.71301
2012-12-30 11:00:00,194.10565
2012-12-30 12:00:00,222.63293
2012-12-30 13:00:00,209.88602
2012-12-30 14:00:00,215.95908
2012-12-30 15:00:00,233.1794
2012-12-30 16:00:00,219.74281
2012-12-30 17:00:00,165.28085
2012-12-30 18:00:00,131.32036
2012-12-30 19:00:00,114.751915
2012-12-30 20:00:00,86.54883
2012-12-30 21:00:00,65.52131
2012-12-30 22:00:00,50.242924
2012-12-30 23:00:00,25.44101
2012-12-31 00:00:00,24.158653
2012-12-31 01:00:00,10.09123
2012-12-31 02:00:00,4.0098343
2012-12-31 03:00:00,2.743634
2012-12-31 04:00:00,4.1487265
2012-12-31 05:00:00,25.322168
2012-12-31 06:00:00,98.10368
2012-12-31 07:00:00,274.81186
2012-12-31 08:00:00,489.70828
2012-12-31 09:00:00,257.9014
2012-12-31 10:00:00,112.86742
2012-12-31 11:00:00,114.54442
2012-12-31 12:00:00,133.05423
2012-12-31 13:00:00,130.81183
2012-12-31 14:00:00,139.6131
2012-12-31 15:00:00,150.26102
2012-12-31 16:00:00,188.41653
2012-12-31 17:00:00,423.86517
2012-12-31 18:00:00,438.96957
2012-12-31 19:00:00,292.85345
2012-12-31 20:00:00,176.98306
2012-12-31 21:00:00,147.04866
2012-12-31 22:00:00,85.136536
2012-12-31 23:00:00,45.59423
